{"type":"FeatureCollection","crs":{"type":"name","properties":{"name":"EPSG:4326"}},"features":[{"type":"Feature","geometry":{"type":"Polygon","coordinates":[[[-122.034294324945,47.5261114015913],[-122.034361988372,47.516721036315],[-122.058184426562,47.5171544140376],[-122.05807803386,47.5265371528386],[-122.058077929805,47.5265335847581],[-122.034294324945,47.5261114015913]]]},"properties":{"MAP_ID":"K10_A","MINE_ID":"K10","MAP_TITLE":"Issaquah mine, No. 1 Bagley seam","MAP_DETAILS":"Streams, elevations, mine workings","MAP_YEAR":1942,"RMS_ERROR":21.0068,"CONTROL_POINTS":5,"URL":"https://fortress.wa.gov/dnr/geologydata/coal_maps/coal_mine_zip_files/K10_A.zip","TIFsize":373.7,"URL2":"https://fortress.wa.gov/dnr/geologydata/coal_maps/pdfs/K10_A.pdf"}},{"type":"Feature","geometry":{"type":"Polygon","coordinates":[[[-122.034309931353,47.5239459161591],[-122.034356655426,47.5174612421685],[-122.054275952341,47.517785509941],[-122.054191756569,47.5243128860607],[-122.034309931353,47.5239459161591]]]},"properties":{"MAP_ID":"K10_E","MINE_ID":"K10","MAP_TITLE":"Issaquah mine, No. 1 Bagley seam","MAP_DETAILS":"Elevations, contours, lines marking positions of cross sections, cross sections not shown","MAP_YEAR":1951,"RMS_ERROR":18.1279,"CONTROL_POINTS":4,"URL":"https://fortress.wa.gov/dnr/geologydata/coal_maps/coal_mine_zip_files/K10_E.zip","TIFsize":382.6,"URL2":"https://fortress.wa.gov/dnr/geologydata/coal_maps/pdfs/K10_E.pdf"}},{"type":"Feature","geometry":{"type":"Polygon","coordinates":[[[-121.910751099615,47.3107665850571],[-121.91057560515,47.2993007577981],[-121.922046411246,47.2993896739631],[-121.92232849282,47.3107964678934],[-121.910751099615,47.3107665850571]]]},"properties":{"MAP_ID":"K101_A","MINE_ID":"K101","MAP_TITLE":"Map of Occidental Coking Coal Co.","MAP_DETAILS":"Roads, RR tracks, streams, \"Survey No.6 water level by Boyle\"","MAP_YEAR":1910,"RMS_ERROR":9.26996,"CONTROL_POINTS":4,"URL":"https://fortress.wa.gov/dnr/geologydata/coal_maps/coal_mine_zip_files/K101_A.zip","TIFsize":367.2,"URL2":"https://fortress.wa.gov/dnr/geologydata/coal_maps/pdfs/K101_A.pdf"}},{"type":"Feature","geometry":{"type":"Polygon","coordinates":[[[-122.045340657805,47.5230783992225],[-122.044999429043,47.5112776024816],[-122.072396587251,47.5111393030254],[-122.072744427139,47.5229590508406],[-122.045340657805,47.5230783992225]]]},"properties":{"MAP_ID":"K11_F","MINE_ID":"K11","MAP_TITLE":"Map showing survey in Harris Coal Co. mine and relative location of different royalty areas from which coal is recovered","MAP_DETAILS":"Elevations, mine workings, columnar sections","MAP_YEAR":1937,"RMS_ERROR":4.1313,"CONTROL_POINTS":4,"URL":"https://fortress.wa.gov/dnr/geologydata/coal_maps/coal_mine_zip_files/K11_F.zip","TIFsize":19.4,"URL2":"https://fortress.wa.gov/dnr/geologydata/coal_maps/pdfs/K11_F.pdf"}},{"type":"Feature","geometry":{"type":"Polygon","coordinates":[[[-122.06008359937,47.5263020362802],[-122.065318148576,47.5166637420601],[-122.090808751298,47.5231968436449],[-122.085649128261,47.5328590879423],[-122.06008359937,47.5263020362802]]]},"properties":{"MAP_ID":"K12_U","MINE_ID":"K12","MAP_TITLE":"Queen No. 1 mine, No. 2 or upper Bagley seam and Muldoon seam","MAP_DETAILS":"Roads, buildings, streams, elevations, contours, mine workings. Also shows May Creek seam","MAP_YEAR":1953,"RMS_ERROR":2.29,"CONTROL_POINTS":5,"URL":"https://fortress.wa.gov/dnr/geologydata/coal_maps/coal_mine_zip_files/K12_U.zip","TIFsize":285.3,"URL2":"https://fortress.wa.gov/dnr/geologydata/coal_maps/pdfs/K12_U.pdf"}},{"type":"Feature","geometry":{"type":"Polygon","coordinates":[[[-122.093899013225,47.537427560775],[-122.09365624098,47.5245782388117],[-122.132787444696,47.5241313591457],[-122.133180157598,47.5369786272793],[-122.093899013225,47.537427560775]]]},"properties":{"MAP_ID":"K14_A","MINE_ID":"K14","MAP_TITLE":"Coal veins on Coal Creek from surveys made December 1894-January 1895","MAP_DETAILS":"Roads, buildings, streams, elevations, water level gangway and worked out line, line of cave holes and site of air shaft, strike of coal veins","MAP_YEAR":1895,"RMS_ERROR":2.8,"CONTROL_POINTS":5,"URL":"https://fortress.wa.gov/dnr/geologydata/coal_maps/coal_mine_zip_files/K14_A.zip","TIFsize":21.5,"URL2":"https://fortress.wa.gov/dnr/geologydata/coal_maps/pdfs/K14_A.pdf"}},{"type":"Feature","geometry":{"type":"Polygon","coordinates":[[[-122.08791366343,47.5309495836489],[-122.089898410141,47.5249018817193],[-122.109098370954,47.5272314363803],[-122.107306171622,47.5335394910688],[-122.08791366343,47.5309495836489]]]},"properties":{"MAP_ID":"K15_C","MINE_ID":"K15","MAP_TITLE":"B. and R. New Slope mine and showing lower Bagley seam workings","MAP_DETAILS":"Streams, elevations, contours, mine workings","MAP_YEAR":1957,"RMS_ERROR":3.3,"CONTROL_POINTS":5,"URL":"https://fortress.wa.gov/dnr/geologydata/coal_maps/coal_mine_zip_files/K15_C.zip","TIFsize":35.7,"URL2":"https://fortress.wa.gov/dnr/geologydata/coal_maps/pdfs/K15_C.pdf"}},{"type":"Feature","geometry":{"type":"Polygon","coordinates":[[[-122.099309104102,47.5276797801192],[-122.112249657585,47.5275013525796],[-122.112430967276,47.5321115384952],[-122.099467792417,47.5322760006213],[-122.099309104102,47.5276797801192]]]},"properties":{"MAP_ID":"K16_A","MINE_ID":"K16","MAP_TITLE":"Coal Creek mine No. 1 vein (probably equals workings on upper and lower Bagley at new Coal Creek)","MAP_DETAILS":"Roads, buildings, streams, elevations, mine workings","MAP_YEAR":1901,"RMS_ERROR":-9999,"CONTROL_POINTS":3,"URL":"https://fortress.wa.gov/dnr/geologydata/coal_maps/coal_mine_zip_files/K16_A.zip","TIFsize":15.2,"URL2":"https://fortress.wa.gov/dnr/geologydata/coal_maps/pdfs/K16_A.pdf"}},{"type":"Feature","geometry":{"type":"Polygon","coordinates":[[[-122.099726428961,47.5282381385193],[-122.114155909697,47.5280199988925],[-122.114251127529,47.5316364804518],[-122.099819815253,47.5318260829102],[-122.099726428961,47.5282381385193]]]},"properties":{"MAP_ID":"K16_B","MINE_ID":"K16","MAP_TITLE":"Coal Creek No. 2 vein, Klondyke slope written on outside of map","MAP_DETAILS":"Streams, elevations, mine workings-main tunnel, west and east counter gangway","MAP_YEAR":1903,"RMS_ERROR":-9999,"CONTROL_POINTS":3,"URL":"https://fortress.wa.gov/dnr/geologydata/coal_maps/coal_mine_zip_files/K16_B.zip","TIFsize":19.6,"URL2":"https://fortress.wa.gov/dnr/geologydata/coal_maps/pdfs/K16_B.pdf"}},{"type":"Feature","geometry":{"type":"Polygon","coordinates":[[[-122.118505485089,47.5377983362653],[-122.120541307638,47.5298299092643],[-122.139669400669,47.5320042106354],[-122.137698277711,47.5399292500533],[-122.118505485089,47.5377983362653]]]},"properties":{"MAP_ID":"K18_E","MINE_ID":"K18","MAP_TITLE":"Coal Creek (workings in vicinity of Ford slope)","MAP_DETAILS":"Roads, elevations, mine workings. Shows No.3 and No. 4, Bagley and Muldoon. Old Pacific Coast Coal Co. Ford Slope workings dotted in","MAP_YEAR":1938,"RMS_ERROR":-9999,"CONTROL_POINTS":3,"URL":"https://fortress.wa.gov/dnr/geologydata/coal_maps/coal_mine_zip_files/K18_E.zip","TIFsize":27.8,"URL2":"https://fortress.wa.gov/dnr/geologydata/coal_maps/pdfs/K18_E.pdf"}},{"type":"Feature","geometry":{"type":"Polygon","coordinates":[[[-122.108700192304,47.5379903485161],[-122.111661772024,47.5278100642219],[-122.14168867377,47.5317701327426],[-122.138627192239,47.5419526417006],[-122.108700192304,47.5379903485161]]]},"properties":{"MAP_ID":"K18_H","MINE_ID":"K18","MAP_TITLE":"Newcastle Mine (workings in vicinity of Ford slope)","MAP_DETAILS":"Roads, buildings, elevations, mine workings-surface stripping, outcrop workings. Underground mines located-all closed","MAP_YEAR":1942,"RMS_ERROR":5.68,"CONTROL_POINTS":5,"URL":"https://fortress.wa.gov/dnr/geologydata/coal_maps/coal_mine_zip_files/K18_H.zip","TIFsize":36.4,"URL2":"https://fortress.wa.gov/dnr/geologydata/coal_maps/pdfs/K18_H.pdf"}},{"type":"Feature","geometry":{"type":"Polygon","coordinates":[[[-122.141716848505,47.5461283697158],[-122.141808328103,47.5417857157169],[-122.154410237781,47.5419120806417],[-122.154320372384,47.5462737769932],[-122.141716848505,47.5461283697158]]]},"properties":{"MAP_ID":"K24_D","MINE_ID":"K24","MAP_TITLE":"Newcastle King Coal Co. mine","MAP_DETAILS":"Buildings, streams, elevations, mine workings","MAP_YEAR":1940,"RMS_ERROR":-9999,"CONTROL_POINTS":3,"URL":"https://fortress.wa.gov/dnr/geologydata/coal_maps/coal_mine_zip_files/K24_D.zip","TIFsize":22.5,"URL2":"https://fortress.wa.gov/dnr/geologydata/coal_maps/pdfs/K24_D.pdf"}},{"type":"Feature","geometry":{"type":"Polygon","coordinates":[[[-122.142557568995,47.5433498516989],[-122.142695257149,47.5368548910863],[-122.165432415619,47.5374269484864],[-122.165344807197,47.5436356396432],[-122.142557568995,47.5433498516989]]]},"properties":{"MAP_ID":"K27_H","MINE_ID":"K27","MAP_TITLE":"Map showing survey in Baima and Rubitina mine, showing workings in No. 4 seam and lower split No. 3 seam","MAP_DETAILS":"Roads, streams, mine workings, columnar sections","MAP_YEAR":1938,"RMS_ERROR":-9999,"CONTROL_POINTS":3,"URL":"https://fortress.wa.gov/dnr/geologydata/coal_maps/coal_mine_zip_files/K27_H.zip","TIFsize":15,"URL2":"https://fortress.wa.gov/dnr/geologydata/coal_maps/pdfs/K27_H.pdf"}},{"type":"Feature","geometry":{"type":"Polygon","coordinates":[[[-122.090961007611,47.5358066554584],[-122.093679886592,47.525830007794],[-122.172952523901,47.5358574664624],[-122.170816371335,47.5457705347312],[-122.090961007611,47.5358066554584]]]},"properties":{"MAP_ID":"K7_J","MINE_ID":"K7","MAP_TITLE":"Pacific Coast Coal Co. mines","MAP_DETAILS":"Roads, RR tracks, buildings, streams, elevations, mine workings","MAP_YEAR":-9999,"RMS_ERROR":29.6265,"CONTROL_POINTS":5,"URL":"https://fortress.wa.gov/dnr/geologydata/coal_maps/coal_mine_zip_files/K7_J.zip","TIFsize":33.2,"URL2":"https://fortress.wa.gov/dnr/geologydata/coal_maps/pdfs/K7_J.pdf"}},{"type":"Feature","geometry":{"type":"Polygon","coordinates":[[[-122.030667453406,47.5245156652038],[-122.030657913294,47.5149835116815],[-122.079432047101,47.5159386864286],[-122.079450290386,47.5254708279357],[-122.030667453406,47.5245156652038]]]},"properties":{"MAP_ID":"K9_D","MINE_ID":"K9","MAP_TITLE":"Issaquah Mine, No. 1 Bagley seam (with pencil corrections on No. 2 gangway and No. 3 seam)","MAP_DETAILS":"Roads, RR tracks, buildings, streams, elevations, contours, mine workings. Includes McQuade prospect and beginning of Bianco-Queen mine","MAP_YEAR":1923,"RMS_ERROR":43.4,"CONTROL_POINTS":6,"URL":"https://fortress.wa.gov/dnr/geologydata/coal_maps/coal_mine_zip_files/K9_D.zip","TIFsize":34.1,"URL2":"https://fortress.wa.gov/dnr/geologydata/coal_maps/pdfs/K9_D.pdf"}},{"type":"Feature","geometry":{"type":"Polygon","coordinates":[[[-120.89530842744,47.204437137094],[-120.933792798752,47.1696703101482],[-121.049583027146,47.2301066487329],[-121.009722751666,47.2639650939113],[-120.89530842744,47.204437137094]]]},"properties":{"MAP_ID":"KT1_C2","MINE_ID":"KT1","MAP_TITLE":"Northwestern Improvement Co. map of the Roslyn 2 coalfield","MAP_DETAILS":"Roads, RR tracks, buildings, streams, elevations, mine workings","MAP_YEAR":1939,"RMS_ERROR":33.08,"CONTROL_POINTS":13,"URL":"https://fortress.wa.gov/dnr/geologydata/coal_maps/coal_mine_zip_files/KT1_C2.zip","TIFsize":15.7,"URL2":"https://fortress.wa.gov/dnr/geologydata/coal_maps/pdfs/KT1_C2.pdf"}},{"type":"Feature","geometry":{"type":"Polygon","coordinates":[[[-120.868370549673,47.1977179936628],[-120.94100888774,47.1304426431952],[-121.134687783726,47.2293136620334],[-121.062152435477,47.2961361847958],[-120.868370549673,47.1977179936628]]]},"properties":{"MAP_ID":"KT1_D1","MINE_ID":"KT1","MAP_TITLE":"Northwestern Improvement Co. map of the Roslyn 2 coalfield","MAP_DETAILS":"Roads, RR tracks, streams, mine gangways, towns of Cle Elum, Ronald, Roslyn","MAP_YEAR":1949,"RMS_ERROR":50.3,"CONTROL_POINTS":10,"URL":"https://fortress.wa.gov/dnr/geologydata/coal_maps/coal_mine_zip_files/KT1_D1.zip","TIFsize":19,"URL2":"https://fortress.wa.gov/dnr/geologydata/coal_maps/pdfs/KT1_D1.pdf"}},{"type":"Feature","geometry":{"type":"Polygon","coordinates":[[[-121.03156602611,47.249051094043],[-121.031632038581,47.2331145093559],[-121.053016502053,47.2330906392726],[-121.052901317447,47.2490655897344],[-121.03156602611,47.249051094043]]]},"properties":{"MAP_ID":"KT10_B","MINE_ID":"KT10","MAP_TITLE":"Map of the Roslyn Fuel Co.'s  mine No. 3","MAP_DETAILS":"Roads, RR tracks, buildings, elevations, contours, mine workings. Overlays mine No. 1 and mine No. 2","MAP_YEAR":1926,"RMS_ERROR":9.4,"CONTROL_POINTS":7,"URL":"https://fortress.wa.gov/dnr/geologydata/coal_maps/coal_mine_zip_files/KT10_B.zip","TIFsize":15,"URL2":"https://fortress.wa.gov/dnr/geologydata/coal_maps/pdfs/KT10_B.pdf"}},{"type":"Feature","geometry":{"type":"Polygon","coordinates":[[[-121.031568954681,47.2483443124329],[-121.031618587767,47.2322552008498],[-121.0482805572,47.2324251195128],[-121.048109012153,47.2484955258213],[-121.031568954681,47.2483443124329]]]},"properties":{"MAP_ID":"KT11_A","MINE_ID":"KT11","MAP_TITLE":"Mines and property of the Roslyn Fuel Co.","MAP_DETAILS":"RR tracks, buildings, elevations, contours, mine workings. Note: all mine elevations are bottom of coal, magnetic variation 22 degrees, 30 feet","MAP_YEAR":1920,"RMS_ERROR":4.9,"CONTROL_POINTS":6,"URL":"https://fortress.wa.gov/dnr/geologydata/coal_maps/coal_mine_zip_files/KT11_A.zip","TIFsize":12,"URL2":"https://fortress.wa.gov/dnr/geologydata/coal_maps/pdfs/KT11_A.pdf"}},{"type":"Feature","geometry":{"type":"Polygon","coordinates":[[[-121.031193450427,47.2483917657597],[-121.031617089832,47.2327407663691],[-121.048275800865,47.2328708780594],[-121.048109012153,47.2484955258213],[-121.031193450427,47.2483917657597]]]},"properties":{"MAP_ID":"KT12_B","MINE_ID":"KT12","MAP_TITLE":"Map of mine No. 2 and structures","MAP_DETAILS":"Roads, RR tracks, buildings, streams, elevations, contours, mine workings","MAP_YEAR":1920,"RMS_ERROR":9.3,"CONTROL_POINTS":7,"URL":"https://fortress.wa.gov/dnr/geologydata/coal_maps/coal_mine_zip_files/KT12_B.zip","TIFsize":26.6,"URL2":"https://fortress.wa.gov/dnr/geologydata/coal_maps/pdfs/KT12_B.pdf"}},{"type":"Feature","geometry":{"type":"Polygon","coordinates":[[[-121.04046585094,47.2597818713926],[-121.040483668695,47.2424923529003],[-121.06826390098,47.2423779974717],[-121.068252282426,47.259667321367],[-121.04046585094,47.2597818713926]]]},"properties":{"MAP_ID":"KT4_A","MINE_ID":"KT4","MAP_TITLE":"Roslyn area coal development","MAP_DETAILS":"Roads, RR tracks, elevations, contours, mine workings, columnar sections. Also shows Wright, Lake, Blue Flame, Plant and Roslyn No. 3 mines","MAP_YEAR":1943,"RMS_ERROR":-9999,"CONTROL_POINTS":3,"URL":"https://fortress.wa.gov/dnr/geologydata/coal_maps/coal_mine_zip_files/KT4_A.zip","TIFsize":16.5,"URL2":"https://fortress.wa.gov/dnr/geologydata/coal_maps/pdfs/KT4_A.pdf"}},{"type":"Feature","geometry":{"type":"Polygon","coordinates":[[[-121.047903387145,47.2517395372815],[-121.053285993373,47.2517020869386],[-121.053307945496,47.2563785743754],[-121.047889793345,47.2564042924593],[-121.047903387145,47.2517395372815]]]},"properties":{"MAP_ID":"KT5_A","MINE_ID":"KT5 ","MAP_TITLE":"Lakedale mine No. 1","MAP_DETAILS":"RR tracks, buildings, elevations, mine workings. Profile of entry, profile of air course","MAP_YEAR":1910,"RMS_ERROR":-9999,"CONTROL_POINTS":3,"URL":"https://fortress.wa.gov/dnr/geologydata/coal_maps/coal_mine_zip_files/KT5_A.zip","TIFsize":10.4,"URL2":"https://fortress.wa.gov/dnr/geologydata/coal_maps/pdfs/KT5_A.pdf"}},{"type":"Feature","geometry":{"type":"Polygon","coordinates":[[[-121.047360690684,47.2478265355719],[-121.054272610823,47.247775442718],[-121.054223561729,47.2518095704948],[-121.047300526927,47.2518602699162],[-121.047360690684,47.2478265355719]]]},"properties":{"MAP_ID":"KT6_A","MINE_ID":"KT6","MAP_TITLE":"Map of Plant mine","MAP_DETAILS":"RR tracks, buildings, elevations, contours, mine workings","MAP_YEAR":1918,"RMS_ERROR":3.39444,"CONTROL_POINTS":4,"URL":"https://fortress.wa.gov/dnr/geologydata/coal_maps/coal_mine_zip_files/KT6_A.zip","TIFsize":6.1,"URL2":"https://fortress.wa.gov/dnr/geologydata/coal_maps/pdfs/KT6_A.pdf"}},{"type":"Feature","geometry":{"type":"Polygon","coordinates":[[[-121.037739063866,47.2522930902503],[-121.03771477406,47.2466710470382],[-121.0509731678,47.24678515687],[-121.050999453164,47.2524068644807],[-121.037739063866,47.2522930902503]]]},"properties":{"MAP_ID":"KT7_D","MINE_ID":"KT7","MAP_TITLE":"Jonesville Coal Co. mine No. 4, seam No. 6","MAP_DETAILS":"Buildings, mine workings, cross sections. Connects with Roslyn Fuel Co. mine No. 3, No. 6 seam","MAP_YEAR":1947,"RMS_ERROR":1.94377,"CONTROL_POINTS":4,"URL":"https://fortress.wa.gov/dnr/geologydata/coal_maps/coal_mine_zip_files/KT7_D.zip","TIFsize":9.2,"URL2":"https://fortress.wa.gov/dnr/geologydata/coal_maps/pdfs/KT7_D.pdf"}},{"type":"Feature","geometry":{"type":"Polygon","coordinates":[[[-121.03011007096,47.2483017086652],[-121.030068624035,47.2397525794744],[-121.048316970402,47.2398743886356],[-121.048357587649,47.2484257152325],[-121.03011007096,47.2483017086652]]]},"properties":{"MAP_ID":"KT8_A","MINE_ID":"KT8","MAP_TITLE":"Jonesville Coal Co. mine No. 1","MAP_DETAILS":"Roads, RR tracks, buildings, streams, mine workings. Old workings Roslyn Fuel Co. No. 1 mine","MAP_YEAR":1938,"RMS_ERROR":-9999,"CONTROL_POINTS":3,"URL":"https://fortress.wa.gov/dnr/geologydata/coal_maps/coal_mine_zip_files/KT8_A.zip","TIFsize":15.6,"URL2":"https://fortress.wa.gov/dnr/geologydata/coal_maps/pdfs/KT8_A.pdf"}},{"type":"Feature","geometry":{"type":"Polygon","coordinates":[[[-121.031482063336,47.2483030955946],[-121.031298299453,47.2370693777676],[-121.048237826558,47.2372047672684],[-121.048430747495,47.2484399369412],[-121.031482063336,47.2483030955946]]]},"properties":{"MAP_ID":"KT9_B","MINE_ID":"KT9","MAP_TITLE":"Map showing development in Big Vein-mine No. 3 (old workings Roslyn mine No. 2)","MAP_DETAILS":"Roads, buildings, streams, elevations, mine workings. Note: mine finished","MAP_YEAR":1940,"RMS_ERROR":4.76463,"CONTROL_POINTS":4,"URL":"https://fortress.wa.gov/dnr/geologydata/coal_maps/coal_mine_zip_files/KT9_B.zip","TIFsize":20,"URL2":"https://fortress.wa.gov/dnr/geologydata/coal_maps/pdfs/KT9_B.pdf"}},{"type":"Feature","geometry":{"type":"Polygon","coordinates":[[[-121.959742970928,47.5771604120277],[-121.960264955642,47.5306721510065],[-122.037990706307,47.531599519574],[-122.037645999344,47.578229435221],[-121.959742970928,47.5771604120277]]]},"properties":{"MAP_ID":"K3_D","MINE_ID":"K3","MAP_TITLE":"Map showing development","MAP_DETAILS":"Roads, RR tracks, buildings, elevations, mine workings, cross sections. Also shows Issaquah Coal Co. strip mine, Reynolds Coal Co. slope and Black Nugget Coal Co. mine","MAP_YEAR":1945,"RMS_ERROR":16.8809,"CONTROL_POINTS":4,"URL":"https://fortress.wa.gov/dnr/geologydata/coal_maps/coal_mine_zip_files/K3_D.zip","TIFsize":350.1,"URL2":"https://fortress.wa.gov/dnr/geologydata/coal_maps/pdfs/K3_D.pdf"}},{"type":"Feature","geometry":{"type":"Polygon","coordinates":[[[-121.847990000659,47.3165455411875],[-121.848128848561,47.2775086356312],[-121.892685139723,47.2774097710887],[-121.892932268761,47.3165853707749],[-121.847990000659,47.3165455411875]]]},"properties":{"MAP_ID":"K102_C","MINE_ID":"K102","MAP_TITLE":"Pocahontas Coal and Coke Co. map showing property controlled","MAP_DETAILS":"RR tracks, buildings, streams, elevations, contours, mine workings(leased from Northwest Improvement Co.) Shows location of mine and prospects","MAP_YEAR":1920,"RMS_ERROR":37.7878,"CONTROL_POINTS":5,"URL":"https://fortress.wa.gov/dnr/geologydata/coal_maps/coal_mine_zip_files/K102_C.zip","TIFsize":182.8,"URL2":"https://fortress.wa.gov/dnr/geologydata/coal_maps/pdfs/K102_C.pdf"}},{"type":"Feature","geometry":{"type":"Polygon","coordinates":[[[-122.134943547016,47.5384444242617],[-122.135200092994,47.5309150990063],[-122.153220220171,47.5311602520556],[-122.152866797963,47.5388198335292],[-122.134943547016,47.5384444242617]]]},"properties":{"MAP_ID":"K19_I","MINE_ID":"K19","MAP_TITLE":"B. and R. Co.'s Newcastle mines","MAP_DETAILS":"Mine workings","MAP_YEAR":1951,"RMS_ERROR":-9999,"CONTROL_POINTS":2,"URL":"https://fortress.wa.gov/dnr/geologydata/coal_maps/coal_mine_zip_files/K19_I.zip","TIFsize":296.3,"URL2":"https://fortress.wa.gov/dnr/geologydata/coal_maps/pdfs/K19_I.pdf"}},{"type":"Feature","geometry":{"type":"Polygon","coordinates":[[[-122.086246284498,47.5371598272043],[-122.089358440476,47.5259131704352],[-122.136696042282,47.5316664452867],[-122.133521614194,47.5429803938297],[-122.086246284498,47.5371598272043]]]},"properties":{"MAP_ID":"K22_M","MINE_ID":"K22","MAP_TITLE":"Newcastle mine No. 4 seam, Pacific Coast Coal Co.","MAP_DETAILS":"Roads, RR tracks, buildings, streams, elevations, mine workings. Town of Newcastle","MAP_YEAR":1928,"RMS_ERROR":1.92738,"CONTROL_POINTS":4,"URL":"https://fortress.wa.gov/dnr/geologydata/coal_maps/coal_mine_zip_files/K22_M.zip","TIFsize":826.5,"URL2":"https://fortress.wa.gov/dnr/geologydata/coal_maps/pdfs/K22_M.pdf"}},{"type":"Feature","geometry":{"type":"Polygon","coordinates":[[[-122.146445332702,47.545758387018],[-122.146816090947,47.5377177944841],[-122.167774646994,47.538047955766],[-122.167549969207,47.546162730984],[-122.146445332702,47.545758387018]]]},"properties":{"MAP_ID":"K25_A","MINE_ID":"K25","MAP_TITLE":"Map showing location of Newcastle King 4 Coal Co. workings. Also the relative position of these workings to the mined out area in old Newcastle mine","MAP_DETAILS":"Roads, buildings, streams, elevations, mine workings","MAP_YEAR":1933,"RMS_ERROR":-9999,"CONTROL_POINTS":2,"URL":"https://fortress.wa.gov/dnr/geologydata/coal_maps/coal_mine_zip_files/K25_A.zip","TIFsize":278.4,"URL2":"https://fortress.wa.gov/dnr/geologydata/coal_maps/pdfs/K25_A.pdf"}},{"type":"Feature","geometry":{"type":"Polygon","coordinates":[[[-122.175307749147,47.4772764992928],[-122.18442245575,47.4547734228277],[-122.211021480112,47.4597578165727],[-122.201911532583,47.4822597655726],[-122.175307749147,47.4772764992928]]]},"properties":{"MAP_ID":"K31_A","MINE_ID":"K31","MAP_TITLE":"Map of the Seattle Electric Co.'s Renton coal mine","MAP_DETAILS":"Roads, buildings, mine workings. Old Talbot mine included","MAP_YEAR":1919,"RMS_ERROR":14.6779,"CONTROL_POINTS":6,"URL":"https://fortress.wa.gov/dnr/geologydata/coal_maps/coal_mine_zip_files/K31_A.zip","TIFsize":419.1,"URL2":"https://fortress.wa.gov/dnr/geologydata/coal_maps/pdfs/K31_A.pdf"}},{"type":"Feature","geometry":{"type":"Polygon","coordinates":[[[-122.173908303281,47.4847772467944],[-122.173440065312,47.4479379099917],[-122.219824598808,47.4483679466663],[-122.22027330496,47.4852435494334],[-122.173908303281,47.4847772467944]]]},"properties":{"MAP_ID":"K32_B","MINE_ID":"K32","MAP_TITLE":"Mine workings from Geo. Watkin Evans report for Renton Coal Co.","MAP_DETAILS":"Roads, RR tracks, streams, mine workings","MAP_YEAR":1920,"RMS_ERROR":32.568,"CONTROL_POINTS":8,"URL":"https://fortress.wa.gov/dnr/geologydata/coal_maps/coal_mine_zip_files/K32_B.zip","TIFsize":104.4,"URL2":"https://fortress.wa.gov/dnr/geologydata/coal_maps/pdfs/K32_B.pdf"}},{"type":"Feature","geometry":{"type":"Polygon","coordinates":[[[-122.197665503534,47.4578650702552],[-122.200496955574,47.4533845411608],[-122.219630875723,47.4590372102047],[-122.216798997885,47.4635167179408],[-122.197665503534,47.4578650702552]]]},"properties":{"MAP_ID":"K33_C","MINE_ID":"K33","MAP_TITLE":"Sunbeam Mine, Renton Coal Co.","MAP_DETAILS":"Roads, mine workings","MAP_YEAR":1929,"RMS_ERROR":13.4631,"CONTROL_POINTS":4,"URL":"https://fortress.wa.gov/dnr/geologydata/coal_maps/coal_mine_zip_files/K33_C.zip","TIFsize":134.9,"URL2":"https://fortress.wa.gov/dnr/geologydata/coal_maps/pdfs/K33_C.pdf"}},{"type":"Feature","geometry":{"type":"Polygon","coordinates":[[[-122.141996893154,47.4669242170274],[-122.142359320672,47.4341432771871],[-122.239819853115,47.4343679105296],[-122.239416547898,47.4672934500734],[-122.141996893154,47.4669242170274]]]},"properties":{"MAP_ID":"K34_I","MINE_ID":"K34","MAP_TITLE":"Workings in small mines in vicinity of Spring Brook","MAP_DETAILS":"Buildings, elevations, mine workings (this tracing is a copy of map G)","MAP_YEAR":1943,"RMS_ERROR":-9999,"CONTROL_POINTS":2,"URL":"https://fortress.wa.gov/dnr/geologydata/coal_maps/coal_mine_zip_files/K34_I.zip","TIFsize":77.6,"URL2":"https://fortress.wa.gov/dnr/geologydata/coal_maps/pdfs/K34_I.pdf"}},{"type":"Feature","geometry":{"type":"Polygon","coordinates":[[[-122.194353795783,47.4544860013583],[-122.194396114127,47.441850411369],[-122.208766769264,47.4422548501989],[-122.208724586592,47.4548925349702],[-122.194353795783,47.4544860013583]]]},"properties":{"MAP_ID":"K35_D","MINE_ID":"K35","MAP_TITLE":"Spring Brook workings","MAP_DETAILS":"Roads, elevations, mine workings. Note: mine stopped operations on June 24, 1948","MAP_YEAR":1947,"RMS_ERROR":1.75092,"CONTROL_POINTS":4,"URL":"https://fortress.wa.gov/dnr/geologydata/coal_maps/coal_mine_zip_files/K35_D.zip","TIFsize":63.5,"URL2":"https://fortress.wa.gov/dnr/geologydata/coal_maps/pdfs/K35_D.pdf"}},{"type":"Feature","geometry":{"type":"Polygon","coordinates":[[[-122.189283017001,47.4526622302722],[-122.189479478849,47.4435477142858],[-122.208723488831,47.4437378985246],[-122.2084913058,47.4528386286576],[-122.189283017001,47.4526622302722]]]},"properties":{"MAP_ID":"K36_D","MINE_ID":"K36","MAP_TITLE":"Mine map of Spring Brook coal mine","MAP_DETAILS":"Roads, buildings, mine workings","MAP_YEAR":1945,"RMS_ERROR":-9999,"CONTROL_POINTS":2,"URL":"https://fortress.wa.gov/dnr/geologydata/coal_maps/coal_mine_zip_files/K36_D.zip","TIFsize":113.2,"URL2":"https://fortress.wa.gov/dnr/geologydata/coal_maps/pdfs/K36_D.pdf"}},{"type":"Feature","geometry":{"type":"Polygon","coordinates":[[[-122.182476419888,47.445057841829],[-122.197153313664,47.4445767098367],[-122.197047568472,47.4528174542434],[-122.182384293716,47.4533062245345],[-122.182476419888,47.445057841829]]]},"properties":{"MAP_ID":"K37_E","MINE_ID":"K37","MAP_TITLE":"Spring Glen Coal Co. mine","MAP_DETAILS":"Roads, buildings, elevations, mine workings","MAP_YEAR":1947,"RMS_ERROR":8.40209,"CONTROL_POINTS":4,"URL":"https://fortress.wa.gov/dnr/geologydata/coal_maps/coal_mine_zip_files/K37_E.zip","TIFsize":79.1,"URL2":"https://fortress.wa.gov/dnr/geologydata/coal_maps/pdfs/K37_E.pdf"}},{"type":"Feature","geometry":{"type":"Polygon","coordinates":[[[-122.089425352203,47.4488947704906],[-122.105767093914,47.4432525530121],[-122.11571357456,47.4565757470359],[-122.099369347941,47.462217042809],[-122.089425352203,47.4488947704906]]]},"properties":{"MAP_ID":"K38_E","MINE_ID":"K38","MAP_TITLE":"Map of New Black Diamond mine, Discovery seam and Ryan No. 2 seam","MAP_DETAILS":"Elevations, contours, mine workings","MAP_YEAR":1931,"RMS_ERROR":-9999,"CONTROL_POINTS":3,"URL":"https://fortress.wa.gov/dnr/geologydata/coal_maps/coal_mine_zip_files/K38_E.zip","TIFsize":187.5,"URL2":"https://fortress.wa.gov/dnr/geologydata/coal_maps/pdfs/K38_E.pdf"}},{"type":"Feature","geometry":{"type":"Polygon","coordinates":[[[-122.064482634921,47.456017433539],[-122.149696926682,47.4267013898709],[-122.159820339565,47.4399313723692],[-122.07458616467,47.4692274166666],[-122.064482634921,47.456017433539]]]},"properties":{"MAP_ID":"K38_B","MINE_ID":"K38","MAP_TITLE":"Map of New Black Diamond mine composite","MAP_DETAILS":"Roads, RR tracks, buildings, streams, elevations, contours, mine workings, columnar sections","MAP_YEAR":1932,"RMS_ERROR":17.2231,"CONTROL_POINTS":10,"URL":"https://fortress.wa.gov/dnr/geologydata/coal_maps/coal_mine_zip_files/K38_B.zip","TIFsize":775.9,"URL2":"https://fortress.wa.gov/dnr/geologydata/coal_maps/pdfs/K38_B.pdf"}},{"type":"Feature","geometry":{"type":"Polygon","coordinates":[[[-122.100713268017,47.4435245680046],[-122.100849506236,47.4297869988993],[-122.1348142222,47.4299700487416],[-122.134668671947,47.4436938527603],[-122.100713268017,47.4435245680046]]]},"properties":{"MAP_ID":"K39_F","MINE_ID":"K39","MAP_TITLE":"New Lake Young's Coal Co. map showing workings in No. 2 seam, also surface features","MAP_DETAILS":"Roads, RR tracks, buildings, elevations, mine workings","MAP_YEAR":1943,"RMS_ERROR":-9999,"CONTROL_POINTS":2,"URL":"https://fortress.wa.gov/dnr/geologydata/coal_maps/coal_mine_zip_files/K39_F.zip","TIFsize":81.3,"URL2":"https://fortress.wa.gov/dnr/geologydata/coal_maps/pdfs/K39_F.pdf"}},{"type":"Feature","geometry":{"type":"Polygon","coordinates":[[[-122.049357781275,47.4663834112889],[-122.050261090312,47.4462669398281],[-122.121059863322,47.4476846393889],[-122.120208921048,47.467827384685],[-122.049357781275,47.4663834112889]]]},"properties":{"MAP_ID":"K41_A","MINE_ID":"K41","MAP_TITLE":"Jones and Cedar Mountain coal properties-prospects, faults, etc. between RR track and a point 1800 ft south of Jones slope","MAP_DETAILS":"Streams, elevations, contours. Notes and classification of strata found in various prospects","MAP_YEAR":1920,"RMS_ERROR":-9999,"CONTROL_POINTS":2,"URL":"https://fortress.wa.gov/dnr/geologydata/coal_maps/coal_mine_zip_files/K41_A.zip","TIFsize":548.6,"URL2":"https://fortress.wa.gov/dnr/geologydata/coal_maps/pdfs/K41_A.pdf"}},{"type":"Feature","geometry":{"type":"Polygon","coordinates":[[[-122.0568483975,47.4609207815137],[-122.056778156601,47.4433494246928],[-122.083335681522,47.443162190584],[-122.083452257058,47.4607259746094],[-122.0568483975,47.4609207815137]]]},"properties":{"MAP_ID":"K42_N","MINE_ID":"K42","MAP_TITLE":"Mine and property map","MAP_DETAILS":"Roads, RR tracks, buildings, streams, elevations, mine workings. Shows old workings","MAP_YEAR":1937,"RMS_ERROR":16.9196,"CONTROL_POINTS":6,"URL":"https://fortress.wa.gov/dnr/geologydata/coal_maps/coal_mine_zip_files/K42_N.zip","TIFsize":180.5,"URL2":"https://fortress.wa.gov/dnr/geologydata/coal_maps/pdfs/K42_N.pdf"}},{"type":"Feature","geometry":{"type":"Polygon","coordinates":[[[-121.982919067819,47.488315116411],[-121.982883671492,47.4827282842946],[-121.993569235131,47.4826982261016],[-121.993606836665,47.4882869482042],[-121.982919067819,47.488315116411]]]},"properties":{"MAP_ID":"K43_E","MINE_ID":"K43","MAP_TITLE":"Mine map, Tiger Mountain Coal Co.","MAP_DETAILS":"Roads, buildings, streams, mine workings","MAP_YEAR":1940,"RMS_ERROR":-9999,"CONTROL_POINTS":2,"URL":"https://fortress.wa.gov/dnr/geologydata/coal_maps/coal_mine_zip_files/K43_E.zip","TIFsize":101.6,"URL2":"https://fortress.wa.gov/dnr/geologydata/coal_maps/pdfs/K43_E.pdf"}},{"type":"Feature","geometry":{"type":"Polygon","coordinates":[[[-121.874735287377,47.4162353217672],[-121.918507961927,47.4156767315865],[-121.918951380848,47.4303346551486],[-121.875125055054,47.4308635237851],[-121.874735287377,47.4162353217672]]]},"properties":{"MAP_ID":"K45_J","MINE_ID":"K45","MAP_TITLE":"Denny-Renton Clay and Coal Co. map of Taylor mines","MAP_DETAILS":"Roads, RR tracks, buildings, streams, elevations, contours, mine workings","MAP_YEAR":1921,"RMS_ERROR":-9999,"CONTROL_POINTS":3,"URL":"https://fortress.wa.gov/dnr/geologydata/coal_maps/coal_mine_zip_files/K45_J.zip","TIFsize":446.4,"URL2":"https://fortress.wa.gov/dnr/geologydata/coal_maps/pdfs/K45_J.pdf"}},{"type":"Feature","geometry":{"type":"Polygon","coordinates":[[[-121.866561095749,47.3744479310961],[-121.866767088179,47.326202914927],[-121.893456533762,47.3261469968756],[-121.893299966809,47.3744257314369],[-121.866561095749,47.3744479310961]]]},"properties":{"MAP_ID":"K48_A","MINE_ID":"K48","MAP_TITLE":"Durham-Hiawatha-Kangley coalfield","MAP_DETAILS":"Roads, RR tracks, buildings, streams, elevations, contours, mine workings","MAP_YEAR":-9999,"RMS_ERROR":34.8795,"CONTROL_POINTS":6,"URL":"https://fortress.wa.gov/dnr/geologydata/coal_maps/coal_mine_zip_files/K48_A.zip","TIFsize":222,"URL2":"https://fortress.wa.gov/dnr/geologydata/coal_maps/pdfs/K48_A.pdf"}},{"type":"Feature","geometry":{"type":"Polygon","coordinates":[[[-121.868006336978,47.3624243144383],[-121.868438244183,47.3541727482923],[-121.881274245146,47.3544801075229],[-121.880843694143,47.3627337899504],[-121.868006336978,47.3624243144383]]]},"properties":{"MAP_ID":"K50_C","MINE_ID":"K50","MAP_TITLE":"Working map of Parkins slope and vicinity mines","MAP_DETAILS":"RR tracks, streams, elevations, mine workings. Kangley and Alta slopes","MAP_YEAR":1925,"RMS_ERROR":-9999,"CONTROL_POINTS":2,"URL":"https://fortress.wa.gov/dnr/geologydata/coal_maps/coal_mine_zip_files/K50_C.zip","TIFsize":40.5,"URL2":"https://fortress.wa.gov/dnr/geologydata/coal_maps/pdfs/K50_C.pdf"}},{"type":"Feature","geometry":{"type":"Polygon","coordinates":[[[-121.998093100332,47.5444621180874],[-121.998201993462,47.5328555679566],[-122.009654629329,47.5329575962362],[-122.009597351935,47.5445611381031],[-121.998093100332,47.5444621180874]]]},"properties":{"MAP_ID":"K5_B","MINE_ID":"K5","MAP_TITLE":"Map of No. 1 vein","MAP_DETAILS":"RR tracks, buildings, streams, elevations, contours, mine workings","MAP_YEAR":1914,"RMS_ERROR":3.71064,"CONTROL_POINTS":6,"URL":"https://fortress.wa.gov/dnr/geologydata/coal_maps/coal_mine_zip_files/K5_B.zip","TIFsize":181.2,"URL2":"https://fortress.wa.gov/dnr/geologydata/coal_maps/pdfs/K5_B.pdf"}},{"type":"Feature","geometry":{"type":"Polygon","coordinates":[[[-121.998053176056,47.5445544749796],[-121.998201993462,47.5328555679566],[-122.009758927096,47.5329795031679],[-122.009634949628,47.5446905760156],[-121.998053176056,47.5445544749796]]]},"properties":{"MAP_ID":"K5_F","MINE_ID":"K5","MAP_TITLE":"Map of No. 2 vein","MAP_DETAILS":"RR tracks, buildings, streams, elevations, contours, mine workings","MAP_YEAR":1914,"RMS_ERROR":4.65816,"CONTROL_POINTS":6,"URL":"https://fortress.wa.gov/dnr/geologydata/coal_maps/coal_mine_zip_files/K5_F.zip","TIFsize":183.1,"URL2":"https://fortress.wa.gov/dnr/geologydata/coal_maps/pdfs/K5_F.pdf"}},{"type":"Feature","geometry":{"type":"Polygon","coordinates":[[[-121.998029743348,47.544527624486],[-121.99818150274,47.5328059416639],[-122.009754338379,47.532939756595],[-122.009602489195,47.5446641622668],[-121.998029743348,47.544527624486]]]},"properties":{"MAP_ID":"K5_H","MINE_ID":"K5","MAP_TITLE":"Map of No. 3 vein","MAP_DETAILS":"RR tracks, buildings, streams, elevations, contours, mine workings","MAP_YEAR":1914,"RMS_ERROR":3.48958,"CONTROL_POINTS":6,"URL":"https://fortress.wa.gov/dnr/geologydata/coal_maps/coal_mine_zip_files/K5_H.zip","TIFsize":186,"URL2":"https://fortress.wa.gov/dnr/geologydata/coal_maps/pdfs/K5_H.pdf"}},{"type":"Feature","geometry":{"type":"Polygon","coordinates":[[[-121.99808173494,47.5445375345048],[-121.99824261393,47.5328520076189],[-122.009766843508,47.5329463681248],[-122.00961051366,47.5446319183886],[-121.99808173494,47.5445375345048]]]},"properties":{"MAP_ID":"K5_K","MINE_ID":"K5","MAP_TITLE":"Map of No. 7 vein","MAP_DETAILS":"RR tracks, buildings, streams, elevations, contours, mine workings","MAP_YEAR":1914,"RMS_ERROR":3.62513,"CONTROL_POINTS":5,"URL":"https://fortress.wa.gov/dnr/geologydata/coal_maps/coal_mine_zip_files/K5_K.zip","TIFsize":212.6,"URL2":"https://fortress.wa.gov/dnr/geologydata/coal_maps/pdfs/K5_K.pdf"}},{"type":"Feature","geometry":{"type":"Polygon","coordinates":[[[-121.869031721769,47.3534735618514],[-121.869150221405,47.3431531965718],[-121.891378617712,47.3433741972545],[-121.891258704447,47.3536982334201],[-121.869031721769,47.3534735618514]]]},"properties":{"MAP_ID":"K51_A","MINE_ID":"K51","MAP_TITLE":"Map of Hiawatha mine","MAP_DETAILS":"Roads, RR tracks, buildings, streams, elevations, mine workings","MAP_YEAR":1923,"RMS_ERROR":16.561,"CONTROL_POINTS":5,"URL":"https://fortress.wa.gov/dnr/geologydata/coal_maps/coal_mine_zip_files/K51_A.zip","TIFsize":315.1,"URL2":"https://fortress.wa.gov/dnr/geologydata/coal_maps/pdfs/K51_A.pdf"}},{"type":"Feature","geometry":{"type":"Polygon","coordinates":[[[-121.879695547408,47.3442296741597],[-121.880197121584,47.3268500258432],[-121.89302749726,47.3271202389539],[-121.892537198098,47.3445046253629],[-121.879695547408,47.3442296741597]]]},"properties":{"MAP_ID":"K52_D","MINE_ID":"K52","MAP_TITLE":"Durham mines, Palmer Coking Coal Co. ","MAP_DETAILS":"RR tracks, buildings, streams, elevations, contours. Shows old No. 1, No. 1, No. 2, and old No. 2, and the town of Durham. Also shows 1942 water level survey-No. 2 mine","MAP_YEAR":1943,"RMS_ERROR":22.9344,"CONTROL_POINTS":4,"URL":"https://fortress.wa.gov/dnr/geologydata/coal_maps/coal_mine_zip_files/K52_D.zip","TIFsize":103.7,"URL2":"https://fortress.wa.gov/dnr/geologydata/coal_maps/pdfs/K52_D.pdf"}},{"type":"Feature","geometry":{"type":"Polygon","coordinates":[[[-121.881066335966,47.3339244284737],[-121.892767791713,47.333756532968],[-121.892580001268,47.3441896497944],[-121.880875973485,47.3443589356659],[-121.881066335966,47.3339244284737]]]},"properties":{"MAP_ID":"K52_G","MINE_ID":"K52","MAP_TITLE":"Map of workings of New Durham mine","MAP_DETAILS":"Streams, elevations, mine workings","MAP_YEAR":1940,"RMS_ERROR":7.33142,"CONTROL_POINTS":4,"URL":"https://fortress.wa.gov/dnr/geologydata/coal_maps/coal_mine_zip_files/K52_G.zip","TIFsize":84.8,"URL2":"https://fortress.wa.gov/dnr/geologydata/coal_maps/pdfs/K52_G.pdf"}},{"type":"Feature","geometry":{"type":"Polygon","coordinates":[[[-121.890650097921,47.3512078352521],[-121.890361223134,47.3433383785589],[-121.91477543984,47.3431470491305],[-121.915078837808,47.3510219937089],[-121.890650097921,47.3512078352521]]]},"properties":{"MAP_ID":"K53_G","MINE_ID":"K53","MAP_TITLE":"Map of Elk mine","MAP_DETAILS":"RR tracks, buildings, elevations, mine workings","MAP_YEAR":1940,"RMS_ERROR":9.81791,"CONTROL_POINTS":4,"URL":"https://fortress.wa.gov/dnr/geologydata/coal_maps/coal_mine_zip_files/K53_G.zip","TIFsize":310.6,"URL2":"https://fortress.wa.gov/dnr/geologydata/coal_maps/pdfs/K53_G.pdf"}},{"type":"Feature","geometry":{"type":"Polygon","coordinates":[[[-121.886288400267,47.3526125770982],[-121.886204754551,47.3405186052413],[-121.911305329133,47.3405221467359],[-121.911412230904,47.3526306777395],[-121.886288400267,47.3526125770982]]]},"properties":{"MAP_ID":"K53_F","MINE_ID":"K53","MAP_TITLE":"Map of Elk mine","MAP_DETAILS":"RR tracks, buildings, streams, elevations, contours, mine workings. Shows location of Hiawatha and Durham No. 1 and No. 2 seams","MAP_YEAR":1936,"RMS_ERROR":3.81806,"CONTROL_POINTS":4,"URL":"https://fortress.wa.gov/dnr/geologydata/coal_maps/coal_mine_zip_files/K53_F.zip","TIFsize":442,"URL2":"https://fortress.wa.gov/dnr/geologydata/coal_maps/pdfs/K53_F.pdf"}},{"type":"Feature","geometry":{"type":"Polygon","coordinates":[[[-121.970150119365,47.3734346977697],[-121.998931789038,47.362904762124],[-122.006258339014,47.3723059614195],[-121.97748181526,47.382834234408],[-121.970150119365,47.3734346977697]]]},"properties":{"MAP_ID":"K54_F","MINE_ID":"K54","MAP_TITLE":"Danville coal mine","MAP_DETAILS":"Roads, streams, elevations, contours, mine workings. Landsburg workings, Upper Frasier workings","MAP_YEAR":1946,"RMS_ERROR":24.589,"CONTROL_POINTS":4,"URL":"https://fortress.wa.gov/dnr/geologydata/coal_maps/coal_mine_zip_files/K54_F.zip","TIFsize":494.5,"URL2":"https://fortress.wa.gov/dnr/geologydata/coal_maps/pdfs/K54_F.pdf"}},{"type":"Feature","geometry":{"type":"Polygon","coordinates":[[[-121.969112631262,47.3765290065995],[-121.986117004622,47.3594906871438],[-121.998855916423,47.365591603805],[-121.981861504942,47.3826330542288],[-121.969112631262,47.3765290065995]]]},"properties":{"MAP_ID":"K55_L","MINE_ID":"K55","MAP_TITLE":"Landsburg mine, upper level workings, all seams","MAP_DETAILS":"Roads, RR tracks, streams, elevations, mine gangways, cross sections of cave-in area. Shows cave-in area of Rogers vein","MAP_YEAR":1969,"RMS_ERROR":20.9803,"CONTROL_POINTS":6,"URL":"https://fortress.wa.gov/dnr/geologydata/coal_maps/coal_mine_zip_files/K55_L.zip","TIFsize":426.4,"URL2":"https://fortress.wa.gov/dnr/geologydata/coal_maps/pdfs/K55_L.pdf"}},{"type":"Feature","geometry":{"type":"Polygon","coordinates":[[[-121.968144476048,47.3593270553461],[-121.972083047549,47.3164331978938],[-122.002824387552,47.3175311423805],[-121.99891647423,47.3604278054637],[-121.968144476048,47.3593270553461]]]},"properties":{"MAP_ID":"K56_D","MINE_ID":"K56","MAP_TITLE":"NWI Co. map of the Ravensdale mines, McKay, and No. 5 bed workings","MAP_DETAILS":"RR tracks, buildings, streams, mine workings","MAP_YEAR":1936,"RMS_ERROR":46.8486,"CONTROL_POINTS":7,"URL":"https://fortress.wa.gov/dnr/geologydata/coal_maps/coal_mine_zip_files/K56_D.zip","TIFsize":230.1,"URL2":"https://fortress.wa.gov/dnr/geologydata/coal_maps/pdfs/K56_D.pdf"}},{"type":"Feature","geometry":{"type":"Polygon","coordinates":[[[-121.970966452538,47.355724589509],[-121.971797954726,47.3456492888437],[-121.990139366624,47.3463480733629],[-121.989309243337,47.3564265213695],[-121.970966452538,47.355724589509]]]},"properties":{"MAP_ID":"K58_B","MINE_ID":"K58","MAP_TITLE":"Ravensdale mine workings on beds Nos. 1 and 4","MAP_DETAILS":"RR tracks, buildings, streams, elevations, contours, mine workings","MAP_YEAR":1921,"RMS_ERROR":-9999,"CONTROL_POINTS":2,"URL":"https://fortress.wa.gov/dnr/geologydata/coal_maps/coal_mine_zip_files/K58_B.zip","TIFsize":504,"URL2":"https://fortress.wa.gov/dnr/geologydata/coal_maps/pdfs/K58_B.pdf"}},{"type":"Feature","geometry":{"type":"Polygon","coordinates":[[[-121.966269860833,47.3549600407586],[-121.992814386509,47.3402039361317],[-122.002774316834,47.348521019875],[-121.976237401364,47.3632695226195],[-121.966269860833,47.3549600407586]]]},"properties":{"MAP_ID":"K59_C","MINE_ID":"K59","MAP_TITLE":"Working map of the Ravensdale No. 1 mine workings on No. 5 bed","MAP_DETAILS":"RR tracks, buildings, streams, elevations, contours, mine workings. Location of and order in which body was found, list of dead, no. of orphans, etc.","MAP_YEAR":1914,"RMS_ERROR":28.848,"CONTROL_POINTS":5,"URL":"https://fortress.wa.gov/dnr/geologydata/coal_maps/coal_mine_zip_files/K59_C.zip","TIFsize":515.2,"URL2":"https://fortress.wa.gov/dnr/geologydata/coal_maps/pdfs/K59_C.pdf"}},{"type":"Feature","geometry":{"type":"Polygon","coordinates":[[[-121.996041645017,47.5491413313484],[-121.996113782711,47.5340806721114],[-122.009845617443,47.5341665462955],[-122.009787422371,47.5492246289326],[-121.996041645017,47.5491413313484]]]},"properties":{"MAP_ID":"K6_A","MINE_ID":"K6","MAP_TITLE":"Grand Ridge mine, B. and R. Coal Co.","MAP_DETAILS":"RR tracks, buildings, streams, elevations, contours, mine workings","MAP_YEAR":1937,"RMS_ERROR":4.60783,"CONTROL_POINTS":7,"URL":"https://fortress.wa.gov/dnr/geologydata/coal_maps/coal_mine_zip_files/K6_A.zip","TIFsize":270.9,"URL2":"https://fortress.wa.gov/dnr/geologydata/coal_maps/pdfs/K6_A.pdf"}},{"type":"Feature","geometry":{"type":"Polygon","coordinates":[[[-122.001262979048,47.5449858665223],[-122.001427417179,47.5347638191875],[-122.009569068218,47.53478845048],[-122.009404163207,47.5450105359197],[-122.001262979048,47.5449858665223]]]},"properties":{"MAP_ID":"K6_F","MINE_ID":"K6","MAP_TITLE":"Grand Ridge mine, B. and R. Coal Co.","MAP_DETAILS":"Roads, RR tracks, buildings, elevations, mine workings","MAP_YEAR":1942,"RMS_ERROR":5.83229,"CONTROL_POINTS":4,"URL":"https://fortress.wa.gov/dnr/geologydata/coal_maps/coal_mine_zip_files/K6_F.zip","TIFsize":175.1,"URL2":"https://fortress.wa.gov/dnr/geologydata/coal_maps/pdfs/K6_F.pdf"}},{"type":"Feature","geometry":{"type":"Polygon","coordinates":[[[-121.972178664398,47.3462321391755],[-121.973574041274,47.3297492273763],[-121.990077569209,47.3303333008598],[-121.988684908937,47.3468312070098],[-121.972178664398,47.3462321391755]]]},"properties":{"MAP_ID":"K60_N","MINE_ID":"K60","MAP_TITLE":"Map of the Ravensdale No. 2 mine-McKay workings","MAP_DETAILS":"RR tracks, buildings, streams, elevations, contours, mine workings","MAP_YEAR":1949,"RMS_ERROR":24.6502,"CONTROL_POINTS":5,"URL":"https://fortress.wa.gov/dnr/geologydata/coal_maps/coal_mine_zip_files/K60_N.zip","TIFsize":365.2,"URL2":"https://fortress.wa.gov/dnr/geologydata/coal_maps/pdfs/K60_N.pdf"}},{"type":"Feature","geometry":{"type":"Polygon","coordinates":[[[-121.967877371684,47.3473426223186],[-121.968515105677,47.3396537696964],[-121.979603856593,47.3400490870527],[-121.97896637666,47.3477333548635],[-121.967877371684,47.3473426223186]]]},"properties":{"MAP_ID":"K61_A","MINE_ID":"K61","MAP_TITLE":"Map of the New McKay mine","MAP_DETAILS":"Elevations, contours, mine workings","MAP_YEAR":1929,"RMS_ERROR":3.44213,"CONTROL_POINTS":4,"URL":"https://fortress.wa.gov/dnr/geologydata/coal_maps/coal_mine_zip_files/K61_A.zip","TIFsize":233.9,"URL2":"https://fortress.wa.gov/dnr/geologydata/coal_maps/pdfs/K61_A.pdf"}},{"type":"Feature","geometry":{"type":"Polygon","coordinates":[[[-121.972009307869,47.3337214800632],[-121.986081353954,47.3294274269715],[-121.997827413172,47.3482741778469],[-121.983749072365,47.3525784227225],[-121.972009307869,47.3337214800632]]]},"properties":{"MAP_ID":"K62_A","MINE_ID":"K62","MAP_TITLE":"Map of the Dale mine No. 1","MAP_DETAILS":"RR tracks, elevations, contours, mine workings, columnar sections. Ravensdale mine No. 1","MAP_YEAR":1931,"RMS_ERROR":21.7478,"CONTROL_POINTS":5,"URL":"https://fortress.wa.gov/dnr/geologydata/coal_maps/coal_mine_zip_files/K62_A.zip","TIFsize":418.9,"URL2":"https://fortress.wa.gov/dnr/geologydata/coal_maps/pdfs/K62_A.pdf"}},{"type":"Feature","geometry":{"type":"Polygon","coordinates":[[[-121.979502190199,47.3307519137589],[-121.980004305068,47.3234989039812],[-121.996692374379,47.3240249073049],[-121.996192395026,47.331288991815],[-121.979502190199,47.3307519137589]]]},"properties":{"MAP_ID":"K63_F","MINE_ID":"K63","MAP_TITLE":"Mine workings, McKay bed","MAP_DETAILS":"Elevations, mine workings","MAP_YEAR":1940,"RMS_ERROR":-9999,"CONTROL_POINTS":2,"URL":"https://fortress.wa.gov/dnr/geologydata/coal_maps/coal_mine_zip_files/K63_F.zip","TIFsize":334.8,"URL2":"https://fortress.wa.gov/dnr/geologydata/coal_maps/pdfs/K63_F.pdf"}},{"type":"Feature","geometry":{"type":"Polygon","coordinates":[[[-121.952102056096,47.3378481060068],[-121.952245863221,47.3270433962929],[-121.969255471485,47.3271388616355],[-121.969106048472,47.3379484037583],[-121.952102056096,47.3378481060068]]]},"properties":{"MAP_ID":"K64_A","MINE_ID":"K64","MAP_TITLE":"Map of Section Six mine-McKay seam","MAP_DETAILS":"Roads, streams, elevations, contours, mine workings, columnar sections","MAP_YEAR":1937,"RMS_ERROR":3.1941,"CONTROL_POINTS":4,"URL":"https://fortress.wa.gov/dnr/geologydata/coal_maps/coal_mine_zip_files/K64_A.zip","TIFsize":503.7,"URL2":"https://fortress.wa.gov/dnr/geologydata/coal_maps/pdfs/K64_A.pdf"}},{"type":"Feature","geometry":{"type":"Polygon","coordinates":[[[-121.986342065329,47.3317460624021],[-122.001313579393,47.2927461047833],[-122.043059181666,47.3000552948486],[-122.028116079033,47.3390602357484],[-121.986342065329,47.3317460624021]]]},"properties":{"MAP_ID":"K66_B","MINE_ID":"K66","MAP_TITLE":"Map of Black Diamond mines","MAP_DETAILS":"RR tracks, building, streams, elevations, mine workings, profile through Main and Electric slopes. Also shows No. 11, No. 14, and old No. 2. Note: No. 14 mine abandoned April, 1916, mine \"B\" closed down March, 1914","MAP_YEAR":1916,"RMS_ERROR":31.2494,"CONTROL_POINTS":7,"URL":"https://fortress.wa.gov/dnr/geologydata/coal_maps/coal_mine_zip_files/K66_B.zip","TIFsize":286.1,"URL2":"https://fortress.wa.gov/dnr/geologydata/coal_maps/pdfs/K66_B.pdf"}},{"type":"Feature","geometry":{"type":"Polygon","coordinates":[[[-121.982785749921,47.3329855765454],[-121.982994662462,47.3198667938254],[-122.012182348122,47.3199956673534],[-122.01197143088,47.3331042175483],[-121.982785749921,47.3329855765454]]]},"properties":{"MAP_ID":"K68_D","MINE_ID":"K68","MAP_TITLE":"Black Diamond mines","MAP_DETAILS":"Streams, elevations, contours, mine workings","MAP_YEAR":1941,"RMS_ERROR":2.85676,"CONTROL_POINTS":5,"URL":"https://fortress.wa.gov/dnr/geologydata/coal_maps/coal_mine_zip_files/K68_D.zip","TIFsize":598.6,"URL2":"https://fortress.wa.gov/dnr/geologydata/coal_maps/pdfs/K68_D.pdf"}},{"type":"Feature","geometry":{"type":"Polygon","coordinates":[[[-121.990059119959,47.3036288334611],[-121.999355132606,47.2973187163376],[-122.009714933118,47.3043824976925],[-122.000414843114,47.3106920134448],[-121.990059119959,47.3036288334611]]]},"properties":{"MAP_ID":"K69_B","MINE_ID":"K69","MAP_TITLE":"Draghi mine, Draghi Coal Co.","MAP_DETAILS":"Plan of the Draghi mining operations and showing the location of No. 14 and Lawson mines, and also land division in east half of section 14","MAP_YEAR":1954,"RMS_ERROR":-9999,"CONTROL_POINTS":2,"URL":"https://fortress.wa.gov/dnr/geologydata/coal_maps/coal_mine_zip_files/K69_B.zip","TIFsize":202.6,"URL2":"https://fortress.wa.gov/dnr/geologydata/coal_maps/pdfs/K69_B.pdf"}},{"type":"Feature","geometry":{"type":"Polygon","coordinates":[[[-121.974841895855,47.319406007242],[-121.974988910086,47.302514928795],[-121.996168911346,47.3026016048586],[-121.996023929713,47.3194923987428],[-121.974841895855,47.319406007242]]]},"properties":{"MAP_ID":"K70_A","MINE_ID":"K70","MAP_TITLE":"Map of Lawson mine","MAP_DETAILS":"Buildings, elevations. List of men killed-disaster of Nov. 6, 1910","MAP_YEAR":1910,"RMS_ERROR":-9999,"CONTROL_POINTS":2,"URL":"https://fortress.wa.gov/dnr/geologydata/coal_maps/coal_mine_zip_files/K70_A.zip","TIFsize":251.8,"URL2":"https://fortress.wa.gov/dnr/geologydata/coal_maps/pdfs/K70_A.pdf"}},{"type":"Feature","geometry":{"type":"Polygon","coordinates":[[[-121.974124925555,47.3230063691663],[-121.974474448403,47.3131484204787],[-121.996482565069,47.3132394606503],[-121.99613877079,47.3230956506009],[-121.974124925555,47.3230063691663]]]},"properties":{"MAP_ID":"K71_B","MINE_ID":"K71","MAP_TITLE":"Plan showing coal workings","MAP_DETAILS":"Roads, RR tracks, buildings, streams, elevations, contours, mine workings","MAP_YEAR":1888,"RMS_ERROR":27.2796,"CONTROL_POINTS":4,"URL":"https://fortress.wa.gov/dnr/geologydata/coal_maps/coal_mine_zip_files/K71_B.zip","TIFsize":36.8,"URL2":"https://fortress.wa.gov/dnr/geologydata/coal_maps/pdfs/K71_B.pdf"}},{"type":"Feature","geometry":{"type":"Polygon","coordinates":[[[-121.956551046366,47.3196079526767],[-121.956819250451,47.3100731824816],[-121.980638860114,47.3103783354991],[-121.980371010509,47.3199141900574],[-121.956551046366,47.3196079526767]]]},"properties":{"MAP_ID":"K72_A","MINE_ID":"K72","MAP_TITLE":"Franklin Mine No. 7, McKay vein workings","MAP_DETAILS":"Mine workings","MAP_YEAR":1907,"RMS_ERROR":-9999,"CONTROL_POINTS":2,"URL":"https://fortress.wa.gov/dnr/geologydata/coal_maps/coal_mine_zip_files/K72_A.zip","TIFsize":496.5,"URL2":"https://fortress.wa.gov/dnr/geologydata/coal_maps/pdfs/K72_A.pdf"}},{"type":"Feature","geometry":{"type":"Polygon","coordinates":[[[-121.941270037868,47.3224880333521],[-121.941226605518,47.3123143794425],[-121.954824878555,47.3124329016076],[-121.954868343737,47.3226048321878],[-121.941270037868,47.3224880333521]]]},"properties":{"MAP_ID":"K73_C","MINE_ID":"K73","MAP_TITLE":"Okay Coal Co.'s lease of the Okay seams","MAP_DETAILS":"Roads, buildings, streams, elevations, mine workings","MAP_YEAR":1943,"RMS_ERROR":2.47863,"CONTROL_POINTS":4,"URL":"https://fortress.wa.gov/dnr/geologydata/coal_maps/coal_mine_zip_files/K73_C.zip","TIFsize":103.2,"URL2":"https://fortress.wa.gov/dnr/geologydata/coal_maps/pdfs/K73_C.pdf"}},{"type":"Feature","geometry":{"type":"Polygon","coordinates":[[[-121.957454993839,47.322183178086],[-121.957666977362,47.2900104963904],[-121.971888960509,47.290141993247],[-121.971670965338,47.322324564079],[-121.957454993839,47.322183178086]]]},"properties":{"MAP_ID":"K74_D","MINE_ID":"K74","MAP_TITLE":"Black Diamond mine","MAP_DETAILS":"Buildings, streams, elevations, mine workings","MAP_YEAR":1944,"RMS_ERROR":22.842,"CONTROL_POINTS":4,"URL":"https://fortress.wa.gov/dnr/geologydata/coal_maps/coal_mine_zip_files/K74_D.zip","TIFsize":94.8,"URL2":"https://fortress.wa.gov/dnr/geologydata/coal_maps/pdfs/K74_D.pdf"}},{"type":"Feature","geometry":{"type":"Polygon","coordinates":[[[-121.947762726182,47.3177092651992],[-121.947677299242,47.3132588824526],[-121.954618390373,47.3132657925043],[-121.954708294557,47.3177143575379],[-121.947762726182,47.3177092651992]]]},"properties":{"MAP_ID":"K75_A","MINE_ID":"K75","MAP_TITLE":"Hi-heat Coal Co. mine","MAP_DETAILS":"Roads, buildings, mine workings","MAP_YEAR":1935,"RMS_ERROR":13.2883,"CONTROL_POINTS":4,"URL":"https://fortress.wa.gov/dnr/geologydata/coal_maps/coal_mine_zip_files/K75_A.zip","TIFsize":87.8,"URL2":"https://fortress.wa.gov/dnr/geologydata/coal_maps/pdfs/K75_A.pdf"}},{"type":"Feature","geometry":{"type":"Polygon","coordinates":[[[-121.948981706619,47.3114868831144],[-121.955874714937,47.3111755118406],[-121.956048370501,47.3174185854584],[-121.949155233753,47.3177301852301],[-121.948981706619,47.3114868831144]]]},"properties":{"MAP_ID":"K75_G","MINE_ID":"K75","MAP_TITLE":"Hi-heat Coal Co. mine","MAP_DETAILS":"Roads, buildings, elevations, mine workings","MAP_YEAR":1942,"RMS_ERROR":-9999,"CONTROL_POINTS":3,"URL":"https://fortress.wa.gov/dnr/geologydata/coal_maps/coal_mine_zip_files/K75_G.zip","TIFsize":119.3,"URL2":"https://fortress.wa.gov/dnr/geologydata/coal_maps/pdfs/K75_G.pdf"}},{"type":"Feature","geometry":{"type":"Polygon","coordinates":[[[-121.952403077746,47.3159937909263],[-121.9528506461,47.2741389958393],[-121.973863041028,47.2744761364192],[-121.973419572475,47.3163255030995],[-121.952403077746,47.3159937909263]]]},"properties":{"MAP_ID":"K79_D","MINE_ID":"K79","MAP_TITLE":"Franklin mines","MAP_DETAILS":"Roads, RR tracks, buildings, streams, elevations, contours, mine workings","MAP_YEAR":1921,"RMS_ERROR":7.08991,"CONTROL_POINTS":5,"URL":"https://fortress.wa.gov/dnr/geologydata/coal_maps/coal_mine_zip_files/K79_D.zip","TIFsize":234.1,"URL2":"https://fortress.wa.gov/dnr/geologydata/coal_maps/pdfs/K79_D.pdf"}},{"type":"Feature","geometry":{"type":"Polygon","coordinates":[[[-121.950593331609,47.314040278395],[-121.950771916199,47.2914407204415],[-121.965143830833,47.2915848826738],[-121.964968083376,47.3141849695087],[-121.950593331609,47.314040278395]]]},"properties":{"MAP_ID":"K80_G","MINE_ID":"K80","MAP_TITLE":"Franklin mines, Nos. 10 and 12 seams","MAP_DETAILS":"Roads, streams, elevations, mine workings, cross sections","MAP_YEAR":1956,"RMS_ERROR":16.64,"CONTROL_POINTS":5,"URL":"https://fortress.wa.gov/dnr/geologydata/coal_maps/coal_mine_zip_files/K80_G.zip","TIFsize":275.7,"URL2":"https://fortress.wa.gov/dnr/geologydata/coal_maps/pdfs/K80_G.pdf"}},{"type":"Feature","geometry":{"type":"Polygon","coordinates":[[[-121.947521842172,47.2975327858323],[-121.947643862233,47.2858435404437],[-121.962321501612,47.2859573166718],[-121.962196499587,47.2976458000709],[-121.947521842172,47.2975327858323]]]},"properties":{"MAP_ID":"K83_B","MINE_ID":"K83","MAP_TITLE":"Franklin mines, south extension","MAP_DETAILS":"Roads, RR tracks, buildings, streams, elevations, mine workings","MAP_YEAR":1959,"RMS_ERROR":1.07798,"CONTROL_POINTS":4,"URL":"https://fortress.wa.gov/dnr/geologydata/coal_maps/coal_mine_zip_files/K83_B.zip","TIFsize":466.2,"URL2":"https://fortress.wa.gov/dnr/geologydata/coal_maps/pdfs/K83_B.pdf"}},{"type":"Feature","geometry":{"type":"Polygon","coordinates":[[[-121.991377603343,47.2867174072585],[-121.990947359033,47.2699811742609],[-122.002832578232,47.2703412246829],[-122.00326618322,47.28707814106],[-121.991377603343,47.2867174072585]]]},"properties":{"MAP_ID":"K85_J","MINE_ID":"K85","MAP_TITLE":"Map showing workings on No. 1, 3.5, and 4 veins","MAP_DETAILS":"Roads, RR tracks, streams, mine workings","MAP_YEAR":1953,"RMS_ERROR":5.57717,"CONTROL_POINTS":4,"URL":"https://fortress.wa.gov/dnr/geologydata/coal_maps/coal_mine_zip_files/K85_J.zip","TIFsize":185.4,"URL2":"https://fortress.wa.gov/dnr/geologydata/coal_maps/pdfs/K85_J.pdf"}},{"type":"Feature","geometry":{"type":"Polygon","coordinates":[[[-121.99528733852,47.2792692923128],[-121.995434504543,47.2679118383107],[-122.006900769707,47.2678490420622],[-122.006753652729,47.2792106088826],[-121.99528733852,47.2792692923128]]]},"properties":{"MAP_ID":"K86_C","MINE_ID":"K86","MAP_TITLE":"Preliminary map - Kummer clay mine","MAP_DETAILS":"Roads, marsh, clay piles, mine workings, shows location of Morris mine portal","MAP_YEAR":1957,"RMS_ERROR":5.47208,"CONTROL_POINTS":5,"URL":"https://fortress.wa.gov/dnr/geologydata/coal_maps/coal_mine_zip_files/K86_C.zip","TIFsize":204.1,"URL2":"https://fortress.wa.gov/dnr/geologydata/coal_maps/pdfs/K86_C.pdf"}},{"type":"Feature","geometry":{"type":"Polygon","coordinates":[[[-121.971928477299,47.2603441437083],[-121.972019844419,47.2544762524255],[-121.986604725772,47.2543430828707],[-121.986513776974,47.2602087234498],[-121.971928477299,47.2603441437083]]]},"properties":{"MAP_ID":"K90_B","MINE_ID":"K90","MAP_TITLE":"Map showing location of workings in Green River Coal Mining Co. mine","MAP_DETAILS":"Buildings, elevations, mine workings","MAP_YEAR":1935,"RMS_ERROR":4.31611,"CONTROL_POINTS":4,"URL":"https://fortress.wa.gov/dnr/geologydata/coal_maps/coal_mine_zip_files/K90_B.zip","TIFsize":244.4,"URL2":"https://fortress.wa.gov/dnr/geologydata/coal_maps/pdfs/K90_B.pdf"}},{"type":"Feature","geometry":{"type":"Polygon","coordinates":[[[-121.932415716994,47.2904902902367],[-121.932130894334,47.2754328022193],[-121.96507083643,47.2753689341064],[-121.965366760403,47.2904258793432],[-121.932415716994,47.2904902902367]]]},"properties":{"MAP_ID":"K91_C","MINE_ID":"K91","MAP_TITLE":"Map of the property of Hyde Coal Co.","MAP_DETAILS":"Roads, RR tracks, buildings, streams, elevations, contours, mine workings, cross sections. Vicinity map shows: Hyde, Cannon, Navy, Sunset, Independent, and south end of Franklin mines.","MAP_YEAR":1921,"RMS_ERROR":7.46067,"CONTROL_POINTS":4,"URL":"https://fortress.wa.gov/dnr/geologydata/coal_maps/coal_mine_zip_files/K91_C.zip","TIFsize":329.5,"URL2":"https://fortress.wa.gov/dnr/geologydata/coal_maps/pdfs/K91_C.pdf"}},{"type":"Feature","geometry":{"type":"Polygon","coordinates":[[[-121.932064062562,47.285755762907],[-121.932371632138,47.2737723292036],[-121.946792002426,47.2738563753825],[-121.946487276782,47.2858431198072],[-121.932064062562,47.285755762907]]]},"properties":{"MAP_ID":"K92_E","MINE_ID":"K92","MAP_TITLE":"Map of the Olson Fuel Co. (Hyde mine)","MAP_DETAILS":"Roads, RR tracks, buildings, streams, elevations, contours, mine workings, cross sections. Profile of Deep Lake and mine workings","MAP_YEAR":1952,"RMS_ERROR":22.363,"CONTROL_POINTS":5,"URL":"https://fortress.wa.gov/dnr/geologydata/coal_maps/coal_mine_zip_files/K92_E.zip","TIFsize":488.2,"URL2":"https://fortress.wa.gov/dnr/geologydata/coal_maps/pdfs/K92_E.pdf"}},{"type":"Feature","geometry":{"type":"Polygon","coordinates":[[[-121.952329543935,47.3157399470793],[-121.952889440051,47.2761874500922],[-121.974093654482,47.2761176217774],[-121.973547117242,47.3156669964889],[-121.952329543935,47.3157399470793]]]},"properties":{"MAP_ID":"K84_A","MINE_ID":"K84","MAP_TITLE":"Franklin mines-Cannon mines composite","MAP_DETAILS":"Roads, RR tracks, buildings, streams, elevations, contours, mine workings","MAP_YEAR":1922,"RMS_ERROR":8.00068,"CONTROL_POINTS":5,"URL":"https://fortress.wa.gov/dnr/geologydata/coal_maps/coal_mine_zip_files/K84_A.zip","TIFsize":573.9,"URL2":"https://fortress.wa.gov/dnr/geologydata/coal_maps/pdfs/K84_A.pdf"}},{"type":"Feature","geometry":{"type":"Polygon","coordinates":[[[-121.904691991396,47.2783796179014],[-121.904798715611,47.2699448703894],[-121.923374532709,47.2699159490229],[-121.923265895358,47.2783478645472],[-121.904691991396,47.2783796179014]]]},"properties":{"MAP_ID":"K94_C","MINE_ID":"K94","MAP_TITLE":"Sunset mine, National Coal Co.","MAP_DETAILS":"RR tracks, mine workings. Survey on RR right of way","MAP_YEAR":1915,"RMS_ERROR":4.05356,"CONTROL_POINTS":5,"URL":"https://fortress.wa.gov/dnr/geologydata/coal_maps/coal_mine_zip_files/K94_C.zip","TIFsize":229.7,"URL2":"https://fortress.wa.gov/dnr/geologydata/coal_maps/pdfs/K94_C.pdf"}},{"type":"Feature","geometry":{"type":"Polygon","coordinates":[[[-121.905630574231,47.2864180827877],[-121.906202965602,47.2689156603512],[-121.936534142891,47.269232790941],[-121.935977833374,47.2867322338119],[-121.905630574231,47.2864180827877]]]},"properties":{"MAP_ID":"K95_A","MINE_ID":"K95","MAP_TITLE":"Map of Naval Coal Co.","MAP_DETAILS":"RR tracks, buildings, elevations, mine workings. A.k.a. Ozark mine after 1918","MAP_YEAR":1914,"RMS_ERROR":32.3042,"CONTROL_POINTS":7,"URL":"https://fortress.wa.gov/dnr/geologydata/coal_maps/coal_mine_zip_files/K95_A.zip","TIFsize":368.8,"URL2":"https://fortress.wa.gov/dnr/geologydata/coal_maps/pdfs/K95_A.pdf"}},{"type":"Feature","geometry":{"type":"Polygon","coordinates":[[[-121.905983532675,47.2911596190095],[-121.906254392624,47.2808290695738],[-121.923292604712,47.2810320506407],[-121.923028886715,47.2913568672353],[-121.905983532675,47.2911596190095]]]},"properties":{"MAP_ID":"K96_B","MINE_ID":"K96","MAP_TITLE":"Eureka seam workings","MAP_DETAILS":"Roads, RR tracks, buildings, streams, elevations, mine workings","MAP_YEAR":1924,"RMS_ERROR":10.7403,"CONTROL_POINTS":5,"URL":"https://fortress.wa.gov/dnr/geologydata/coal_maps/coal_mine_zip_files/K96_B.zip","TIFsize":255.4,"URL2":"https://fortress.wa.gov/dnr/geologydata/coal_maps/pdfs/K96_B.pdf"}},{"type":"Feature","geometry":{"type":"Polygon","coordinates":[[[-121.908455442377,47.300004951723],[-121.908778643625,47.2901188163405],[-121.93264976968,47.290675068126],[-121.932335809036,47.3005645516948],[-121.908455442377,47.300004951723]]]},"properties":{"MAP_ID":"K97_A","MINE_ID":"K97","MAP_TITLE":"Mine No. 4","MAP_DETAILS":"Roads, RR tracks, elevations, mine workings","MAP_YEAR":1946,"RMS_ERROR":8.24968,"CONTROL_POINTS":4,"URL":"https://fortress.wa.gov/dnr/geologydata/coal_maps/coal_mine_zip_files/K97_A.zip","TIFsize":367.1,"URL2":"https://fortress.wa.gov/dnr/geologydata/coal_maps/pdfs/K97_A.pdf"}},{"type":"Feature","geometry":{"type":"Polygon","coordinates":[[[-121.89881810832,47.2924187342282],[-121.899113417529,47.2777094832366],[-121.912192539492,47.2777973127896],[-121.911902168663,47.2925217241017],[-121.89881810832,47.2924187342282]]]},"properties":{"MAP_ID":"K98_C","MINE_ID":"K98","MAP_TITLE":"Slope on No. 3, New Carbon seam","MAP_DETAILS":"Roads, buildings, streams, elevations, contours, mine workings","MAP_YEAR":1938,"RMS_ERROR":3.51027,"CONTROL_POINTS":4,"URL":"https://fortress.wa.gov/dnr/geologydata/coal_maps/coal_mine_zip_files/K98_C.zip","TIFsize":281.6,"URL2":"https://fortress.wa.gov/dnr/geologydata/coal_maps/pdfs/K98_C.pdf"}},{"type":"Feature","geometry":{"type":"Polygon","coordinates":[[[-121.889512279572,47.3015368898883],[-121.889926979725,47.2911945466627],[-121.912167423475,47.2917291822599],[-121.911755598191,47.3020677530504],[-121.889512279572,47.3015368898883]]]},"properties":{"MAP_ID":"K99_M","MINE_ID":"K99","MAP_TITLE":"Map of property and workings, Daly mine","MAP_DETAILS":"Roads, RR tracks, buildings, streams, elevations, mine workings","MAP_YEAR":1934,"RMS_ERROR":22.718,"CONTROL_POINTS":4,"URL":"https://fortress.wa.gov/dnr/geologydata/coal_maps/coal_mine_zip_files/K99_M.zip","TIFsize":354.5,"URL2":"https://fortress.wa.gov/dnr/geologydata/coal_maps/pdfs/K99_M.pdf"}},{"type":"Feature","geometry":{"type":"Polygon","coordinates":[[[-121.02595930649,47.2485182466221],[-121.026002245347,47.242639538847],[-121.039294109595,47.2426989154227],[-121.039242198453,47.2485715512507],[-121.02595930649,47.2485182466221]]]},"properties":{"MAP_ID":"KT13_A","MINE_ID":"KT13","MAP_TITLE":"Map of the Busy Bee Mining and Development Co.'s property showing workings on 3 1/2 bed","MAP_DETAILS":"Mine workings","MAP_YEAR":1915,"RMS_ERROR":14.6316,"CONTROL_POINTS":5,"URL":"https://fortress.wa.gov/dnr/geologydata/coal_maps/coal_mine_zip_files/KT13_A.zip","TIFsize":218.9,"URL2":"https://fortress.wa.gov/dnr/geologydata/coal_maps/pdfs/KT13_A.pdf"}},{"type":"Feature","geometry":{"type":"Polygon","coordinates":[[[-121.019965568522,47.233239125809],[-121.036189662724,47.2330676440706],[-121.036144556348,47.2464037516242],[-121.019919694768,47.2465871467099],[-121.019965568522,47.233239125809]]]},"properties":{"MAP_ID":"KT14_A","MINE_ID":"KT14","MAP_TITLE":"Map of the Roslyn-Cascade Coal Co.'s mine No. 2","MAP_DETAILS":"Roads, RR tracks, buildings, streams, elevations, contours, mine workings. Town of Ronald","MAP_YEAR":1925,"RMS_ERROR":1.85806,"CONTROL_POINTS":4,"URL":"https://fortress.wa.gov/dnr/geologydata/coal_maps/coal_mine_zip_files/KT14_A.zip","TIFsize":332,"URL2":"https://fortress.wa.gov/dnr/geologydata/coal_maps/pdfs/KT14_A.pdf"}},{"type":"Feature","geometry":{"type":"Polygon","coordinates":[[[-121.022249714153,47.2321485855326],[-121.035916456554,47.2320325492439],[-121.035903530842,47.2465294787395],[-121.022246177636,47.2466490890491],[-121.022249714153,47.2321485855326]]]},"properties":{"MAP_ID":"KT15_A","MINE_ID":"KT15","MAP_TITLE":"Map of the Roslyn-Cascade Coal Co.'s mine No. 3","MAP_DETAILS":"Roads, RR tracks, buildings, streams, elevations, contours, mine workings","MAP_YEAR":1940,"RMS_ERROR":4.88013,"CONTROL_POINTS":4,"URL":"https://fortress.wa.gov/dnr/geologydata/coal_maps/coal_mine_zip_files/KT15_A.zip","TIFsize":303.7,"URL2":"https://fortress.wa.gov/dnr/geologydata/coal_maps/pdfs/KT15_A.pdf"}},{"type":"Feature","geometry":{"type":"Polygon","coordinates":[[[-121.022111395982,47.2498454226005],[-121.022177622305,47.2386933221434],[-121.038656093931,47.2387626011077],[-121.038595011149,47.2499126930615],[-121.022111395982,47.2498454226005]]]},"properties":{"MAP_ID":"KT16_A","MINE_ID":"KT16","MAP_TITLE":"Map of the Roslyn Cascade Coal Co.'s No. 4 mine southern part","MAP_DETAILS":"RR tracks, buildings, streams, elevations, contours, mine workings","MAP_YEAR":1938,"RMS_ERROR":10.3121,"CONTROL_POINTS":6,"URL":"https://fortress.wa.gov/dnr/geologydata/coal_maps/coal_mine_zip_files/KT16_A.zip","TIFsize":294.1,"URL2":"https://fortress.wa.gov/dnr/geologydata/coal_maps/pdfs/KT16_A.pdf"}},{"type":"Feature","geometry":{"type":"Polygon","coordinates":[[[-121.003446000636,47.2596741640756],[-121.003342545012,47.2470621115279],[-121.028125821102,47.246952866161],[-121.028232547793,47.2595606798762],[-121.003446000636,47.2596741640756]]]},"properties":{"MAP_ID":"KT16_B","MINE_ID":"KT16","MAP_TITLE":"Map of mine No. 4 on No. 6 seam","MAP_DETAILS":"buildings, streams","MAP_YEAR":1956,"RMS_ERROR":6.46329,"CONTROL_POINTS":4,"URL":"https://fortress.wa.gov/dnr/geologydata/coal_maps/coal_mine_zip_files/KT16_B.zip","TIFsize":497.4,"URL2":"https://fortress.wa.gov/dnr/geologydata/coal_maps/pdfs/KT16_B.pdf"}},{"type":"Feature","geometry":{"type":"Polygon","coordinates":[[[-121.025789657786,47.2628749684652],[-121.025805452585,47.2543470114096],[-121.037646737845,47.2544552026025],[-121.037634640349,47.2629888760184],[-121.025789657786,47.2628749684652]]]},"properties":{"MAP_ID":"KT16_D","MINE_ID":"KT16","MAP_TITLE":"Annex to No. 4 mine","MAP_DETAILS":"Elevations, contours, mine workings","MAP_YEAR":1953,"RMS_ERROR":3.28283,"CONTROL_POINTS":4,"URL":"https://fortress.wa.gov/dnr/geologydata/coal_maps/coal_mine_zip_files/KT16_D.zip","TIFsize":159.6,"URL2":"https://fortress.wa.gov/dnr/geologydata/coal_maps/pdfs/KT16_D.pdf"}},{"type":"Feature","geometry":{"type":"Polygon","coordinates":[[[-121.004143733046,47.2469363535546],[-121.03124748679,47.2467261691449],[-121.031326273436,47.2562689876744],[-121.004207945963,47.2564828769313],[-121.004143733046,47.2469363535546]]]},"properties":{"MAP_ID":"KT17_A","MINE_ID":"KT17","MAP_TITLE":"Roslyn-Cascade Coal Co. mine No. 1","MAP_DETAILS":"RR tracks, buildings, elevations, contours, mine workings","MAP_YEAR":1940,"RMS_ERROR":5.32501,"CONTROL_POINTS":5,"URL":"https://fortress.wa.gov/dnr/geologydata/coal_maps/coal_mine_zip_files/KT17_A.zip","TIFsize":480.4,"URL2":"https://fortress.wa.gov/dnr/geologydata/coal_maps/pdfs/KT17_A.pdf"}},{"type":"Feature","geometry":{"type":"Polygon","coordinates":[[[-121.863030720601,47.2652107619299],[-121.933446262433,47.2642170008919],[-121.935860931771,47.3130297669381],[-121.865282027112,47.3140084714477],[-121.863030720601,47.2652107619299]]]},"properties":{"MAP_ID":"K0_A","MINE_ID":"K0","MAP_TITLE":"Regional composite map","MAP_DETAILS":"Composite of Boldes, Carbon, Gibbons No. 3, and Lizzard Mountain Coal mine maps","MAP_YEAR":1972,"RMS_ERROR":25.5712,"CONTROL_POINTS":5,"URL":"https://fortress.wa.gov/dnr/geologydata/coal_maps/coal_mine_zip_files/K0_A.zip","TIFsize":591,"URL2":"https://fortress.wa.gov/dnr/geologydata/coal_maps/pdfs/K0_A.pdf"}},{"type":"Feature","geometry":{"type":"Polygon","coordinates":[[[-122.151159474043,47.5428417663048],[-122.151290787218,47.5308418697919],[-122.166087621767,47.5307552792927],[-122.165961244119,47.5427552409382],[-122.151159474043,47.5428417663048]]]},"properties":{"MAP_ID":"K7_I","MINE_ID":"K7","MAP_TITLE":"Pacific Coast Coal Co. New Castle mines","MAP_DETAILS":"Mine property","MAP_YEAR":-9999,"RMS_ERROR":17.3147,"CONTROL_POINTS":4,"URL":"https://fortress.wa.gov/dnr/geologydata/coal_maps/coal_mine_zip_files/K7_I.zip","TIFsize":301.5,"URL2":"https://fortress.wa.gov/dnr/geologydata/coal_maps/pdfs/K7_I.pdf"}},{"type":"Feature","geometry":{"type":"Polygon","coordinates":[[[-121.978119633027,47.5694971665594],[-121.990110022985,47.5378806278378],[-122.019983274546,47.5433077812957],[-122.00801006676,47.5749262288293],[-121.978119633027,47.5694971665594]]]},"properties":{"MAP_ID":"K3_A","MINE_ID":"K3","MAP_TITLE":"Map showing survey at Black Nugget mine","MAP_DETAILS":"Roads, buildings, elevations, mine workings. Shows location of Reynolds workings","MAP_YEAR":1938,"RMS_ERROR":5.91688,"CONTROL_POINTS":4,"URL":"https://fortress.wa.gov/dnr/geologydata/coal_maps/coal_mine_zip_files/K3_A.zip","TIFsize":199.1,"URL2":"https://fortress.wa.gov/dnr/geologydata/coal_maps/pdfs/K3_A.pdf"}},{"type":"Feature","geometry":{"type":"Polygon","coordinates":[[[-121.973420304761,47.5761791072662],[-121.988657145475,47.5292711719685],[-122.029052747761,47.5368093120007],[-122.01386229071,47.5837245788063],[-121.973420304761,47.5761791072662]]]},"properties":{"MAP_ID":"K3_B","MINE_ID":"K3","MAP_TITLE":"Map showing survey at Black Nugget mine","MAP_DETAILS":"Roads, buildings, elevations, mine workings","MAP_YEAR":1938,"RMS_ERROR":18.2438,"CONTROL_POINTS":6,"URL":"https://fortress.wa.gov/dnr/geologydata/coal_maps/coal_mine_zip_files/K3_B.zip","TIFsize":170.5,"URL2":"https://fortress.wa.gov/dnr/geologydata/coal_maps/pdfs/K3_B.pdf"}},{"type":"Feature","geometry":{"type":"Polygon","coordinates":[[[-121.971966838424,47.5764416392913],[-121.991410657391,47.5286726664087],[-122.031512229043,47.5363659618385],[-122.012103431216,47.5841434969879],[-121.971966838424,47.5764416392913]]]},"properties":{"MAP_ID":"K3_C","MINE_ID":"K3","MAP_TITLE":"Map showing survey at Black Nugget mine","MAP_DETAILS":"Roads, buildings, elevations, mine workings","MAP_YEAR":1939,"RMS_ERROR":3.1747,"CONTROL_POINTS":4,"URL":"https://fortress.wa.gov/dnr/geologydata/coal_maps/coal_mine_zip_files/K3_C.zip","TIFsize":387.1,"URL2":"https://fortress.wa.gov/dnr/geologydata/coal_maps/pdfs/K3_C.pdf"}},{"type":"Feature","geometry":{"type":"Polygon","coordinates":[[[-121.985893505972,47.5581838404319],[-122.035804149725,47.5382934482884],[-122.0411727885,47.5442565178948],[-121.991259544657,47.56414890851],[-121.985893505972,47.5581838404319]]]},"properties":{"MAP_ID":"K4_A","MINE_ID":"K4","MAP_TITLE":"Map for Reynolds Coal Co.","MAP_DETAILS":"Roads, buildings, mine workings","MAP_YEAR":1934,"RMS_ERROR":20.2924,"CONTROL_POINTS":6,"URL":"https://fortress.wa.gov/dnr/geologydata/coal_maps/coal_mine_zip_files/K4_A.zip","TIFsize":408.4,"URL2":"https://fortress.wa.gov/dnr/geologydata/coal_maps/pdfs/K4_A.pdf"}},{"type":"Feature","geometry":{"type":"Polygon","coordinates":[[[-121.986614531257,47.5633163129703],[-121.986812680817,47.5490527697921],[-121.999879699977,47.5492061373014],[-121.999686296702,47.5634692094767],[-121.986614531257,47.5633163129703]]]},"properties":{"MAP_ID":"K4_F","MINE_ID":"K4","MAP_TITLE":"Reynolds Coal Co. mine, Black Nugget Coal Co. mine","MAP_DETAILS":"Roads, buildings, mine workings","MAP_YEAR":1940,"RMS_ERROR":10.5538,"CONTROL_POINTS":6,"URL":"https://fortress.wa.gov/dnr/geologydata/coal_maps/coal_mine_zip_files/K4_F.zip","TIFsize":293.6,"URL2":"https://fortress.wa.gov/dnr/geologydata/coal_maps/pdfs/K4_F.pdf"}},{"type":"Feature","geometry":{"type":"Polygon","coordinates":[[[-121.989593586037,47.5611588367406],[-121.989826148257,47.5572130484038],[-121.995539685061,47.5576087136873],[-121.99530778452,47.561554490695],[-121.989593586037,47.5611588367406]]]},"properties":{"MAP_ID":"K4_B","MINE_ID":"K4","MAP_TITLE":"Reynolds Coal Co.","MAP_DETAILS":"Roads, buildings, elevations, mine workings","MAP_YEAR":1935,"RMS_ERROR":8.54636,"CONTROL_POINTS":4,"URL":"https://fortress.wa.gov/dnr/geologydata/coal_maps/coal_mine_zip_files/K4_B.zip","TIFsize":129.8,"URL2":"https://fortress.wa.gov/dnr/geologydata/coal_maps/pdfs/K4_B.pdf"}},{"type":"Feature","geometry":{"type":"MultiPolygon","coordinates":[[[[-121.997570051069,47.5638475329495],[-121.987425529385,47.5622137533395],[-121.992040712287,47.5500934378521],[-122.002182997394,47.551726668931],[-121.997570051069,47.5638475329495]]],[[[-121.997570051069,47.5638475329495],[-121.99757021659,47.5638475587081],[-121.997570039894,47.5638475609788],[-121.997570051069,47.5638475329495]]]]},"properties":{"MAP_ID":"K4_C","MINE_ID":"K4","MAP_TITLE":"Reynolds Coal Co. showing survey locating workings in relation to different royalty areas","MAP_DETAILS":"Roads, buildings, elevations, mine workings, columnar sections","MAP_YEAR":1936,"RMS_ERROR":1.53361,"CONTROL_POINTS":4,"URL":"https://fortress.wa.gov/dnr/geologydata/coal_maps/coal_mine_zip_files/K4_C.zip","TIFsize":320.9,"URL2":"https://fortress.wa.gov/dnr/geologydata/coal_maps/pdfs/K4_C.pdf"}},{"type":"Feature","geometry":{"type":"Polygon","coordinates":[[[-121.987432210513,47.5621746003833],[-121.992109373253,47.5500111680594],[-122.002166036,47.5518504675712],[-121.997485524025,47.5640085548484],[-121.987432210513,47.5621746003833]]]},"properties":{"MAP_ID":"K4_E","MINE_ID":"K4","MAP_TITLE":"Map showing survey locating workings in relation to different royalty areas","MAP_DETAILS":"Buildings, elevations, mine workings","MAP_YEAR":1939,"RMS_ERROR":2.97815,"CONTROL_POINTS":6,"URL":"https://fortress.wa.gov/dnr/geologydata/coal_maps/coal_mine_zip_files/K4_E.zip","TIFsize":260.9,"URL2":"https://fortress.wa.gov/dnr/geologydata/coal_maps/pdfs/K4_E.pdf"}},{"type":"Feature","geometry":{"type":"Polygon","coordinates":[[[-121.985076564739,47.557506860942],[-121.99579212331,47.5550105355582],[-122.001050385255,47.5596464978797],[-121.990332347959,47.5621436395255],[-121.985076564739,47.557506860942]]]},"properties":{"MAP_ID":"K4_D","MINE_ID":"K4","MAP_TITLE":"Reynolds Coal Co.","MAP_DETAILS":"Roads, buildings, elevations, mine workings","MAP_YEAR":1936,"RMS_ERROR":-9999,"CONTROL_POINTS":3,"URL":"https://fortress.wa.gov/dnr/geologydata/coal_maps/coal_mine_zip_files/K4_D.zip","TIFsize":259.1,"URL2":"https://fortress.wa.gov/dnr/geologydata/coal_maps/pdfs/K4_D.pdf"}},{"type":"Feature","geometry":{"type":"Polygon","coordinates":[[[-121.993321809396,47.54419126562],[-121.993490097273,47.5297482840071],[-122.014811336902,47.5300340579649],[-122.014646152942,47.5444767334837],[-121.993321809396,47.54419126562]]]},"properties":{"MAP_ID":"K5_Q","MINE_ID":"K5","MAP_TITLE":"Mine map, Grand Ridge mine","MAP_DETAILS":"Roads, RR tracks, buildings, streams, elevations, contours, mine workings","MAP_YEAR":1917,"RMS_ERROR":2.29634,"CONTROL_POINTS":5,"URL":"https://fortress.wa.gov/dnr/geologydata/coal_maps/coal_mine_zip_files/K5_Q.zip","TIFsize":212.7,"URL2":"https://fortress.wa.gov/dnr/geologydata/coal_maps/pdfs/K5_Q.pdf"}},{"type":"Feature","geometry":{"type":"Polygon","coordinates":[[[-121.995741581696,47.555095528795],[-121.995961680043,47.5320532257049],[-122.009852396374,47.5321595898221],[-122.009634597566,47.555201290513],[-121.995741581696,47.555095528795]]]},"properties":{"MAP_ID":"K5_R","MINE_ID":"K5","MAP_TITLE":"Mine map, Grand Ridge mine","MAP_DETAILS":"RR tracks, buildings, streams, elevations, contours, mine workings","MAP_YEAR":1920,"RMS_ERROR":3.79934,"CONTROL_POINTS":6,"URL":"https://fortress.wa.gov/dnr/geologydata/coal_maps/coal_mine_zip_files/K5_R.zip","TIFsize":176.1,"URL2":"https://fortress.wa.gov/dnr/geologydata/coal_maps/pdfs/K5_R.pdf"}},{"type":"Feature","geometry":{"type":"Polygon","coordinates":[[[-122.00119686494,47.5449625225129],[-122.00128389059,47.5347393042919],[-122.009591584472,47.5348015700676],[-122.009505083458,47.5450246924439],[-122.00119686494,47.5449625225129]]]},"properties":{"MAP_ID":"K6_B","MINE_ID":"K6","MAP_TITLE":"Grand Ridge mine, Central Coal Co.","MAP_DETAILS":"RR tracks, elevations, mine workings","MAP_YEAR":1938,"RMS_ERROR":1.67259,"CONTROL_POINTS":4,"URL":"https://fortress.wa.gov/dnr/geologydata/coal_maps/coal_mine_zip_files/K6_B.zip","TIFsize":178.2,"URL2":"https://fortress.wa.gov/dnr/geologydata/coal_maps/pdfs/K6_B.pdf"}},{"type":"Feature","geometry":{"type":"Polygon","coordinates":[[[-122.001179303047,47.5449495812741],[-122.001278736424,47.5347132487222],[-122.009630656503,47.5347764204886],[-122.009531885733,47.5450143008301],[-122.001179303047,47.5449495812741]]]},"properties":{"MAP_ID":"K6_C","MINE_ID":"K6","MAP_TITLE":"Grand Ridge mine, Central Coal Co.","MAP_DETAILS":"Roads, RR tracks, buildings, elevations, mine workings","MAP_YEAR":1939,"RMS_ERROR":2.46736,"CONTROL_POINTS":4,"URL":"https://fortress.wa.gov/dnr/geologydata/coal_maps/coal_mine_zip_files/K6_C.zip","TIFsize":176.4,"URL2":"https://fortress.wa.gov/dnr/geologydata/coal_maps/pdfs/K6_C.pdf"}},{"type":"Feature","geometry":{"type":"Polygon","coordinates":[[[-122.001274623208,47.544982393555],[-122.001325792753,47.5347396196838],[-122.009573312745,47.534792278831],[-122.009523038439,47.545037601273],[-122.009522949947,47.5450375727345],[-122.001274623208,47.544982393555]]]},"properties":{"MAP_ID":"K6_D","MINE_ID":"K6","MAP_TITLE":"Grand Ridge mine, Central Coal Co.","MAP_DETAILS":"Roads, RR tracks, buildings, streams, elevations, mine workings","MAP_YEAR":1940,"RMS_ERROR":6.27775,"CONTROL_POINTS":5,"URL":"https://fortress.wa.gov/dnr/geologydata/coal_maps/coal_mine_zip_files/K6_D.zip","TIFsize":180,"URL2":"https://fortress.wa.gov/dnr/geologydata/coal_maps/pdfs/K6_D.pdf"}},{"type":"Feature","geometry":{"type":"Polygon","coordinates":[[[-122.001185038574,47.544973456844],[-122.001270542029,47.534982513751],[-122.009614215762,47.5350474801646],[-122.009530632071,47.5450383385596],[-122.001185038574,47.544973456844]]]},"properties":{"MAP_ID":"K6_E","MINE_ID":"K6","MAP_TITLE":"Grand Ridge mine, Central Coal Co.","MAP_DETAILS":"Roads, RR tracks, streams, elevations, mine workings","MAP_YEAR":1941,"RMS_ERROR":2.28015,"CONTROL_POINTS":4,"URL":"https://fortress.wa.gov/dnr/geologydata/coal_maps/coal_mine_zip_files/K6_E.zip","TIFsize":179.5,"URL2":"https://fortress.wa.gov/dnr/geologydata/coal_maps/pdfs/K6_E.pdf"}},{"type":"Feature","geometry":{"type":"Polygon","coordinates":[[[-122.094265790245,47.5383546782517],[-122.099098345153,47.5204527383994],[-122.171778309018,47.5292492117076],[-122.166975530003,47.5471527387511],[-122.094265790245,47.5383546782517]]]},"properties":{"MAP_ID":"K7_A","MINE_ID":"K7","MAP_TITLE":"Map of Newcastle coalfield","MAP_DETAILS":"Elevations, mine gangways, columnar sections","MAP_YEAR":1916,"RMS_ERROR":10.329,"CONTROL_POINTS":4,"URL":"https://fortress.wa.gov/dnr/geologydata/coal_maps/coal_mine_zip_files/K7_A.zip","TIFsize":317.2,"URL2":"https://fortress.wa.gov/dnr/geologydata/coal_maps/pdfs/K7_A.pdf"}},{"type":"Feature","geometry":{"type":"Polygon","coordinates":[[[-122.004607948665,47.5452048168196],[-122.003484382567,47.5110697479025],[-122.165510907688,47.512965303997],[-122.166727070095,47.5470986511673],[-122.004607948665,47.5452048168196]]]},"properties":{"MAP_ID":"K7_B","MINE_ID":"K7","MAP_TITLE":"Map of Newcastle-Issaquah mine","MAP_DETAILS":"Roads, RR tracks, buildings, streams, elevations, contours, mine workings, columnar sections, cross sections","MAP_YEAR":1923,"RMS_ERROR":51.3088,"CONTROL_POINTS":5,"URL":"https://fortress.wa.gov/dnr/geologydata/coal_maps/coal_mine_zip_files/K7_B.zip","TIFsize":352.5,"URL2":"https://fortress.wa.gov/dnr/geologydata/coal_maps/pdfs/K7_B.pdf"}},{"type":"Feature","geometry":{"type":"Polygon","coordinates":[[[-122.091019127735,47.5357405772283],[-122.093646183591,47.5262707325567],[-122.203991284742,47.5396288968837],[-122.201385143188,47.5491013591949],[-122.091019127735,47.5357405772283]]]},"properties":{"MAP_ID":"K7_C","MINE_ID":"K7","MAP_TITLE":"Newcastle mine composite- also Newcastle mines","MAP_DETAILS":"Roads, RR tracks, buildings, streams, elevations, mine workings, cross sections","MAP_YEAR":1924,"RMS_ERROR":19.074,"CONTROL_POINTS":6,"URL":"https://fortress.wa.gov/dnr/geologydata/coal_maps/coal_mine_zip_files/K7_C.zip","TIFsize":612.4,"URL2":"https://fortress.wa.gov/dnr/geologydata/coal_maps/pdfs/K7_C.pdf"}},{"type":"Feature","geometry":{"type":"Polygon","coordinates":[[[-122.005004764478,47.5452971075748],[-122.004522364559,47.5112960547504],[-122.164819491809,47.5126264694239],[-122.165401777249,47.5466266910808],[-122.005004764478,47.5452971075748]]]},"properties":{"MAP_ID":"K7_D","MINE_ID":"K7","MAP_TITLE":"Map of Newcastle-Issaquah mines","MAP_DETAILS":"Roads, RR tracks, buildings, streams, elevations, contours, mine workings, columnar sections, cross sections","MAP_YEAR":1929,"RMS_ERROR":34.1069,"CONTROL_POINTS":5,"URL":"https://fortress.wa.gov/dnr/geologydata/coal_maps/coal_mine_zip_files/K7_D.zip","TIFsize":625.2,"URL2":"https://fortress.wa.gov/dnr/geologydata/coal_maps/pdfs/K7_D.pdf"}},{"type":"Feature","geometry":{"type":"Polygon","coordinates":[[[-122.097691820057,47.5385983635871],[-122.097706912695,47.527070277304],[-122.133539182648,47.5274187556163],[-122.133528777847,47.5389450466019],[-122.097691820057,47.5385983635871]]]},"properties":{"MAP_ID":"K7_H","MINE_ID":"K7","MAP_TITLE":"Untitled, Working Drawing in color, undated","MAP_DETAILS":"RR tracks, buildings, mine workings","MAP_YEAR":-9999,"RMS_ERROR":2.66277,"CONTROL_POINTS":4,"URL":"https://fortress.wa.gov/dnr/geologydata/coal_maps/coal_mine_zip_files/K7_H.zip","TIFsize":640.8,"URL2":"https://fortress.wa.gov/dnr/geologydata/coal_maps/pdfs/K7_H.pdf"}},{"type":"Feature","geometry":{"type":"Polygon","coordinates":[[[-122.004431619233,47.5449373914058],[-122.003758806632,47.5109321577626],[-122.165962160182,47.5132313243392],[-122.166738146858,47.5472382767793],[-122.004431619233,47.5449373914058]]]},"properties":{"MAP_ID":"K7_E","MINE_ID":"K7","MAP_TITLE":"Map of Newcastle-Issaquah mines","MAP_DETAILS":"Roads, RR tracks, buildings, streams, elevations, contours, mine workings, columnar sections, cross sections. Additional pencil notations","MAP_YEAR":1929,"RMS_ERROR":31.5626,"CONTROL_POINTS":5,"URL":"https://fortress.wa.gov/dnr/geologydata/coal_maps/coal_mine_zip_files/K7_E.zip","TIFsize":343,"URL2":"https://fortress.wa.gov/dnr/geologydata/coal_maps/pdfs/K7_E.pdf"}},{"type":"Feature","geometry":{"type":"Polygon","coordinates":[[[-121.958800839952,47.5500738177712],[-121.958253710713,47.5081050372645],[-122.128380986724,47.509720368877],[-122.129030528581,47.5516632640317],[-121.958800839952,47.5500738177712]]]},"properties":{"MAP_ID":"K8_A","MINE_ID":"K8","MAP_TITLE":"Property map of the Issaquah and Superior Coal Mining Co.","MAP_DETAILS":"RR tracks, buildings, streams, elevations, columnar sections, mine workings. Includes Grand Ridge mine on east and Old Coal Creek mine on west. Extent of workable coal area, geological details of beds, datum planes of various coal beds, and tonnage tables","MAP_YEAR":1912,"RMS_ERROR":29.7504,"CONTROL_POINTS":4,"URL":"https://fortress.wa.gov/dnr/geologydata/coal_maps/coal_mine_zip_files/K8_A.zip","TIFsize":683.1,"URL2":"https://fortress.wa.gov/dnr/geologydata/coal_maps/pdfs/K8_A.pdf"}},{"type":"Feature","geometry":{"type":"Polygon","coordinates":[[[-122.034944135925,47.529958066139],[-122.035058272664,47.522081180807],[-122.083217694391,47.5229320308657],[-122.083109829129,47.5308071738248],[-122.034944135925,47.529958066139]]]},"properties":{"MAP_ID":"K9_A","MINE_ID":"K9","MAP_TITLE":"Mine map (not labeled)","MAP_DETAILS":"Roads, RR tracks, buildings, streams, elevations, contours, mine workings. All workings of mine in outline, with Bagley workings in detail. Shows locations of faults.","MAP_YEAR":1919,"RMS_ERROR":30.1506,"CONTROL_POINTS":4,"URL":"https://fortress.wa.gov/dnr/geologydata/coal_maps/coal_mine_zip_files/K9_A.zip","TIFsize":416.7,"URL2":"https://fortress.wa.gov/dnr/geologydata/coal_maps/pdfs/K9_A.pdf"}},{"type":"Feature","geometry":{"type":"Polygon","coordinates":[[[-122.032110976648,47.5245561788899],[-122.032239423034,47.5147207150395],[-122.07798610411,47.5154906454631],[-122.077867159315,47.5253269566678],[-122.032110976648,47.5245561788899]]]},"properties":{"MAP_ID":"K9_B","MINE_ID":"K9","MAP_TITLE":"Issaquah mine, lower Bagley No. 1 seam","MAP_DETAILS":"Roads, RR tracks, buildings, streams, elevations, contours, mine workings","MAP_YEAR":1919,"RMS_ERROR":38.3628,"CONTROL_POINTS":6,"URL":"https://fortress.wa.gov/dnr/geologydata/coal_maps/coal_mine_zip_files/K9_B.zip","TIFsize":324.1,"URL2":"https://fortress.wa.gov/dnr/geologydata/coal_maps/pdfs/K9_B.pdf"}},{"type":"Feature","geometry":{"type":"Polygon","coordinates":[[[-122.031968349217,47.5234800971887],[-122.032593249459,47.5136519835214],[-122.081062567003,47.514734948111],[-122.081066760074,47.5147341778095],[-122.080451364126,47.5245592692798],[-122.031968349217,47.5234800971887]]]},"properties":{"MAP_ID":"K9_C","MINE_ID":"K9","MAP_TITLE":"Issaquah Mine, Pacific Coast Coal Co.","MAP_DETAILS":"Roads, RR tracks, buildings, streams, elevations, contours, mine workings, columnar sections. Also shows Harris-Richmond mine, old McQuade mine and Bagley No. 2 seam","MAP_YEAR":1923,"RMS_ERROR":35.8103,"CONTROL_POINTS":5,"URL":"https://fortress.wa.gov/dnr/geologydata/coal_maps/coal_mine_zip_files/K9_C.zip","TIFsize":337.5,"URL2":"https://fortress.wa.gov/dnr/geologydata/coal_maps/pdfs/K9_C.pdf"}},{"type":"Feature","geometry":{"type":"Polygon","coordinates":[[[-122.030636432911,47.5261723340572],[-122.031164641597,47.5150926148326],[-122.079752004718,47.5154486145046],[-122.079234083654,47.5265271929784],[-122.030636432911,47.5261723340572]]]},"properties":{"MAP_ID":"K9_E","MINE_ID":"K9","MAP_TITLE":"Map of Issaquah mine, No. 1 Bagley seam","MAP_DETAILS":"Roads, RR tracks, buildings, streams, elevations, contours, mine workings","MAP_YEAR":1923,"RMS_ERROR":47.2609,"CONTROL_POINTS":4,"URL":"https://fortress.wa.gov/dnr/geologydata/coal_maps/coal_mine_zip_files/K9_E.zip","TIFsize":387.4,"URL2":"https://fortress.wa.gov/dnr/geologydata/coal_maps/pdfs/K9_E.pdf"}},{"type":"Feature","geometry":{"type":"Polygon","coordinates":[[[-122.031443044695,47.5260214967266],[-122.031088849828,47.5146681547956],[-122.079452820824,47.5157184849018],[-122.079815685933,47.5270714262463],[-122.031443044695,47.5260214967266]]]},"properties":{"MAP_ID":"K9_F","MINE_ID":"K9","MAP_TITLE":"Map of Issaquah mine, May Creek seam","MAP_DETAILS":"Roads, RR tracks, buildings, streams, elevations, contours, mine workings. Also shows survey along Tibbets Creek and McQuade prospect","MAP_YEAR":1923,"RMS_ERROR":31.409,"CONTROL_POINTS":4,"URL":"https://fortress.wa.gov/dnr/geologydata/coal_maps/coal_mine_zip_files/K9_F.zip","TIFsize":392.8,"URL2":"https://fortress.wa.gov/dnr/geologydata/coal_maps/pdfs/K9_F.pdf"}},{"type":"Feature","geometry":{"type":"Polygon","coordinates":[[[-122.032602216782,47.5261639288111],[-122.032530055384,47.5149626086266],[-122.077771789386,47.5157317460826],[-122.077848521995,47.5269308389239],[-122.032602216782,47.5261639288111]]]},"properties":{"MAP_ID":"K9_G","MINE_ID":"K9","MAP_TITLE":"Map of Issaquah mine, Muldoon seam","MAP_DETAILS":"Roads, RR tracks, buildings, streams, elevations, contours, mine workings, columnar sections","MAP_YEAR":1923,"RMS_ERROR":25.6145,"CONTROL_POINTS":6,"URL":"https://fortress.wa.gov/dnr/geologydata/coal_maps/coal_mine_zip_files/K9_G.zip","TIFsize":355,"URL2":"https://fortress.wa.gov/dnr/geologydata/coal_maps/pdfs/K9_G.pdf"}},{"type":"Feature","geometry":{"type":"Polygon","coordinates":[[[-122.036091327262,47.5322699575313],[-122.035686574213,47.514732095373],[-122.061084643604,47.514812447269],[-122.061503567918,47.5323553677419],[-122.036091327262,47.5322699575313]]]},"properties":{"MAP_ID":"K9_I","MINE_ID":"K9","MAP_TITLE":"Issaquah mine, Pacific Coast Coal Co.","MAP_DETAILS":"Mine workings (unidentified tracings), plan of gangways","MAP_YEAR":1918,"RMS_ERROR":30.7663,"CONTROL_POINTS":4,"URL":"https://fortress.wa.gov/dnr/geologydata/coal_maps/coal_mine_zip_files/K9_I.zip","TIFsize":79.7,"URL2":"https://fortress.wa.gov/dnr/geologydata/coal_maps/pdfs/K9_I.pdf"}},{"type":"Feature","geometry":{"type":"Polygon","coordinates":[[[-122.011392476929,47.5326299396614],[-122.011926519929,47.512670197281],[-122.083432086749,47.513591838602],[-122.082934969175,47.5335393009328],[-122.011392476929,47.5326299396614]]]},"properties":{"MAP_ID":"K9_J","MINE_ID":"K9","MAP_TITLE":"Issaquah mine, Pacific Coast Coal Co.","MAP_DETAILS":"Roads, RR tracks, buildings, streams, elevations, mine workings","MAP_YEAR":-9999,"RMS_ERROR":20.1687,"CONTROL_POINTS":5,"URL":"https://fortress.wa.gov/dnr/geologydata/coal_maps/coal_mine_zip_files/K9_J.zip","TIFsize":91.1,"URL2":"https://fortress.wa.gov/dnr/geologydata/coal_maps/pdfs/K9_J.pdf"}},{"type":"Feature","geometry":{"type":"Polygon","coordinates":[[[-122.034359643389,47.5263124300957],[-122.034476693045,47.5166786242855],[-122.05814601215,47.516809491924],[-122.058031371574,47.5264423234026],[-122.034359643389,47.5263124300957]]]},"properties":{"MAP_ID":"K10_B","MINE_ID":"K10","MAP_TITLE":"Issaquah mine, No. 1 Bagley seam","MAP_DETAILS":"Streams, elevations, mine workings","MAP_YEAR":1945,"RMS_ERROR":-9999,"CONTROL_POINTS":2,"URL":"https://fortress.wa.gov/dnr/geologydata/coal_maps/coal_mine_zip_files/K10_B.zip","TIFsize":168.6,"URL2":"https://fortress.wa.gov/dnr/geologydata/coal_maps/pdfs/K10_B.pdf"}},{"type":"Feature","geometry":{"type":"Polygon","coordinates":[[[-122.034352705957,47.5262644931111],[-122.034465286595,47.5166449096328],[-122.058163760047,47.5167690823821],[-122.058056354408,47.5263882995489],[-122.034352705957,47.5262644931111]]]},"properties":{"MAP_ID":"K10_C","MINE_ID":"K10","MAP_TITLE":"Issaquah mine, No. 1 Bagley seam","MAP_DETAILS":"Streams, elevations, mine workings","MAP_YEAR":1947,"RMS_ERROR":-9999,"CONTROL_POINTS":2,"URL":"https://fortress.wa.gov/dnr/geologydata/coal_maps/coal_mine_zip_files/K10_C.zip","TIFsize":373.7,"URL2":"https://fortress.wa.gov/dnr/geologydata/coal_maps/pdfs/K10_C.pdf"}},{"type":"Feature","geometry":{"type":"Polygon","coordinates":[[[-122.034306510539,47.5240204286486],[-122.034463056697,47.5173927344247],[-122.054460100093,47.5176086795625],[-122.054304988864,47.5242365310258],[-122.034306510539,47.5240204286486]]]},"properties":{"MAP_ID":"K10_D","MINE_ID":"K10","MAP_TITLE":"Issaquah mine, No. 1 Bagley seam","MAP_DETAILS":"Streams, elevations, mine workings","MAP_YEAR":1949,"RMS_ERROR":-9999,"CONTROL_POINTS":2,"URL":"https://fortress.wa.gov/dnr/geologydata/coal_maps/coal_mine_zip_files/K10_D.zip","TIFsize":385.1,"URL2":"https://fortress.wa.gov/dnr/geologydata/coal_maps/pdfs/K10_D.pdf"}},{"type":"Feature","geometry":{"type":"Polygon","coordinates":[[[-122.056116820569,47.5238811155263],[-122.055926131221,47.5157949720323],[-122.072098714921,47.5158291881424],[-122.07228889227,47.5239155367636],[-122.056116820569,47.5238811155263]]]},"properties":{"MAP_ID":"K11_A","MINE_ID":"K11","MAP_TITLE":"Harris-Richmond coal mine","MAP_DETAILS":"Roads, streams, elevations, mine workings","MAP_YEAR":1930,"RMS_ERROR":6.17407,"CONTROL_POINTS":4,"URL":"https://fortress.wa.gov/dnr/geologydata/coal_maps/coal_mine_zip_files/K11_A.zip","TIFsize":94.5,"URL2":"https://fortress.wa.gov/dnr/geologydata/coal_maps/pdfs/K11_A.pdf"}},{"type":"Feature","geometry":{"type":"Polygon","coordinates":[[[-122.049370981125,47.5206747739324],[-122.049280006259,47.515409188429],[-122.071050277567,47.515638744257],[-122.071140616451,47.5209013336785],[-122.049370981125,47.5206747739324]]]},"properties":{"MAP_ID":"K11_B","MINE_ID":"K11","MAP_TITLE":"Map showing locations of workings in Harris Coal Co. mine","MAP_DETAILS":"Mine workings","MAP_YEAR":1932,"RMS_ERROR":6.06384,"CONTROL_POINTS":4,"URL":"https://fortress.wa.gov/dnr/geologydata/coal_maps/coal_mine_zip_files/K11_B.zip","TIFsize":81,"URL2":"https://fortress.wa.gov/dnr/geologydata/coal_maps/pdfs/K11_B.pdf"}},{"type":"Feature","geometry":{"type":"Polygon","coordinates":[[[-122.04936561371,47.5208899862507],[-122.049293041545,47.5151535747153],[-122.071042066687,47.5153375955257],[-122.071115974975,47.5210727481502],[-122.04936561371,47.5208899862507]]]},"properties":{"MAP_ID":"K11_C","MINE_ID":"K11","MAP_TITLE":"Map showing locations of workings in Harris Coal Co. mine","MAP_DETAILS":"Mine workings","MAP_YEAR":1934,"RMS_ERROR":6.0358,"CONTROL_POINTS":4,"URL":"https://fortress.wa.gov/dnr/geologydata/coal_maps/coal_mine_zip_files/K11_C.zip","TIFsize":192.9,"URL2":"https://fortress.wa.gov/dnr/geologydata/coal_maps/pdfs/K11_C.pdf"}},{"type":"Feature","geometry":{"type":"Polygon","coordinates":[[[-122.045277252946,47.5187278083397],[-122.047956238682,47.5112788484975],[-122.072415335784,47.515498474994],[-122.069740074114,47.5229474595654],[-122.045277252946,47.5187278083397]]]},"properties":{"MAP_ID":"K11_D","MINE_ID":"K11","MAP_TITLE":"Map showing survey in Harris Coal Co. mine and relative location of different royalty areas from which coal is recovered","MAP_DETAILS":"Elevations, mine workings, columnar sections","MAP_YEAR":1935,"RMS_ERROR":4.6708,"CONTROL_POINTS":4,"URL":"https://fortress.wa.gov/dnr/geologydata/coal_maps/coal_mine_zip_files/K11_D.zip","TIFsize":130,"URL2":"https://fortress.wa.gov/dnr/geologydata/coal_maps/pdfs/K11_D.pdf"}},{"type":"Feature","geometry":{"type":"Polygon","coordinates":[[[-122.04523222456,47.5187464511665],[-122.047906156525,47.511266240323],[-122.072427431106,47.5154793855442],[-122.069756408565,47.5229606024727],[-122.04523222456,47.5187464511665]]]},"properties":{"MAP_ID":"K11_E","MINE_ID":"K11","MAP_TITLE":"Map showing survey in Harris Coal Co. mine and relative location of different royalty areas from which coal is recovered","MAP_DETAILS":"Elevations, mine workings, columnar sections","MAP_YEAR":1936,"RMS_ERROR":4.44447,"CONTROL_POINTS":4,"URL":"https://fortress.wa.gov/dnr/geologydata/coal_maps/coal_mine_zip_files/K11_E.zip","TIFsize":130,"URL2":"https://fortress.wa.gov/dnr/geologydata/coal_maps/pdfs/K11_E.pdf"}},{"type":"Feature","geometry":{"type":"Polygon","coordinates":[[[-122.026143939282,47.5455762611138],[-122.025324020562,47.5131987151998],[-122.06906406098,47.5131852619546],[-122.069905495905,47.5455632058927],[-122.026143939282,47.5455762611138]]]},"properties":{"MAP_ID":"K11_G","MINE_ID":"K11","MAP_TITLE":"\"Copied from supplemental sheet-Harris Coal Co. mine\" tracing from Evans report, not a mine map","MAP_DETAILS":"Roads, streams, elevations, mine workings. Shows detail of Harris-Richmond mine in relation to Issaquah mine workings","MAP_YEAR":1937,"RMS_ERROR":46.8499,"CONTROL_POINTS":4,"URL":"https://fortress.wa.gov/dnr/geologydata/coal_maps/coal_mine_zip_files/K11_G.zip","TIFsize":92.6,"URL2":"https://fortress.wa.gov/dnr/geologydata/coal_maps/pdfs/K11_G.pdf"}},{"type":"Feature","geometry":{"type":"Polygon","coordinates":[[[-122.052960711604,47.5207430581833],[-122.052844628153,47.5148902510827],[-122.067196667617,47.5150241045286],[-122.067311691165,47.5208760674475],[-122.052960711604,47.5207430581833]]]},"properties":{"MAP_ID":"K11_H","MINE_ID":"K11","MAP_TITLE":"Map showing location of workings in Harris Coal Co. mine. Note: traced from blueprint by Hans Norbisrath, USGS, 2/5/1944 (Dolly Varden seam)","MAP_DETAILS":"Elevations, mine workings","MAP_YEAR":1933,"RMS_ERROR":2.84306,"CONTROL_POINTS":5,"URL":"https://fortress.wa.gov/dnr/geologydata/coal_maps/coal_mine_zip_files/K11_H.zip","TIFsize":131.7,"URL2":"https://fortress.wa.gov/dnr/geologydata/coal_maps/pdfs/K11_H.pdf"}},{"type":"Feature","geometry":{"type":"Polygon","coordinates":[[[-122.060033468086,47.5265399519504],[-122.064879023077,47.5170601642124],[-122.085860937656,47.5222092919209],[-122.081016867729,47.531689709431],[-122.060033468086,47.5265399519504]]]},"properties":{"MAP_ID":"K12_A","MINE_ID":"K12","MAP_TITLE":"Map of Queen No. 1 mine, upper and lower Bagley seams","MAP_DETAILS":"Roads, RR tracks, buildings, streams, elevations, contours, mine workings","MAP_YEAR":1932,"RMS_ERROR":1.6567,"CONTROL_POINTS":6,"URL":"https://fortress.wa.gov/dnr/geologydata/coal_maps/coal_mine_zip_files/K12_A.zip","TIFsize":152,"URL2":"https://fortress.wa.gov/dnr/geologydata/coal_maps/pdfs/K12_A.pdf"}},{"type":"Feature","geometry":{"type":"Polygon","coordinates":[[[-122.06007236218,47.5264246581176],[-122.064812688389,47.5170454616549],[-122.085878195048,47.5222470485529],[-122.081141104293,47.5316280433428],[-122.06007236218,47.5264246581176]]]},"properties":{"MAP_ID":"K12_C","MINE_ID":"K12","MAP_TITLE":"Map of Queen No. 1 mine, upper and lower Bagley seams","MAP_DETAILS":"Roads, buildings, streams, elevations, contours, mine workings","MAP_YEAR":1933,"RMS_ERROR":1.27106,"CONTROL_POINTS":4,"URL":"https://fortress.wa.gov/dnr/geologydata/coal_maps/coal_mine_zip_files/K12_C.zip","TIFsize":150,"URL2":"https://fortress.wa.gov/dnr/geologydata/coal_maps/pdfs/K12_C.pdf"}},{"type":"Feature","geometry":{"type":"Polygon","coordinates":[[[-122.060061869136,47.5264482773318],[-122.064969679019,47.5171495792909],[-122.085787667375,47.522330926022],[-122.080881094884,47.5316298690446],[-122.060061869136,47.5264482773318]]]},"properties":{"MAP_ID":"K12_B","MINE_ID":"K12","MAP_TITLE":"Map of Queen No. 1 mine, upper and lower Bagley seams","MAP_DETAILS":"Roads, buildings, streams, elevations, contours, mine workings","MAP_YEAR":1933,"RMS_ERROR":1.87054,"CONTROL_POINTS":7,"URL":"https://fortress.wa.gov/dnr/geologydata/coal_maps/coal_mine_zip_files/K12_B.zip","TIFsize":147.7,"URL2":"https://fortress.wa.gov/dnr/geologydata/coal_maps/pdfs/K12_B.pdf"}},{"type":"Feature","geometry":{"type":"Polygon","coordinates":[[[-122.059901108796,47.5265566288934],[-122.064826723562,47.5169886253044],[-122.08579446615,47.5222351917723],[-122.080872479594,47.5318034298136],[-122.059901108796,47.5265566288934]]]},"properties":{"MAP_ID":"K12_D","MINE_ID":"K12","MAP_TITLE":"Map of Queen No. 1 mine, upper and lower Bagley seams","MAP_DETAILS":"Roads, RR tracks, buildings, streams, elevations, contours, mine workings","MAP_YEAR":1934,"RMS_ERROR":1.72353,"CONTROL_POINTS":5,"URL":"https://fortress.wa.gov/dnr/geologydata/coal_maps/coal_mine_zip_files/K12_D.zip","TIFsize":154.4,"URL2":"https://fortress.wa.gov/dnr/geologydata/coal_maps/pdfs/K12_D.pdf"}},{"type":"Feature","geometry":{"type":"Polygon","coordinates":[[[-122.060059429265,47.5263485725253],[-122.064966576778,47.5170314093732],[-122.085773580704,47.5223656371516],[-122.08086863385,47.5316838413216],[-122.060059429265,47.5263485725253]]]},"properties":{"MAP_ID":"K12_E","MINE_ID":"K12","MAP_TITLE":"Map of Queen No. 1 mine, upper and lower seams","MAP_DETAILS":"Roads, RR tracks, buildings, streams, elevations, contours, mine workings","MAP_YEAR":1935,"RMS_ERROR":2.2948,"CONTROL_POINTS":5,"URL":"https://fortress.wa.gov/dnr/geologydata/coal_maps/coal_mine_zip_files/K12_E.zip","TIFsize":147.7,"URL2":"https://fortress.wa.gov/dnr/geologydata/coal_maps/pdfs/K12_E.pdf"}},{"type":"Feature","geometry":{"type":"Polygon","coordinates":[[[-122.060046940089,47.5265702757379],[-122.064974276079,47.5170666023262],[-122.085878957556,47.522235422886],[-122.080955003854,47.5317414404236],[-122.060046940089,47.5265702757379]]]},"properties":{"MAP_ID":"K12_F","MINE_ID":"K12","MAP_TITLE":"Map of Queen No. 1 mine, upper and lower Bagley seams","MAP_DETAILS":"Roads, buildings, streams, elevations, contours, mine workings","MAP_YEAR":1936,"RMS_ERROR":1.42814,"CONTROL_POINTS":4,"URL":"https://fortress.wa.gov/dnr/geologydata/coal_maps/coal_mine_zip_files/K12_F.zip","TIFsize":152,"URL2":"https://fortress.wa.gov/dnr/geologydata/coal_maps/pdfs/K12_F.pdf"}},{"type":"Feature","geometry":{"type":"Polygon","coordinates":[[[-122.060042877781,47.5265609198044],[-122.064883093896,47.5170196108544],[-122.085941766852,47.5222569659507],[-122.081105093117,47.5317991307181],[-122.060042877781,47.5265609198044]]]},"properties":{"MAP_ID":"K12_G","MINE_ID":"K12","MAP_TITLE":"Map of Queen No. 1 mine, upper and lower Bagley seams","MAP_DETAILS":"Roads, RR tracks, buildings, streams, elevations, contours, mine workings","MAP_YEAR":1937,"RMS_ERROR":1.81368,"CONTROL_POINTS":5,"URL":"https://fortress.wa.gov/dnr/geologydata/coal_maps/coal_mine_zip_files/K12_G.zip","TIFsize":154.4,"URL2":"https://fortress.wa.gov/dnr/geologydata/coal_maps/pdfs/K12_G.pdf"}},{"type":"Feature","geometry":{"type":"Polygon","coordinates":[[[-122.06002892493,47.5265858573449],[-122.064915603538,47.5169702022323],[-122.085882927797,47.5221882456003],[-122.081000429956,47.5318052562337],[-122.06002892493,47.5265858573449]]]},"properties":{"MAP_ID":"K12_G1","MINE_ID":"K12","MAP_TITLE":"Map of Queen No. 1 mine, upper and lower Bagley seams","MAP_DETAILS":"Roads, buildings, streams, elevations, contours, mine workings","MAP_YEAR":1937,"RMS_ERROR":1.83463,"CONTROL_POINTS":4,"URL":"https://fortress.wa.gov/dnr/geologydata/coal_maps/coal_mine_zip_files/K12_G1.zip","TIFsize":154.4,"URL2":"https://fortress.wa.gov/dnr/geologydata/coal_maps/pdfs/K12_G1.pdf"}},{"type":"Feature","geometry":{"type":"Polygon","coordinates":[[[-122.059819845728,47.5262567228438],[-122.065019150946,47.5165934036477],[-122.088593311597,47.5226671839419],[-122.083398248441,47.532332323873],[-122.059819845728,47.5262567228438]]]},"properties":{"MAP_ID":"K12_H","MINE_ID":"K12","MAP_TITLE":"Map of Queen No. 1 mine, No. 2 or upper Bagley seam","MAP_DETAILS":"Roads, buildings, streams, elevations, contours, mine workings","MAP_YEAR":1938,"RMS_ERROR":1.92828,"CONTROL_POINTS":5,"URL":"https://fortress.wa.gov/dnr/geologydata/coal_maps/coal_mine_zip_files/K12_H.zip","TIFsize":176.4,"URL2":"https://fortress.wa.gov/dnr/geologydata/coal_maps/pdfs/K12_H.pdf"}},{"type":"Feature","geometry":{"type":"Polygon","coordinates":[[[-122.059703701789,47.5262269438381],[-122.064740807921,47.5164785829234],[-122.088731688583,47.5226756331326],[-122.083580251709,47.532393707968],[-122.059703701789,47.5262269438381]]]},"properties":{"MAP_ID":"K12_I","MINE_ID":"K12","MAP_TITLE":"Map of Queen No. 1 mine, No. 1 or lower Bagley seam","MAP_DETAILS":"Roads, buildings, streams, elevations, contours, mine workings","MAP_YEAR":1938,"RMS_ERROR":1.80499,"CONTROL_POINTS":5,"URL":"https://fortress.wa.gov/dnr/geologydata/coal_maps/coal_mine_zip_files/K12_I.zip","TIFsize":176.4,"URL2":"https://fortress.wa.gov/dnr/geologydata/coal_maps/pdfs/K12_I.pdf"}},{"type":"Feature","geometry":{"type":"Polygon","coordinates":[[[-122.059690304292,47.5262025291552],[-122.064783307531,47.5165275979001],[-122.088120120165,47.522501563369],[-122.083031928322,47.532177875619],[-122.059690304292,47.5262025291552]]]},"properties":{"MAP_ID":"K12_J","MINE_ID":"K12","MAP_TITLE":"Map of Queen No. 1 mine, No. 1 or lower Bagley seam","MAP_DETAILS":"Roads, buildings, streams, elevations, contours, mine workings. Also shows May Creek seam","MAP_YEAR":1939,"RMS_ERROR":1.74203,"CONTROL_POINTS":5,"URL":"https://fortress.wa.gov/dnr/geologydata/coal_maps/coal_mine_zip_files/K12_J.zip","TIFsize":169.6,"URL2":"https://fortress.wa.gov/dnr/geologydata/coal_maps/pdfs/K12_J.pdf"}},{"type":"Feature","geometry":{"type":"Polygon","coordinates":[[[-122.0600542134,47.5262404444898],[-122.065202881186,47.516630328891],[-122.088004502002,47.5225635311326],[-122.082858803293,47.5321733810363],[-122.0600542134,47.5262404444898]]]},"properties":{"MAP_ID":"K12_K","MINE_ID":"K12","MAP_TITLE":"Map of Queen No. 1 mine, No. 2 or upper Bagley","MAP_DETAILS":"Roads, buildings, streams, elevations, contours, mine workings. Also shows May Creek seam","MAP_YEAR":1939,"RMS_ERROR":1.28122,"CONTROL_POINTS":4,"URL":"https://fortress.wa.gov/dnr/geologydata/coal_maps/coal_mine_zip_files/K12_K.zip","TIFsize":169.6,"URL2":"https://fortress.wa.gov/dnr/geologydata/coal_maps/pdfs/K12_K.pdf"}},{"type":"Feature","geometry":{"type":"Polygon","coordinates":[[[-122.06050073368,47.5252512900634],[-122.065142891209,47.5166985814755],[-122.085894767887,47.5219956999246],[-122.081255682186,47.5305494656987],[-122.06050073368,47.5252512900634]]]},"properties":{"MAP_ID":"K12_L","MINE_ID":"K12","MAP_TITLE":"Map of Queen No. 1 mine, No. 1 or lower Bagley seam","MAP_DETAILS":"Roads, buildings, streams, elevations, contours, mine workings. Also shows May Creek seam","MAP_YEAR":1940,"RMS_ERROR":1.37385,"CONTROL_POINTS":5,"URL":"https://fortress.wa.gov/dnr/geologydata/coal_maps/coal_mine_zip_files/K12_L.zip","TIFsize":143,"URL2":"https://fortress.wa.gov/dnr/geologydata/coal_maps/pdfs/K12_L.pdf"}},{"type":"Feature","geometry":{"type":"Polygon","coordinates":[[[-122.059889452069,47.5262989858528],[-122.064998842676,47.5165805788627],[-122.085912077727,47.5219851136984],[-122.080805875808,47.5317039231891],[-122.059889452069,47.5262989858528]]]},"properties":{"MAP_ID":"K12_M","MINE_ID":"K12","MAP_TITLE":"Map of Queen No. 1 mine, No. 1 or lower Bagley seam","MAP_DETAILS":"Roads, buildings, streams, elevations, contours, mine workings. Also shows May Creek seam","MAP_YEAR":1941,"RMS_ERROR":1.49532,"CONTROL_POINTS":4,"URL":"https://fortress.wa.gov/dnr/geologydata/coal_maps/coal_mine_zip_files/K12_M.zip","TIFsize":156.8,"URL2":"https://fortress.wa.gov/dnr/geologydata/coal_maps/pdfs/K12_M.pdf"}},{"type":"Feature","geometry":{"type":"Polygon","coordinates":[[[-122.059805160231,47.5262480138417],[-122.064971784261,47.5166360178389],[-122.086624878932,47.5221699023234],[-122.081461795148,47.531782773401],[-122.059805160231,47.5262480138417]]]},"properties":{"MAP_ID":"K12_N","MINE_ID":"K12","MAP_TITLE":"Map of Queen No. 1 mine, No. 2 or upper Bagley seam","MAP_DETAILS":"Roads, buildings, streams, elevations, contours, mine workings. Also shows May Creek seam","MAP_YEAR":1942,"RMS_ERROR":1.86048,"CONTROL_POINTS":5,"URL":"https://fortress.wa.gov/dnr/geologydata/coal_maps/coal_mine_zip_files/K12_N.zip","TIFsize":160.9,"URL2":"https://fortress.wa.gov/dnr/geologydata/coal_maps/pdfs/K12_N.pdf"}},{"type":"Feature","geometry":{"type":"Polygon","coordinates":[[[-122.05991445176,47.5262406929086],[-122.065079239651,47.5166348838899],[-122.092405372441,47.52376698245],[-122.087188887471,47.5333282984748],[-122.05991445176,47.5262406929086]]]},"properties":{"MAP_ID":"K12_O","MINE_ID":"K12","MAP_TITLE":"Map of Queen No. 1 mine, No. 1 or lower Bagley seam","MAP_DETAILS":"Roads, buildings, streams, elevations, contours, mine workings. Also shows May Creek seam","MAP_YEAR":1942,"RMS_ERROR":2.1472,"CONTROL_POINTS":5,"URL":"https://fortress.wa.gov/dnr/geologydata/coal_maps/coal_mine_zip_files/K12_O.zip","TIFsize":196.9,"URL2":"https://fortress.wa.gov/dnr/geologydata/coal_maps/pdfs/K12_O.pdf"}},{"type":"Feature","geometry":{"type":"Polygon","coordinates":[[[-122.060131467698,47.5263702324545],[-122.065280113144,47.5166243538356],[-122.090393310107,47.5230911977515],[-122.085248550038,47.5328380907099],[-122.060131467698,47.5263702324545]]]},"properties":{"MAP_ID":"K12_P","MINE_ID":"K12","MAP_TITLE":"Map of Queen No. 1 mine, No. 1 or lower Bagley seam","MAP_DETAILS":"Roads, buildings, streams, elevations, contours, mine workings","MAP_YEAR":1943,"RMS_ERROR":1.85372,"CONTROL_POINTS":4,"URL":"https://fortress.wa.gov/dnr/geologydata/coal_maps/coal_mine_zip_files/K12_P.zip","TIFsize":183.3,"URL2":"https://fortress.wa.gov/dnr/geologydata/coal_maps/pdfs/K12_P.pdf"}},{"type":"Feature","geometry":{"type":"Polygon","coordinates":[[[-122.059776878084,47.5263009191495],[-122.064918647763,47.5165524386674],[-122.090725013178,47.5231732141909],[-122.085586505864,47.5329235570265],[-122.059776878084,47.5263009191495]]]},"properties":{"MAP_ID":"K12_Q","MINE_ID":"K12","MAP_TITLE":"Map of Queen No. 1 mine, No. 1 or lower Bagley seam and May Creek seam","MAP_DETAILS":"Roads, buildings, streams, elevations, contours, mine workings. Also shows Muldoon seam, west end of Harris and Issaquah mines.","MAP_YEAR":1944,"RMS_ERROR":1.80844,"CONTROL_POINTS":4,"URL":"https://fortress.wa.gov/dnr/geologydata/coal_maps/coal_mine_zip_files/K12_Q.zip","TIFsize":187.6,"URL2":"https://fortress.wa.gov/dnr/geologydata/coal_maps/pdfs/K12_Q.pdf"}},{"type":"Feature","geometry":{"type":"Polygon","coordinates":[[[-122.059690730907,47.5259724731274],[-122.064652536669,47.5167208944402],[-122.090416194251,47.5234092846841],[-122.085459277215,47.5326614177366],[-122.059690730907,47.5259724731274]]]},"properties":{"MAP_ID":"K12_Q1","MINE_ID":"K12","MAP_TITLE":"Map of Queen No. 1 mine, No. 1 or lower Bagley seam and May Creek seam","MAP_DETAILS":"Roads, buildings, streams, elevations, contours, mine workings","MAP_YEAR":1947,"RMS_ERROR":1.23764,"CONTROL_POINTS":4,"URL":"https://fortress.wa.gov/dnr/geologydata/coal_maps/coal_mine_zip_files/K12_Q1.zip","TIFsize":180.1,"URL2":"https://fortress.wa.gov/dnr/geologydata/coal_maps/pdfs/K12_Q1.pdf"}},{"type":"Feature","geometry":{"type":"Polygon","coordinates":[[[-122.060101582825,47.5262870101177],[-122.065292250664,47.5166510806272],[-122.095029373431,47.5243504397662],[-122.089844091497,47.5339881035187],[-122.060101582825,47.5262870101177]]]},"properties":{"MAP_ID":"K12_R","MINE_ID":"K12","MAP_TITLE":"Map of queen No. 1 mine, No. 1 or lower Bagley seam and May Creek seam","MAP_DETAILS":"Roads, buildings, streams, elevations, contours. Also shows part of lower Bagley of Issaquah mine and Dolly Varden seam of Harris mine.","MAP_YEAR":1953,"RMS_ERROR":2.24308,"CONTROL_POINTS":4,"URL":"https://fortress.wa.gov/dnr/geologydata/coal_maps/coal_mine_zip_files/K12_R.zip","TIFsize":216.1,"URL2":"https://fortress.wa.gov/dnr/geologydata/coal_maps/pdfs/K12_R.pdf"}},{"type":"Feature","geometry":{"type":"Polygon","coordinates":[[[-122.06003899446,47.5263052551334],[-122.065176766639,47.5166686615921],[-122.08650734048,47.5221358779523],[-122.086507320922,47.5221359348919],[-122.081372987998,47.5317733931023],[-122.06003899446,47.5263052551334]]]},"properties":{"MAP_ID":"K12_S","MINE_ID":"K12","MAP_TITLE":"Map of Queen No. 1 mine, No. 2 or upper Bagley seam and Muldoon seam","MAP_DETAILS":"Roads, streams, elevations, contours, mine workings. Also shows May Creek seam","MAP_YEAR":1943,"RMS_ERROR":1.88229,"CONTROL_POINTS":4,"URL":"https://fortress.wa.gov/dnr/geologydata/coal_maps/coal_mine_zip_files/K12_S.zip","TIFsize":154.4,"URL2":"https://fortress.wa.gov/dnr/geologydata/coal_maps/pdfs/K12_S.pdf"}},{"type":"Feature","geometry":{"type":"Polygon","coordinates":[[[-122.059804411856,47.526264732389],[-122.065004254711,47.5165608433119],[-122.09089178004,47.5232404901428],[-122.085697213622,47.5329438032214],[-122.059804411856,47.526264732389]]]},"properties":{"MAP_ID":"K12_T","MINE_ID":"K12","MAP_TITLE":"Map of Queen No. 1 mine, No. 2 or upper Bagley seam and Muldoon seam","MAP_DETAILS":"Roads, RR tracks, buildings, streams, elevations, contours, mine workings. Also shows May Creek seam","MAP_YEAR":1944,"RMS_ERROR":2.56253,"CONTROL_POINTS":4,"URL":"https://fortress.wa.gov/dnr/geologydata/coal_maps/coal_mine_zip_files/K12_T.zip","TIFsize":187.6,"URL2":"https://fortress.wa.gov/dnr/geologydata/coal_maps/pdfs/K12_T.pdf"}},{"type":"Feature","geometry":{"type":"Polygon","coordinates":[[[-122.060162576865,47.526184788619],[-122.065005498857,47.5169071044818],[-122.09124556446,47.5236108684555],[-122.086404702137,47.5328904059687],[-122.060162576865,47.526184788619]]]},"properties":{"MAP_ID":"K12_T1","MINE_ID":"K12","MAP_TITLE":"Map of Queen No. 1 mine, No. 2 or upper Bagley seam and Muldoon seam","MAP_DETAILS":"Roads, buildings, streams, elevations, contours, mine workings","MAP_YEAR":1947,"RMS_ERROR":2.39416,"CONTROL_POINTS":4,"URL":"https://fortress.wa.gov/dnr/geologydata/coal_maps/coal_mine_zip_files/K12_T1.zip","TIFsize":182.2,"URL2":"https://fortress.wa.gov/dnr/geologydata/coal_maps/pdfs/K12_T1.pdf"}},{"type":"Feature","geometry":{"type":"Polygon","coordinates":[[[-122.060456885879,47.5444790622549],[-122.060866956174,47.5158532751432],[-122.143204589291,47.5168618712766],[-122.142845062966,47.5454828324557],[-122.060456885879,47.5444790622549]]]},"properties":{"MAP_ID":"K13_A","MINE_ID":"K13","MAP_TITLE":"Map showing strike of coal veins","MAP_DETAILS":"Roads, streams, elevations, outcrops and No. 2 seam water level gangway","MAP_YEAR":1898,"RMS_ERROR":11.9246,"CONTROL_POINTS":4,"URL":"https://fortress.wa.gov/dnr/geologydata/coal_maps/coal_mine_zip_files/K13_A.zip","TIFsize":235.9,"URL2":"https://fortress.wa.gov/dnr/geologydata/coal_maps/pdfs/K13_A.pdf"}},{"type":"Feature","geometry":{"type":"Polygon","coordinates":[[[-122.087929236515,47.5304170078186],[-122.089956909192,47.5245819686729],[-122.109420854689,47.5274161502443],[-122.107394784874,47.5332493955349],[-122.087929236515,47.5304170078186]]]},"properties":{"MAP_ID":"K15_B","MINE_ID":"K15","MAP_TITLE":"Map of the B. and R. New Slope mine and showing lower Bagley seam workings","MAP_DETAILS":"Streams, elevations, contours, mine workings","MAP_YEAR":1956,"RMS_ERROR":0.904563,"CONTROL_POINTS":4,"URL":"https://fortress.wa.gov/dnr/geologydata/coal_maps/coal_mine_zip_files/K15_B.zip","TIFsize":178.9,"URL2":"https://fortress.wa.gov/dnr/geologydata/coal_maps/pdfs/K15_B.pdf"}},{"type":"Feature","geometry":{"type":"Polygon","coordinates":[[[-122.087934959452,47.530449168571],[-122.089940604629,47.5245867970914],[-122.109397200747,47.5273838495121],[-122.107392725593,47.5332457177136],[-122.087934959452,47.530449168571]]]},"properties":{"MAP_ID":"K15_A","MINE_ID":"K15","MAP_TITLE":"Map of the B. and R. New Slope mine and showing lower Bagley seam workings","MAP_DETAILS":"Streams, elevations, contours, mine workings","MAP_YEAR":1956,"RMS_ERROR":3.92626,"CONTROL_POINTS":4,"URL":"https://fortress.wa.gov/dnr/geologydata/coal_maps/coal_mine_zip_files/K15_A.zip","TIFsize":325.1,"URL2":"https://fortress.wa.gov/dnr/geologydata/coal_maps/pdfs/K15_A.pdf"}},{"type":"Feature","geometry":{"type":"Polygon","coordinates":[[[-121.982866036144,47.3306849079851],[-121.997818824323,47.2943290789143],[-122.041539549646,47.3018507410107],[-122.026614843911,47.3382103900098],[-121.982866036144,47.3306849079851]]]},"properties":{"MAP_ID":"K67_A","MINE_ID":"K67","MAP_TITLE":"Black Diamond mines \"B\", No. 11, No. 2, No. 14","MAP_DETAILS":"RR tracks, streams, mine gangways","MAP_YEAR":1938,"RMS_ERROR":57.9095,"CONTROL_POINTS":5,"URL":"https://fortress.wa.gov/dnr/geologydata/coal_maps/coal_mine_zip_files/K67_A.zip","TIFsize":197.2,"URL2":"https://fortress.wa.gov/dnr/geologydata/coal_maps/pdfs/K67_A.pdf"}},{"type":"Feature","geometry":{"type":"Polygon","coordinates":[[[-121.007952205886,47.2239494146951],[-121.017780176966,47.2147374170228],[-121.046569064791,47.2286437616889],[-121.03674326026,47.2378588319314],[-121.007952205886,47.2239494146951]]]},"properties":{"MAP_ID":"KT18_I","MINE_ID":"KT18","MAP_TITLE":"N.W.I. Co. map of Roslyn No. 3 mine, southern part","MAP_DETAILS":"Buildings, streams, mine workings","MAP_YEAR":1956,"RMS_ERROR":21.2991,"CONTROL_POINTS":4,"URL":"https://fortress.wa.gov/dnr/geologydata/coal_maps/coal_mine_zip_files/KT18_I.zip","TIFsize":260.8,"URL2":"https://fortress.wa.gov/dnr/geologydata/coal_maps/pdfs/KT18_I.pdf"}},{"type":"Feature","geometry":{"type":"Polygon","coordinates":[[[-121.006450725564,47.2272778690826],[-121.013658904535,47.2170672978028],[-121.045300186094,47.2277699317403],[-121.038098016538,47.2379855995127],[-121.006450725564,47.2272778690826]]]},"properties":{"MAP_ID":"KT19_D","MINE_ID":"KT19","MAP_TITLE":"Map of Ronald No. 2 mine, Big Vein","MAP_DETAILS":"Elevations, mine workings","MAP_YEAR":1956,"RMS_ERROR":18.2303,"CONTROL_POINTS":6,"URL":"https://fortress.wa.gov/dnr/geologydata/coal_maps/coal_mine_zip_files/KT19_D.zip","TIFsize":264.1,"URL2":"https://fortress.wa.gov/dnr/geologydata/coal_maps/pdfs/KT19_D.pdf"}},{"type":"Feature","geometry":{"type":"Polygon","coordinates":[[[-120.952764804953,47.2393842134248],[-120.962014952848,47.2308542305883],[-121.013343484226,47.2503134294576],[-121.00409155822,47.2588492758201],[-120.952764804953,47.2393842134248]]]},"properties":{"MAP_ID":"KT20_B","MINE_ID":"KT20","MAP_TITLE":"Map of Roslyn No. 8 mine east and west sides","MAP_DETAILS":"Elevations, mine workings","MAP_YEAR":1929,"RMS_ERROR":-9999,"CONTROL_POINTS":3,"URL":"https://fortress.wa.gov/dnr/geologydata/coal_maps/coal_mine_zip_files/KT20_B.zip","TIFsize":323,"URL2":"https://fortress.wa.gov/dnr/geologydata/coal_maps/pdfs/KT20_B.pdf"}},{"type":"Feature","geometry":{"type":"Polygon","coordinates":[[[-120.975031667973,47.2165019785029],[-120.983790923778,47.2067590203351],[-121.025554423163,47.224332275068],[-121.016799748619,47.2340748353821],[-120.975031667973,47.2165019785029]]]},"properties":{"MAP_ID":"KT22_A","MINE_ID":"KT22","MAP_TITLE":"Working map of Roslyn No. 4 mine","MAP_DETAILS":"Buildings, mine workings. Also shows No. 5 mine","MAP_YEAR":1947,"RMS_ERROR":19.4112,"CONTROL_POINTS":6,"URL":"https://fortress.wa.gov/dnr/geologydata/coal_maps/coal_mine_zip_files/KT22_A.zip","TIFsize":324.3,"URL2":"https://fortress.wa.gov/dnr/geologydata/coal_maps/pdfs/KT22_A.pdf"}},{"type":"Feature","geometry":{"type":"Polygon","coordinates":[[[-120.971265469535,47.2057928376171],[-120.981193858903,47.196958468237],[-121.014725944028,47.2146150697141],[-121.004792704451,47.2234493279937],[-120.971265469535,47.2057928376171]]]},"properties":{"MAP_ID":"KT23_A","MINE_ID":"KT23","MAP_TITLE":"N.W.I. Co. map of Roslyn No. 9 mine","MAP_DETAILS":"Buildings, mine workings","MAP_YEAR":1947,"RMS_ERROR":13.117,"CONTROL_POINTS":5,"URL":"https://fortress.wa.gov/dnr/geologydata/coal_maps/coal_mine_zip_files/KT23_A.zip","TIFsize":275.5,"URL2":"https://fortress.wa.gov/dnr/geologydata/coal_maps/pdfs/KT23_A.pdf"}},{"type":"Feature","geometry":{"type":"Polygon","coordinates":[[[-120.971115415338,47.205776702906],[-120.981171189492,47.1968801256927],[-121.014755234582,47.2145923922056],[-121.004700350694,47.2234920560356],[-120.971115415338,47.205776702906]]]},"properties":{"MAP_ID":"KT23_B","MINE_ID":"KT23","MAP_TITLE":"N.W.I. Co. map of Roslyn No. 9 mine","MAP_DETAILS":"Buildings, mine workings","MAP_YEAR":1949,"RMS_ERROR":13.572,"CONTROL_POINTS":5,"URL":"https://fortress.wa.gov/dnr/geologydata/coal_maps/coal_mine_zip_files/KT23_B.zip","TIFsize":281.4,"URL2":"https://fortress.wa.gov/dnr/geologydata/coal_maps/pdfs/KT23_B.pdf"}},{"type":"Feature","geometry":{"type":"Polygon","coordinates":[[[-120.971310011132,47.2057409364787],[-120.981209420849,47.1970088561003],[-121.014619822625,47.2146558737543],[-121.004722823655,47.2233901795497],[-120.971310011132,47.2057409364787]]]},"properties":{"MAP_ID":"KT23_D","MINE_ID":"KT23","MAP_TITLE":"Map of Roslyn No. 9 mine","MAP_DETAILS":"Buildings, elevations, mine workings","MAP_YEAR":1963,"RMS_ERROR":11.8262,"CONTROL_POINTS":5,"URL":"https://fortress.wa.gov/dnr/geologydata/coal_maps/coal_mine_zip_files/KT23_D.zip","TIFsize":275.5,"URL2":"https://fortress.wa.gov/dnr/geologydata/coal_maps/pdfs/KT23_D.pdf"}},{"type":"Feature","geometry":{"type":"Polygon","coordinates":[[[-120.930321149795,47.2234705961223],[-120.936000784263,47.213709991233],[-120.983302799555,47.2265528011659],[-120.977632161586,47.2363156697735],[-120.930321149795,47.2234705961223]]]},"properties":{"MAP_ID":"KT24_A","MINE_ID":"KT24","MAP_TITLE":"Map of Roslyn No. 6 mine","MAP_DETAILS":"RR tracks, buildings, streams, elevations, contours, mine workings. Also shows Summit mine","MAP_YEAR":1923,"RMS_ERROR":17.2834,"CONTROL_POINTS":5,"URL":"https://fortress.wa.gov/dnr/geologydata/coal_maps/coal_mine_zip_files/KT24_A.zip","TIFsize":333.3,"URL2":"https://fortress.wa.gov/dnr/geologydata/coal_maps/pdfs/KT24_A.pdf"}},{"type":"Feature","geometry":{"type":"Polygon","coordinates":[[[-122.077106883462,47.5470093556929],[-122.078184529139,47.5143850631203],[-122.165903145908,47.5148949811977],[-122.164871753993,47.5475184257373],[-122.077106883462,47.5470093556929]]]},"properties":{"MAP_ID":"K21_A","MINE_ID":"K21","MAP_TITLE":"Map of Newcastle area showing company ownership","MAP_DETAILS":"Roads, streams, elevations, contours, mine workings. Shows strip pit and prospect cuts","MAP_YEAR":1955,"RMS_ERROR":35.0356,"CONTROL_POINTS":5,"URL":"https://fortress.wa.gov/dnr/geologydata/coal_maps/coal_mine_zip_files/K21_A.zip","TIFsize":719.8,"URL2":"https://fortress.wa.gov/dnr/geologydata/coal_maps/pdfs/K21_A.pdf"}},{"type":"Feature","geometry":{"type":"Polygon","coordinates":[[[-122.087934266015,47.5304476010798],[-122.089935675287,47.5245905175559],[-122.109402472105,47.5273927526333],[-122.107403091744,47.5332501354887],[-122.087934266015,47.5304476010798]]]},"properties":{"MAP_ID":"K15_E","MINE_ID":"K15","MAP_TITLE":"Map of the B. and R. New Slope mine and showing lower Bagley seam workings","MAP_DETAILS":"Streams, elevations, contours, mine workings, cross sections","MAP_YEAR":1958,"RMS_ERROR":1.63958,"CONTROL_POINTS":4,"URL":"https://fortress.wa.gov/dnr/geologydata/coal_maps/coal_mine_zip_files/K15_E.zip","TIFsize":325.1,"URL2":"https://fortress.wa.gov/dnr/geologydata/coal_maps/pdfs/K15_E.pdf"}},{"type":"Feature","geometry":{"type":"Polygon","coordinates":[[[-122.087949806544,47.5304430091908],[-122.089924842231,47.5246294370379],[-122.109374312071,47.5274114742421],[-122.107401031906,47.5332247203937],[-122.087949806544,47.5304430091908]]]},"properties":{"MAP_ID":"K15_D\r\nK15_D","MINE_ID":"K15","MAP_TITLE":"Map of the B. and R. New Slope mine and showing lower Bagley seam workings","MAP_DETAILS":"Streams, elevations, contours, mine workings","MAP_YEAR":1957,"RMS_ERROR":6.45586,"CONTROL_POINTS":7,"URL":"https://fortress.wa.gov/dnr/geologydata/coal_maps/coal_mine_zip_files/K15_D.zip","TIFsize":null,"URL2":"https://fortress.wa.gov/dnr/geologydata/coal_maps/pdfs/K15_D.pdf"}},{"type":"Feature","geometry":{"type":"Polygon","coordinates":[[[-122.087936552885,47.5304416021544],[-122.089970695211,47.5245997943922],[-122.109408115705,47.5273817393974],[-122.107375940994,47.5332239475946],[-122.087936552885,47.5304416021544]]]},"properties":{"MAP_ID":"K15_F","MINE_ID":"K15","MAP_TITLE":"Map of the B. and R. New Slope mine and showing lower Bagley seam workings","MAP_DETAILS":"Streams, elevations, contours, mine workings, cross sections","MAP_YEAR":1959,"RMS_ERROR":3.847,"CONTROL_POINTS":5,"URL":"https://fortress.wa.gov/dnr/geologydata/coal_maps/coal_mine_zip_files/K15_F.zip","TIFsize":327.6,"URL2":"https://fortress.wa.gov/dnr/geologydata/coal_maps/pdfs/K15_F.pdf"}},{"type":"Feature","geometry":{"type":"Polygon","coordinates":[[[-122.087929843239,47.5304312532289],[-122.089870315305,47.5248088986513],[-122.109290547798,47.5276217435589],[-122.107352033506,47.5332443173144],[-122.087929843239,47.5304312532289]]]},"properties":{"MAP_ID":"K15_G","MINE_ID":"K15","MAP_TITLE":"Map of the B. and R. New Slope mine and showing lower Bagley seam workings","MAP_DETAILS":"Streams, elevations, contours, mine workings, cross sections","MAP_YEAR":1962,"RMS_ERROR":1.58114,"CONTROL_POINTS":5,"URL":"https://fortress.wa.gov/dnr/geologydata/coal_maps/coal_mine_zip_files/K15_G.zip","TIFsize":310.5,"URL2":"https://fortress.wa.gov/dnr/geologydata/coal_maps/pdfs/K15_G.pdf"}},{"type":"Feature","geometry":{"type":"Polygon","coordinates":[[[-122.122824733296,47.5366011788865],[-122.124325834936,47.5314995172943],[-122.136043847681,47.5328246466254],[-122.134543929099,47.5379255440047],[-122.122824733296,47.5366011788865]]]},"properties":{"MAP_ID":"K18_B","MINE_ID":"K18","MAP_TITLE":"Coal Creek mine","MAP_DETAILS":"Roads, mine workings. Also shows Muldoon, No. 3 and No.4","MAP_YEAR":1935,"RMS_ERROR":6.44698,"CONTROL_POINTS":6,"URL":"https://fortress.wa.gov/dnr/geologydata/coal_maps/coal_mine_zip_files/K18_B.zip","TIFsize":40.7,"URL2":"https://fortress.wa.gov/dnr/geologydata/coal_maps/pdfs/K18_B.pdf"}},{"type":"Feature","geometry":{"type":"Polygon","coordinates":[[[-122.117560890326,47.5376420273161],[-122.119716960111,47.5292915802178],[-122.138264819271,47.5315098405728],[-122.13611160947,47.5398605857668],[-122.117560890326,47.5376420273161]]]},"properties":{"MAP_ID":"K18_C","MINE_ID":"K18","MAP_TITLE":"Strain Coal Co., Coal Creek (workings in vicinity of Ford slope)","MAP_DETAILS":"Roads, elevations, mine workings. Shows No.3 and No. 4 and Muldoon in relation to old Pacific Coast Coal Co. workings","MAP_YEAR":1936,"RMS_ERROR":0.93803,"CONTROL_POINTS":6,"URL":"https://fortress.wa.gov/dnr/geologydata/coal_maps/coal_mine_zip_files/K18_C.zip","TIFsize":108.9,"URL2":"https://fortress.wa.gov/dnr/geologydata/coal_maps/pdfs/K18_C.pdf"}},{"type":"Feature","geometry":{"type":"Polygon","coordinates":[[[-122.117604473621,47.5366149014442],[-122.119540856853,47.5293159240606],[-122.143329707357,47.5321440274342],[-122.141396412931,47.5394440769019],[-122.117604473621,47.5366149014442]]]},"properties":{"MAP_ID":"K18_D","MINE_ID":"K18","MAP_TITLE":"Strain Coal Co., Coal Creek (workings in vicinity of Ford slope)","MAP_DETAILS":"Roads, elevations, mine workings. Shows No.3 and No. 4 and Muldoon in relation to old Pacific Coast Coal Co. workings","MAP_YEAR":1937,"RMS_ERROR":2.02879,"CONTROL_POINTS":6,"URL":"https://fortress.wa.gov/dnr/geologydata/coal_maps/coal_mine_zip_files/K18_D.zip","TIFsize":121.5,"URL2":"https://fortress.wa.gov/dnr/geologydata/coal_maps/pdfs/K18_D.pdf"}},{"type":"Feature","geometry":{"type":"Polygon","coordinates":[[[-122.116645147569,47.5349057786909],[-122.118355495185,47.5286990516053],[-122.141324061012,47.5315860950256],[-122.13961549678,47.5377931802947],[-122.116645147569,47.5349057786909]]]},"properties":{"MAP_ID":"K18_F","MINE_ID":"K18","MAP_TITLE":"Newcastle mine (workings in vicinity of Ford slope)","MAP_DETAILS":"Roads, elevations, mine workings. Also shows old Pacific Coast Coal Co. workings, No.3 and No. 4, Muldoon, and Bagley","MAP_YEAR":1939,"RMS_ERROR":2.56354,"CONTROL_POINTS":8,"URL":"https://fortress.wa.gov/dnr/geologydata/coal_maps/coal_mine_zip_files/K18_F.zip","TIFsize":103.5,"URL2":"https://fortress.wa.gov/dnr/geologydata/coal_maps/pdfs/K18_F.pdf"}},{"type":"Feature","geometry":{"type":"Polygon","coordinates":[[[-122.108658012367,47.5379313299441],[-122.111967640014,47.5278542821769],[-122.134966394544,47.5312079386118],[-122.13166094411,47.5412862339327],[-122.108658012367,47.5379313299441]]]},"properties":{"MAP_ID":"K18_G","MINE_ID":"K18","MAP_TITLE":"Newcastle mine (workings in vicinity of Ford slope)","MAP_DETAILS":"Roads, elevations, mine workings. Also shows No.3 and No. 4, Muldoon, and Bagley, and old workings dashed in","MAP_YEAR":1940,"RMS_ERROR":2.04906,"CONTROL_POINTS":6,"URL":"https://fortress.wa.gov/dnr/geologydata/coal_maps/coal_mine_zip_files/K18_G.zip","TIFsize":172.7,"URL2":"https://fortress.wa.gov/dnr/geologydata/coal_maps/pdfs/K18_G.pdf"}},{"type":"Feature","geometry":{"type":"Polygon","coordinates":[[[-122.116849680627,47.5361772818457],[-122.119287403471,47.5286082387417],[-122.141563598519,47.5319190132396],[-122.139128917909,47.5394883898084],[-122.116849680627,47.5361772818457]]]},"properties":{"MAP_ID":"K18_K","MINE_ID":"K18","MAP_TITLE":"Newcastle mine (workings in vicinity of Ford slope)","MAP_DETAILS":"Roads, buildings, elevations, mine workings, May Creek, Bagley, No.3, No.4, old workings. Shows relation to Pacific Coast Coal Co. workings.","MAP_YEAR":1949,"RMS_ERROR":3.46589,"CONTROL_POINTS":5,"URL":"https://fortress.wa.gov/dnr/geologydata/coal_maps/coal_mine_zip_files/K18_K.zip","TIFsize":118.8,"URL2":"https://fortress.wa.gov/dnr/geologydata/coal_maps/pdfs/K18_K.pdf"}},{"type":"Feature","geometry":{"type":"Polygon","coordinates":[[[-122.139556528504,47.5361524417686],[-122.14127004363,47.5318474605012],[-122.153045778073,47.5336592956577],[-122.153045782497,47.5336594386286],[-122.151332784123,47.537964555883],[-122.139556528504,47.5361524417686]]]},"properties":{"MAP_ID":"K19_A","MINE_ID":"K19","MAP_TITLE":"B. and R. coal mine, Muldoon seam","MAP_DETAILS":"Buildings, mine workings","MAP_YEAR":1939,"RMS_ERROR":1.02105,"CONTROL_POINTS":4,"URL":"https://fortress.wa.gov/dnr/geologydata/coal_maps/coal_mine_zip_files/K19_A.zip","TIFsize":125.2,"URL2":"https://fortress.wa.gov/dnr/geologydata/coal_maps/pdfs/K19_A.pdf"}},{"type":"Feature","geometry":{"type":"Polygon","coordinates":[[[-122.13961904187,47.5363988893977],[-122.141089802411,47.5318268118117],[-122.152963241782,47.5334973500773],[-122.151493496846,47.5380695731286],[-122.13961904187,47.5363988893977]]]},"properties":{"MAP_ID":"K19_B","MINE_ID":"K19","MAP_TITLE":"B. and R. coal mine, Muldoon seam","MAP_DETAILS":"Buildings, elevations, mine workings","MAP_YEAR":1940,"RMS_ERROR":2.80601,"CONTROL_POINTS":7,"URL":"https://fortress.wa.gov/dnr/geologydata/coal_maps/coal_mine_zip_files/K19_B.zip","TIFsize":130,"URL2":"https://fortress.wa.gov/dnr/geologydata/coal_maps/pdfs/K19_B.pdf"}},{"type":"Feature","geometry":{"type":"Polygon","coordinates":[[[-122.13965818933,47.5362946771262],[-122.141103515394,47.5317523095689],[-122.152888986838,47.5335239088687],[-122.151444324356,47.5380664641651],[-122.13965818933,47.5362946771262]]]},"properties":{"MAP_ID":"K19_C","MINE_ID":"K19","MAP_TITLE":"B. and R. coal mine, Muldoon seam","MAP_DETAILS":"Buildings, mine workings","MAP_YEAR":1941,"RMS_ERROR":3.03127,"CONTROL_POINTS":5,"URL":"https://fortress.wa.gov/dnr/geologydata/coal_maps/coal_mine_zip_files/K19_C.zip","TIFsize":134.8,"URL2":"https://fortress.wa.gov/dnr/geologydata/coal_maps/pdfs/K19_C.pdf"}},{"type":"Feature","geometry":{"type":"Polygon","coordinates":[[[-122.139644735551,47.536136724992],[-122.14110968702,47.5318934937636],[-122.152502448183,47.5336695290185],[-122.151038307855,47.5379127663994],[-122.139644735551,47.536136724992]]]},"properties":{"MAP_ID":"K19_D","MINE_ID":"K19","MAP_TITLE":"B. and R. coal mine, Muldoon seam","MAP_DETAILS":"Buildings, elevations, mine workings. Also shows Bagley seam","MAP_YEAR":1942,"RMS_ERROR":2.83786,"CONTROL_POINTS":6,"URL":"https://fortress.wa.gov/dnr/geologydata/coal_maps/coal_mine_zip_files/K19_D.zip","TIFsize":114.8,"URL2":"https://fortress.wa.gov/dnr/geologydata/coal_maps/pdfs/K19_D.pdf"}},{"type":"Feature","geometry":{"type":"Polygon","coordinates":[[[-122.139626974105,47.5363105767048],[-122.141132281537,47.5317377727091],[-122.152876751593,47.5335187551697],[-122.151372538505,47.5380917328116],[-122.139626974105,47.5363105767048]]]},"properties":{"MAP_ID":"K19_E","MINE_ID":"K19","MAP_TITLE":"B. and R. coal mine, Muldoon seam","MAP_DETAILS":"Buildings, mine workings. Also shows Jones, May Creek, and Bagley seams.","MAP_YEAR":1946,"RMS_ERROR":2.39154,"CONTROL_POINTS":5,"URL":"https://fortress.wa.gov/dnr/geologydata/coal_maps/coal_mine_zip_files/K19_E.zip","TIFsize":126.6,"URL2":"https://fortress.wa.gov/dnr/geologydata/coal_maps/pdfs/K19_E.pdf"}},{"type":"Feature","geometry":{"type":"Polygon","coordinates":[[[-122.136800678805,47.5385051521563],[-122.137170158143,47.5314372254568],[-122.153224683103,47.5317192866831],[-122.152857134912,47.5387871251367],[-122.136800678805,47.5385051521563]]]},"properties":{"MAP_ID":"K19_F","MINE_ID":"K19","MAP_TITLE":"Underground workings of B. and R. Coal Co.'s Newcastle mines","MAP_DETAILS":"Elevations, mine workings. Also shows Jones, May Creek and Bagley seams.","MAP_YEAR":1947,"RMS_ERROR":1.79109,"CONTROL_POINTS":5,"URL":"https://fortress.wa.gov/dnr/geologydata/coal_maps/coal_mine_zip_files/K19_F.zip","TIFsize":63.6,"URL2":"https://fortress.wa.gov/dnr/geologydata/coal_maps/pdfs/K19_F.pdf"}},{"type":"Feature","geometry":{"type":"Polygon","coordinates":[[[-122.137215438153,47.5382283066094],[-122.137493872657,47.529654362968],[-122.151955462139,47.5298957866136],[-122.151677045335,47.5384717236434],[-122.137215438153,47.5382283066094]]]},"properties":{"MAP_ID":"K19_G","MINE_ID":"K19","MAP_TITLE":"Underground workings of B. and R. Coal Co.'s Newcastle mines","MAP_DETAILS":"Elevations, mine workings, pencil update on Jones seam. Survey into sec. 34 with Gladding-Mcbean prospect (117 foot tunnel)","MAP_YEAR":1947,"RMS_ERROR":1.05081,"CONTROL_POINTS":5,"URL":"https://fortress.wa.gov/dnr/geologydata/coal_maps/coal_mine_zip_files/K19_G.zip","TIFsize":152.7,"URL2":"https://fortress.wa.gov/dnr/geologydata/coal_maps/pdfs/K19_G.pdf"}},{"type":"Feature","geometry":{"type":"Polygon","coordinates":[[[-122.134912208303,47.5384528595663],[-122.135241738576,47.530820577407],[-122.153189741135,47.5312188167437],[-122.152862824662,47.5388513041834],[-122.134912208303,47.5384528595663]]]},"properties":{"MAP_ID":"K19_H","MINE_ID":"K19","MAP_TITLE":"B. and R. Coal Co.'s Newcastle mines, revised map 1949","MAP_DETAILS":"Mine workings","MAP_YEAR":1949,"RMS_ERROR":1.2313,"CONTROL_POINTS":5,"URL":"https://fortress.wa.gov/dnr/geologydata/coal_maps/coal_mine_zip_files/K19_H.zip","TIFsize":300.1,"URL2":"https://fortress.wa.gov/dnr/geologydata/coal_maps/pdfs/K19_H.pdf"}},{"type":"Feature","geometry":{"type":"Polygon","coordinates":[[[-122.122897946306,47.5375528878534],[-122.123126031247,47.5305463890055],[-122.13298351418,47.5306080899834],[-122.132756788978,47.5376147946593],[-122.122897946306,47.5375528878534]]]},"properties":{"MAP_ID":"K22_A","MINE_ID":"K22","MAP_TITLE":"Plan showing proposed drainage tunnel at Coal Creek mine (Ford slope)","MAP_DETAILS":"Roads, RR tracks, buildings, elevations, mine workings","MAP_YEAR":1917,"RMS_ERROR":1.05986,"CONTROL_POINTS":5,"URL":"https://fortress.wa.gov/dnr/geologydata/coal_maps/coal_mine_zip_files/K22_A.zip","TIFsize":182.9,"URL2":"https://fortress.wa.gov/dnr/geologydata/coal_maps/pdfs/K22_A.pdf"}},{"type":"Feature","geometry":{"type":"Polygon","coordinates":[[[-122.083723843436,47.5352265397311],[-122.086815793365,47.5240725155025],[-122.138311375872,47.5301271654922],[-122.135228885914,47.5412825376925],[-122.083723843436,47.5352265397311]]]},"properties":{"MAP_ID":"K22_B","MINE_ID":"K22","MAP_TITLE":"Map of Newcastle mine, No. 1 Bagley seam","MAP_DETAILS":"Roads, RR tracks, buildings, streams, mine workings. Also shows Shoo Fly, Ragtime, Dolly Varden, May Creek, Muldoon, No. 3 and No. 4 seams","MAP_YEAR":1923,"RMS_ERROR":0.625553,"CONTROL_POINTS":4,"URL":"https://fortress.wa.gov/dnr/geologydata/coal_maps/coal_mine_zip_files/K22_B.zip","TIFsize":397.6,"URL2":"https://fortress.wa.gov/dnr/geologydata/coal_maps/pdfs/K22_B.pdf"}},{"type":"Feature","geometry":{"type":"Polygon","coordinates":[[[-122.084048369019,47.5346162558075],[-122.086514124577,47.5250174618568],[-122.104095129737,47.527099777122],[-122.101632193233,47.5366989733464],[-122.084048369019,47.5346162558075]]]},"properties":{"MAP_ID":"K22_C","MINE_ID":"K22","MAP_TITLE":"Map of Newcastle mine, lower Bagley seam","MAP_DETAILS":"Mine workings","MAP_YEAR":1929,"RMS_ERROR":14.8829,"CONTROL_POINTS":5,"URL":"https://fortress.wa.gov/dnr/geologydata/coal_maps/coal_mine_zip_files/K22_C.zip","TIFsize":125.4,"URL2":"https://fortress.wa.gov/dnr/geologydata/coal_maps/pdfs/K22_C.pdf"}},{"type":"Feature","geometry":{"type":"Polygon","coordinates":[[[-122.088572431489,47.5372114812949],[-122.091599784294,47.5262273128716],[-122.137300934803,47.5316691151992],[-122.134282239528,47.5426547878196],[-122.088572431489,47.5372114812949]]]},"properties":{"MAP_ID":"K22_D","MINE_ID":"K22","MAP_TITLE":"Map of Newcastle mine, No. 3 seam","MAP_DETAILS":"Roads, RR tracks, buildings, streams, elevations, mine workings. Also shows workings on Muldoon, Bagley, and No. 4 seams","MAP_YEAR":1923,"RMS_ERROR":16.7615,"CONTROL_POINTS":8,"URL":"https://fortress.wa.gov/dnr/geologydata/coal_maps/coal_mine_zip_files/K22_D.zip","TIFsize":351.6,"URL2":"https://fortress.wa.gov/dnr/geologydata/coal_maps/pdfs/K22_D.pdf"}},{"type":"Feature","geometry":{"type":"Polygon","coordinates":[[[-122.086347737846,47.5370321320278],[-122.089447889859,47.5258947255256],[-122.137443870084,47.531643940635],[-122.134352599722,47.5427825784974],[-122.086347737846,47.5370321320278]]]},"properties":{"MAP_ID":"K22_E","MINE_ID":"K22","MAP_TITLE":"Map of Newcastle mine, No. 4 seam","MAP_DETAILS":"Roads, RR tracks, buildings, streams, elevations, contours, mine workings. Also shows workings on Muldoon, Bagley, and No. 3 seams","MAP_YEAR":1927,"RMS_ERROR":3.66852,"CONTROL_POINTS":4,"URL":"https://fortress.wa.gov/dnr/geologydata/coal_maps/coal_mine_zip_files/K22_E.zip","TIFsize":373,"URL2":"https://fortress.wa.gov/dnr/geologydata/coal_maps/pdfs/K22_E.pdf"}},{"type":"Feature","geometry":{"type":"Polygon","coordinates":[[[-122.088777179837,47.5367787802154],[-122.091725923063,47.5259584338785],[-122.17010114697,47.5353490390761],[-122.167168989605,47.54617083202],[-122.088777179837,47.5367787802154]]]},"properties":{"MAP_ID":"K22_F","MINE_ID":"K22","MAP_TITLE":"Map of Newcastle mine, Muldoon seam","MAP_DETAILS":"Roads, RR tracks, buildings, streams, elevations, mine workings. Town of Newcastle","MAP_YEAR":1924,"RMS_ERROR":15.8122,"CONTROL_POINTS":5,"URL":"https://fortress.wa.gov/dnr/geologydata/coal_maps/coal_mine_zip_files/K22_F.zip","TIFsize":140.5,"URL2":"https://fortress.wa.gov/dnr/geologydata/coal_maps/pdfs/K22_F.pdf"}},{"type":"Feature","geometry":{"type":"Polygon","coordinates":[[[-122.114363369307,47.5397629315405],[-122.117266011468,47.5289852024466],[-122.136624750576,47.5312757859681],[-122.133726231476,47.5420538271471],[-122.114363369307,47.5397629315405]]]},"properties":{"MAP_ID":"K22_G","MINE_ID":"K22","MAP_TITLE":"Map of Newcastle mine, Muldoon seam","MAP_DETAILS":"Roads, RR tracks, buildings, streams, elevations, mine workings. Town of Newcastle","MAP_YEAR":1925,"RMS_ERROR":2.91758,"CONTROL_POINTS":4,"URL":"https://fortress.wa.gov/dnr/geologydata/coal_maps/coal_mine_zip_files/K22_G.zip","TIFsize":336.6,"URL2":"https://fortress.wa.gov/dnr/geologydata/coal_maps/pdfs/K22_G.pdf"}},{"type":"Feature","geometry":{"type":"Polygon","coordinates":[[[-122.089094069385,47.5366310340428],[-122.092016524263,47.5257310158639],[-122.104869997413,47.5273841459674],[-122.101951932187,47.53828331501],[-122.089094069385,47.5366310340428]]]},"properties":{"MAP_ID":"K22_H","MINE_ID":"K22","MAP_TITLE":"Map of Newcastle mine, Muldoon seam","MAP_DETAILS":"Mine workings","MAP_YEAR":1925,"RMS_ERROR":12.2562,"CONTROL_POINTS":5,"URL":"https://fortress.wa.gov/dnr/geologydata/coal_maps/coal_mine_zip_files/K22_H.zip","TIFsize":104.7,"URL2":"https://fortress.wa.gov/dnr/geologydata/coal_maps/pdfs/K22_H.pdf"}},{"type":"Feature","geometry":{"type":"Polygon","coordinates":[[[-122.089222863864,47.5364728537946],[-122.091878359781,47.5259393078814],[-122.104774055791,47.5274952224737],[-122.102121519659,47.538029216445],[-122.089222863864,47.5364728537946]]]},"properties":{"MAP_ID":"K22_L","MINE_ID":"K22","MAP_TITLE":"Map of Newcastle mine Muldoon seam","MAP_DETAILS":"Mine workings","MAP_YEAR":1929,"RMS_ERROR":9.54011,"CONTROL_POINTS":4,"URL":"https://fortress.wa.gov/dnr/geologydata/coal_maps/coal_mine_zip_files/K22_L.zip","TIFsize":227.6,"URL2":"https://fortress.wa.gov/dnr/geologydata/coal_maps/pdfs/K22_L.pdf"}},{"type":"Feature","geometry":{"type":"Polygon","coordinates":[[[-122.134275720929,47.5514394011902],[-122.134595636013,47.536298757184],[-122.168840861086,47.5365700153329],[-122.168531282924,47.5517111076593],[-122.134275720929,47.5514394011902]]]},"properties":{"MAP_ID":"K24_A","MINE_ID":"K24","MAP_TITLE":"Map showing survey in relation to coal prospect situated on land owned by John Collins estate","MAP_DETAILS":"Roads, RR tracks, streams, elevations, mine workings. Property survey only.","MAP_YEAR":1935,"RMS_ERROR":9.45619,"CONTROL_POINTS":5,"URL":"https://fortress.wa.gov/dnr/geologydata/coal_maps/coal_mine_zip_files/K24_A.zip","TIFsize":367.2,"URL2":"https://fortress.wa.gov/dnr/geologydata/coal_maps/pdfs/K24_A.pdf"}},{"type":"Feature","geometry":{"type":"Polygon","coordinates":[[[-122.141794117675,47.5470165559918],[-122.141920031573,47.5420104317917],[-122.154263875493,47.5421525182673],[-122.154162343971,47.5471713242842],[-122.141794117675,47.5470165559918]]]},"properties":{"MAP_ID":"K24_B","MINE_ID":"K24","MAP_TITLE":"Map showing workings operated by Newcastle King Coal Co. near old Newcastle","MAP_DETAILS":"Buildings, streams, elevations, mine workings (tissue map in poor condition)","MAP_YEAR":1938,"RMS_ERROR":-9999,"CONTROL_POINTS":2,"URL":"https://fortress.wa.gov/dnr/geologydata/coal_maps/coal_mine_zip_files/K24_B.zip","TIFsize":168.6,"URL2":"https://fortress.wa.gov/dnr/geologydata/coal_maps/pdfs/K24_B.pdf"}},{"type":"Feature","geometry":{"type":"Polygon","coordinates":[[[-122.141772602478,47.547006778553],[-122.141885969877,47.5420249245971],[-122.156685729012,47.5421782880408],[-122.156574003939,47.5471603318296],[-122.141772602478,47.547006778553]]]},"properties":{"MAP_ID":"K24_C","MINE_ID":"K24","MAP_TITLE":"Newcastle King Coal Co. mine","MAP_DETAILS":"Buildings, streams, elevations, mine workings","MAP_YEAR":1939,"RMS_ERROR":-9999,"CONTROL_POINTS":2,"URL":"https://fortress.wa.gov/dnr/geologydata/coal_maps/coal_mine_zip_files/K24_C.zip","TIFsize":459.4,"URL2":"https://fortress.wa.gov/dnr/geologydata/coal_maps/pdfs/K24_C.pdf"}},{"type":"Feature","geometry":{"type":"Polygon","coordinates":[[[-122.146152051457,47.5432552065289],[-122.146309861914,47.5370843998777],[-122.164970662327,47.5373130368815],[-122.164816375224,47.5434840575458],[-122.146152051457,47.5432552065289]]]},"properties":{"MAP_ID":"K27_A","MINE_ID":"K27","MAP_TITLE":"Map showing survey in Richmond-Stanley mine","MAP_DETAILS":"Roads, RR tracks, buildings, streams, mine workings (Pacific Coast Coal Co. lease)","MAP_YEAR":1932,"RMS_ERROR":1.56203,"CONTROL_POINTS":5,"URL":"https://fortress.wa.gov/dnr/geologydata/coal_maps/coal_mine_zip_files/K27_A.zip","TIFsize":180.5,"URL2":"https://fortress.wa.gov/dnr/geologydata/coal_maps/pdfs/K27_A.pdf"}},{"type":"Feature","geometry":{"type":"Polygon","coordinates":[[[-122.146076720504,47.5432429158669],[-122.146235057885,47.5370743994838],[-122.164998614104,47.5373122424147],[-122.164842511253,47.5434804023545],[-122.146076720504,47.5432429158669]]]},"properties":{"MAP_ID":"K27_B","MINE_ID":"K27","MAP_TITLE":"Map showing survey in B. and R. mine, lower split No. 3","MAP_DETAILS":"Roads, RR tracks, buildings, streams, mine workings","MAP_YEAR":1932,"RMS_ERROR":1.26554,"CONTROL_POINTS":5,"URL":"https://fortress.wa.gov/dnr/geologydata/coal_maps/coal_mine_zip_files/K27_B.zip","TIFsize":177.2,"URL2":"https://fortress.wa.gov/dnr/geologydata/coal_maps/pdfs/K27_B.pdf"}},{"type":"Feature","geometry":{"type":"Polygon","coordinates":[[[-122.146066526913,47.543177969158],[-122.146239135288,47.537051313499],[-122.164986885487,47.5373122427443],[-122.164816433196,47.5434387357737],[-122.146066526913,47.543177969158]]]},"properties":{"MAP_ID":"K27_C","MINE_ID":"K27","MAP_TITLE":"Map showing survey in B. and R. mine, lower split No. 3","MAP_DETAILS":"Roads, RR tracks, buildings, streams, elevations, mine workings","MAP_YEAR":1933,"RMS_ERROR":0.70159,"CONTROL_POINTS":5,"URL":"https://fortress.wa.gov/dnr/geologydata/coal_maps/coal_mine_zip_files/K27_C.zip","TIFsize":177.2,"URL2":"https://fortress.wa.gov/dnr/geologydata/coal_maps/pdfs/K27_C.pdf"}},{"type":"Feature","geometry":{"type":"Polygon","coordinates":[[[-122.142527833462,47.5433437724227],[-122.14285816577,47.5335866751317],[-122.165626880453,47.5339554183104],[-122.16530037717,47.5437131539727],[-122.142527833462,47.5433437724227]]]},"properties":{"MAP_ID":"K27_D","MINE_ID":"K27","MAP_TITLE":"Map showing survey in Baima Rubitina mine, showing lower split No. 3 seam","MAP_DETAILS":"Roads, RR tracks, buildings, streams, elevations, mine workings, columnar sections","MAP_YEAR":1934,"RMS_ERROR":0.843008,"CONTROL_POINTS":4,"URL":"https://fortress.wa.gov/dnr/geologydata/coal_maps/coal_mine_zip_files/K27_D.zip","TIFsize":336.1,"URL2":"https://fortress.wa.gov/dnr/geologydata/coal_maps/pdfs/K27_D.pdf"}},{"type":"Feature","geometry":{"type":"Polygon","coordinates":[[[-122.142624409117,47.5433771127684],[-122.142883374299,47.5367838716792],[-122.165558410842,47.5371864016212],[-122.165302025566,47.5437796967808],[-122.142624409117,47.5433771127684]]]},"properties":{"MAP_ID":"K27_E","MINE_ID":"K27","MAP_TITLE":"Map showing survey in Baima and Rubitina mine, showing lower split No. 3 seam workings and No. 4 seam survey and gangway","MAP_DETAILS":"Roads, RR tracks, buildings, streams, elevations, mine workings","MAP_YEAR":1935,"RMS_ERROR":0.947655,"CONTROL_POINTS":5,"URL":"https://fortress.wa.gov/dnr/geologydata/coal_maps/coal_mine_zip_files/K27_E.zip","TIFsize":226.6,"URL2":"https://fortress.wa.gov/dnr/geologydata/coal_maps/pdfs/K27_E.pdf"}},{"type":"Feature","geometry":{"type":"Polygon","coordinates":[[[-122.142496619358,47.5432608001642],[-122.142699473489,47.5351369765924],[-122.165658035606,47.5354738534352],[-122.165458405088,47.5435979495893],[-122.142496619358,47.5432608001642]]]},"properties":{"MAP_ID":"K27_F","MINE_ID":"K27","MAP_TITLE":"Map showing survey in Baima and Rubitina mine, showing workings on lower No. 3 and No. 4 seam","MAP_DETAILS":"Roads, RR tracks, buildings, streams, elevations, mine workings","MAP_YEAR":1936,"RMS_ERROR":1.77944,"CONTROL_POINTS":5,"URL":"https://fortress.wa.gov/dnr/geologydata/coal_maps/coal_mine_zip_files/K27_F.zip","TIFsize":292.6,"URL2":"https://fortress.wa.gov/dnr/geologydata/coal_maps/pdfs/K27_F.pdf"}},{"type":"Feature","geometry":{"type":"Polygon","coordinates":[[[-122.142345590238,47.5432794322373],[-122.142696509457,47.5367865008747],[-122.165575845189,47.5373999278613],[-122.165227716863,47.5438929620774],[-122.142345590238,47.5432794322373]]]},"properties":{"MAP_ID":"K27_G","MINE_ID":"K27","MAP_TITLE":"Map showing survey in Baima and Rubitina mine leased from Pacific Coast Coal Co. showing lower split No. 3 seam and No. 4 seam","MAP_DETAILS":"Roads, RR tracks, buildings, streams, elevations, mine workings","MAP_YEAR":1937,"RMS_ERROR":0.561149,"CONTROL_POINTS":5,"URL":"https://fortress.wa.gov/dnr/geologydata/coal_maps/coal_mine_zip_files/K27_G.zip","TIFsize":230.5,"URL2":"https://fortress.wa.gov/dnr/geologydata/coal_maps/pdfs/K27_G.pdf"}},{"type":"Feature","geometry":{"type":"Polygon","coordinates":[[[-122.140028255529,47.5431613436896],[-122.140308247484,47.5335950726837],[-122.160813604935,47.5340908559697],[-122.160539083721,47.5436579802432],[-122.140028255529,47.5431613436896]]]},"properties":{"MAP_ID":"K27_I","MINE_ID":"K27","MAP_TITLE":"Map showing survey in Baima Rubitina mine, showing upper split No. 3 seam","MAP_DETAILS":"Elevations, mine workings","MAP_YEAR":1934,"RMS_ERROR":2.77138,"CONTROL_POINTS":5,"URL":"https://fortress.wa.gov/dnr/geologydata/coal_maps/coal_mine_zip_files/K27_I.zip","TIFsize":301.9,"URL2":"https://fortress.wa.gov/dnr/geologydata/coal_maps/pdfs/K27_I.pdf"}},{"type":"Feature","geometry":{"type":"Polygon","coordinates":[[[-122.139992777779,47.5432612904136],[-122.140150768931,47.5366699093825],[-122.160747001473,47.5370739468418],[-122.160591377506,47.5436660453143],[-122.139992777779,47.5432612904136]]]},"properties":{"MAP_ID":"K27_J","MINE_ID":"K27","MAP_TITLE":"Map showing survey in Baima and Rubitina mine, showing upper split No. 3 seam","MAP_DETAILS":"Elevations, mine workings","MAP_YEAR":1935,"RMS_ERROR":2.93316,"CONTROL_POINTS":4,"URL":"https://fortress.wa.gov/dnr/geologydata/coal_maps/coal_mine_zip_files/K27_J.zip","TIFsize":204.9,"URL2":"https://fortress.wa.gov/dnr/geologydata/coal_maps/pdfs/K27_J.pdf"}},{"type":"Feature","geometry":{"type":"Polygon","coordinates":[[[-122.139224673119,47.5431258310674],[-122.139764523829,47.5349095190431],[-122.161104770412,47.5355368578967],[-122.160567296901,47.5437532530104],[-122.139224673119,47.5431258310674]]]},"properties":{"MAP_ID":"K27_K","MINE_ID":"K27","MAP_TITLE":"Map showing survey in Baima Rubitina mine, showing upper split No. 3 seam workings","MAP_DETAILS":"Mine workings","MAP_YEAR":1936,"RMS_ERROR":3.66397,"CONTROL_POINTS":4,"URL":"https://fortress.wa.gov/dnr/geologydata/coal_maps/coal_mine_zip_files/K27_K.zip","TIFsize":263.3,"URL2":"https://fortress.wa.gov/dnr/geologydata/coal_maps/pdfs/K27_K.pdf"}},{"type":"Feature","geometry":{"type":"Polygon","coordinates":[[[-122.140201860383,47.5432801677864],[-122.140391860504,47.5368292958407],[-122.16063571166,47.5372444978574],[-122.160448414485,47.5436945011261],[-122.140201860383,47.5432801677864]]]},"properties":{"MAP_ID":"K27_L","MINE_ID":"K27","MAP_TITLE":"Map showing survey in Baima Rubitina mine, showing upper split No. 3 seam","MAP_DETAILS":"Roads, streams, elevations, mine workings","MAP_YEAR":1937,"RMS_ERROR":3.99455,"CONTROL_POINTS":6,"URL":"https://fortress.wa.gov/dnr/geologydata/coal_maps/coal_mine_zip_files/K27_L.zip","TIFsize":203.1,"URL2":"https://fortress.wa.gov/dnr/geologydata/coal_maps/pdfs/K27_L.pdf"}},{"type":"Feature","geometry":{"type":"Polygon","coordinates":[[[-122.145759314628,47.543485158816],[-122.145801653838,47.5370509368899],[-122.16054810731,47.5372295677782],[-122.160507262035,47.5436638897943],[-122.145759314628,47.543485158816]]]},"properties":{"MAP_ID":"K27_M","MINE_ID":"K27","MAP_TITLE":"Map showing survey in Baima and Rubitina mine, showing upper spilt No. 3 seam","MAP_DETAILS":"Roads, RR tracks, buildings, streams, mine workings","MAP_YEAR":1938,"RMS_ERROR":2.78228,"CONTROL_POINTS":5,"URL":"https://fortress.wa.gov/dnr/geologydata/coal_maps/coal_mine_zip_files/K27_M.zip","TIFsize":149.7,"URL2":"https://fortress.wa.gov/dnr/geologydata/coal_maps/pdfs/K27_M.pdf"}},{"type":"Feature","geometry":{"type":"Polygon","coordinates":[[[-122.167815794081,47.4904989787863],[-122.167024099497,47.4433577387972],[-122.221639962156,47.4436409411602],[-122.222483404448,47.4907836486778],[-122.167815794081,47.4904989787863]]]},"properties":{"MAP_ID":"K32_A","MINE_ID":"K32","MAP_TITLE":"Geologic structure map of Renton Coal mine to accompany report of Geo Watkins Evans, consulting mining engineer: \"A report on the property of the Renton Coal Co.\", 1920, plate 2","MAP_DETAILS":"Roads, RR tracks, streams, mine workings. Shows old Talbot mine, Sunbeam mine, and Patton mine","MAP_YEAR":1920,"RMS_ERROR":24.5789,"CONTROL_POINTS":5,"URL":"https://fortress.wa.gov/dnr/geologydata/coal_maps/coal_mine_zip_files/K32_A.zip","TIFsize":246.2,"URL2":"https://fortress.wa.gov/dnr/geologydata/coal_maps/pdfs/K32_A.pdf"}},{"type":"Feature","geometry":{"type":"Polygon","coordinates":[[[-122.19231931751,47.4806775843589],[-122.202546954374,47.4594973710489],[-122.211713074795,47.4615775222019],[-122.201501068791,47.4827600255804],[-122.19231931751,47.4806775843589]]]},"properties":{"MAP_ID":"K32_E","MINE_ID":"K32","MAP_TITLE":"Map showing the upper coal mining operations of the Renton mine under the city of Renton","MAP_DETAILS":"Roads, mine workings","MAP_YEAR":1955,"RMS_ERROR":9.66539,"CONTROL_POINTS":4,"URL":"https://fortress.wa.gov/dnr/geologydata/coal_maps/coal_mine_zip_files/K32_E.zip","TIFsize":79.3,"URL2":"https://fortress.wa.gov/dnr/geologydata/coal_maps/pdfs/K32_E.pdf"}},{"type":"Feature","geometry":{"type":"Polygon","coordinates":[[[-122.185064215327,47.4379694073996],[-122.228840153708,47.4370791591276],[-122.228093405112,47.489043932304],[-122.184279474017,47.4899345419398],[-122.185064215327,47.4379694073996]]]},"properties":{"MAP_ID":"K33_A","MINE_ID":"K33","MAP_TITLE":"Sketch showing Renton Coal Co. prospects","MAP_DETAILS":"Roads, RR tracks, streams, prospects and gangways","MAP_YEAR":1922,"RMS_ERROR":24.8911,"CONTROL_POINTS":5,"URL":"https://fortress.wa.gov/dnr/geologydata/coal_maps/coal_mine_zip_files/K33_A.zip","TIFsize":21.3,"URL2":"https://fortress.wa.gov/dnr/geologydata/coal_maps/pdfs/K33_A.pdf"}},{"type":"Feature","geometry":{"type":"Polygon","coordinates":[[[-122.197180711726,47.4613796822361],[-122.196916788636,47.4538630488687],[-122.218484200819,47.4543007459085],[-122.218746581277,47.4618132706691],[-122.197180711726,47.4613796822361]]]},"properties":{"MAP_ID":"K33_B","MINE_ID":"K33","MAP_TITLE":"Renton-Sunbeam mine (see other Renton mine maps for relationship to other Renton mines)","MAP_DETAILS":"Roads, buildings, mine workings","MAP_YEAR":1929,"RMS_ERROR":26.1255,"CONTROL_POINTS":4,"URL":"https://fortress.wa.gov/dnr/geologydata/coal_maps/coal_mine_zip_files/K33_B.zip","TIFsize":98.4,"URL2":"https://fortress.wa.gov/dnr/geologydata/coal_maps/pdfs/K33_B.pdf"}},{"type":"Feature","geometry":{"type":"Polygon","coordinates":[[[-122.180001603691,47.4713842674161],[-122.179727872774,47.4284220697147],[-122.262665628422,47.4282887511618],[-122.263005106918,47.4712494277588],[-122.180001603691,47.4713842674161]]]},"properties":{"MAP_ID":"K34_A","MINE_ID":"K34","MAP_TITLE":"Map showing survey in Spring Brook coal mine, 1st opening by J. Johnson","MAP_DETAILS":"Roads, mine workings","MAP_YEAR":1932,"RMS_ERROR":16.3169,"CONTROL_POINTS":4,"URL":"https://fortress.wa.gov/dnr/geologydata/coal_maps/coal_mine_zip_files/K34_A.zip","TIFsize":155,"URL2":"https://fortress.wa.gov/dnr/geologydata/coal_maps/pdfs/K34_A.pdf"}},{"type":"Feature","geometry":{"type":"Polygon","coordinates":[[[-122.179682335978,47.4715111343865],[-122.180346010797,47.4284290265375],[-122.262887171287,47.4281781983635],[-122.262290229082,47.4712608857863],[-122.179682335978,47.4715111343865]]]},"properties":{"MAP_ID":"K34_B","MINE_ID":"K34","MAP_TITLE":"Map showing survey in Spring Brook coal mine, 2nd opening by A.F. Plant, 3rd opening by J. Johnson","MAP_DETAILS":"Roads, buildings, elevations, mine workings","MAP_YEAR":1935,"RMS_ERROR":11.4509,"CONTROL_POINTS":4,"URL":"https://fortress.wa.gov/dnr/geologydata/coal_maps/coal_mine_zip_files/K34_B.zip","TIFsize":152.5,"URL2":"https://fortress.wa.gov/dnr/geologydata/coal_maps/pdfs/K34_B.pdf"}},{"type":"Feature","geometry":{"type":"Polygon","coordinates":[[[-122.180065156072,47.4713033585493],[-122.180180204781,47.4282966908449],[-122.262492361789,47.4284311469761],[-122.262443135811,47.4714376163749],[-122.180065156072,47.4713033585493]]]},"properties":{"MAP_ID":"K34_C","MINE_ID":"K34","MAP_TITLE":"Map showing survey in Spring Brook coal mines","MAP_DETAILS":"Roads, buildings, elevations, mine workings","MAP_YEAR":1935,"RMS_ERROR":7.78224,"CONTROL_POINTS":4,"URL":"https://fortress.wa.gov/dnr/geologydata/coal_maps/coal_mine_zip_files/K34_C.zip","TIFsize":153.1,"URL2":"https://fortress.wa.gov/dnr/geologydata/coal_maps/pdfs/K34_C.pdf"}},{"type":"Feature","geometry":{"type":"Polygon","coordinates":[[[-122.180542509982,47.4717340130648],[-122.179310105739,47.4285340548001],[-122.261482882193,47.4281358734776],[-122.262781740282,47.4713347284043],[-122.180542509982,47.4717340130648]]]},"properties":{"MAP_ID":"K34_D","MINE_ID":"K34","MAP_TITLE":"Map showing survey in Spring Brook coal mines, 4th opening by J. Johnson","MAP_DETAILS":"Roads, buildings, elevations, mine workings","MAP_YEAR":1936,"RMS_ERROR":9.419,"CONTROL_POINTS":4,"URL":"https://fortress.wa.gov/dnr/geologydata/coal_maps/coal_mine_zip_files/K34_D.zip","TIFsize":151.2,"URL2":"https://fortress.wa.gov/dnr/geologydata/coal_maps/pdfs/K34_D.pdf"}},{"type":"Feature","geometry":{"type":"Polygon","coordinates":[[[-122.14063505278,47.461035702589],[-122.14125807733,47.434659250992],[-122.214784556679,47.4368381836852],[-122.21429049705,47.4632518304392],[-122.14063505278,47.461035702589]]]},"properties":{"MAP_ID":"K34_E","MINE_ID":"K34","MAP_TITLE":"Map showing survey at New Spring Brook slope in relation to north boundary of lot No. 5, 5th opening by J. Johnson","MAP_DETAILS":"Elevations, mine workings","MAP_YEAR":1936,"RMS_ERROR":14.2791,"CONTROL_POINTS":5,"URL":"https://fortress.wa.gov/dnr/geologydata/coal_maps/coal_mine_zip_files/K34_E.zip","TIFsize":46,"URL2":"https://fortress.wa.gov/dnr/geologydata/coal_maps/pdfs/K34_E.pdf"}},{"type":"Feature","geometry":{"type":"Polygon","coordinates":[[[-122.136410773142,47.4576603314702],[-122.136336438366,47.4336924295294],[-122.224799137978,47.4344503332753],[-122.224909457074,47.4584154697676],[-122.136410773142,47.4576603314702]]]},"properties":{"MAP_ID":"K34_F","MINE_ID":"K34","MAP_TITLE":"Map showing development in workings of Spring Brook Coal Co. mine","MAP_DETAILS":"Roads, buildings, streams, elevations, mine workings","MAP_YEAR":1937,"RMS_ERROR":5.79525,"CONTROL_POINTS":5,"URL":"https://fortress.wa.gov/dnr/geologydata/coal_maps/coal_mine_zip_files/K34_F.zip","TIFsize":49.6,"URL2":"https://fortress.wa.gov/dnr/geologydata/coal_maps/pdfs/K34_F.pdf"}},{"type":"Feature","geometry":{"type":"Polygon","coordinates":[[[-122.142360059079,47.4657783962496],[-122.142269794159,47.4352031406513],[-122.239458269968,47.4356128117427],[-122.239604915817,47.4661885493092],[-122.142360059079,47.4657783962496]]]},"properties":{"MAP_ID":"K34_G","MINE_ID":"K34","MAP_TITLE":"Map showing workings in small mines in vicinity of Spring Brook (all mines to date plus Hi-Grade coal mine, 6th opening)","MAP_DETAILS":"Roads, buildings, elevations, mine workings","MAP_YEAR":1938,"RMS_ERROR":5.92882,"CONTROL_POINTS":5,"URL":"https://fortress.wa.gov/dnr/geologydata/coal_maps/coal_mine_zip_files/K34_G.zip","TIFsize":66,"URL2":"https://fortress.wa.gov/dnr/geologydata/coal_maps/pdfs/K34_G.pdf"}},{"type":"Feature","geometry":{"type":"Polygon","coordinates":[[[-122.141929046328,47.4657753049664],[-122.14255047333,47.4352631517604],[-122.239860651936,47.4357142491151],[-122.23929111811,47.4662266406877],[-122.141929046328,47.4657753049664]]]},"properties":{"MAP_ID":"K34_H","MINE_ID":"K34","MAP_TITLE":"Map showing all workings to date in small mines in vicinity of Spring Brook. Shows connection of Hi-Grade Coal Co. mine (opening no. 6) with old Spring Brook mines and with Spring Brook Coal Co. mine, lot 5","MAP_DETAILS":"Roads, buildings, mine workings. Note: Hi-Grade Coal Co. final map-mine closed","MAP_YEAR":1938,"RMS_ERROR":7.10659,"CONTROL_POINTS":5,"URL":"https://fortress.wa.gov/dnr/geologydata/coal_maps/coal_mine_zip_files/K34_H.zip","TIFsize":70.1,"URL2":"https://fortress.wa.gov/dnr/geologydata/coal_maps/pdfs/K34_H.pdf"}},{"type":"Feature","geometry":{"type":"Polygon","coordinates":[[[-122.194475213881,47.4545058242041],[-122.194359948368,47.4418590359922],[-122.208734765732,47.4422730397319],[-122.208776804573,47.4549190921416],[-122.194475213881,47.4545058242041]]]},"properties":{"MAP_ID":"K35_C","MINE_ID":"K35","MAP_TITLE":"Spring Brook workings","MAP_DETAILS":"Roads, elevations, mine workings","MAP_YEAR":1947,"RMS_ERROR":1.06963,"CONTROL_POINTS":4,"URL":"https://fortress.wa.gov/dnr/geologydata/coal_maps/coal_mine_zip_files/K35_C.zip","TIFsize":119.6,"URL2":"https://fortress.wa.gov/dnr/geologydata/coal_maps/pdfs/K35_C.pdf"}},{"type":"Feature","geometry":{"type":"Polygon","coordinates":[[[-122.196998824787,47.4517883357913],[-122.196575989458,47.4464531193219],[-122.202843231659,47.4468791605187],[-122.203261325018,47.452215391775],[-122.196998824787,47.4517883357913]]]},"properties":{"MAP_ID":"K35_A","MINE_ID":"K35","MAP_TITLE":"Spring Brook property. Shows relationship to old Spring Brook mines","MAP_DETAILS":"Roads, elevations, mine workings","MAP_YEAR":1944,"RMS_ERROR":3.08992,"CONTROL_POINTS":5,"URL":"https://fortress.wa.gov/dnr/geologydata/coal_maps/coal_mine_zip_files/K35_A.zip","TIFsize":267.6,"URL2":"https://fortress.wa.gov/dnr/geologydata/coal_maps/pdfs/K35_A.pdf"}},{"type":"Feature","geometry":{"type":"Polygon","coordinates":[[[-122.196562772096,47.451986438448],[-122.196744196694,47.4464411279483],[-122.20320466262,47.4467539003045],[-122.20303964291,47.452307786249],[-122.196562772096,47.451986438448]]]},"properties":{"MAP_ID":"K35_B","MINE_ID":"K35","MAP_TITLE":"Spring Brook property","MAP_DETAILS":"Roads, elevations, mine workings","MAP_YEAR":1945,"RMS_ERROR":2.88177,"CONTROL_POINTS":6,"URL":"https://fortress.wa.gov/dnr/geologydata/coal_maps/coal_mine_zip_files/K35_B.zip","TIFsize":120.7,"URL2":"https://fortress.wa.gov/dnr/geologydata/coal_maps/pdfs/K35_B.pdf"}},{"type":"Feature","geometry":{"type":"Polygon","coordinates":[[[-122.18974933543,47.4443744447945],[-122.208897628436,47.4440577146216],[-122.208734334014,47.4527339926636],[-122.189583382283,47.4530508893295],[-122.18974933543,47.4443744447945]]]},"properties":{"MAP_ID":"K36_A","MINE_ID":"K36","MAP_TITLE":"Mine map of Spring Brook coal mine","MAP_DETAILS":"Roads, buildings, mine workings","MAP_YEAR":1940,"RMS_ERROR":4.27283,"CONTROL_POINTS":4,"URL":"https://fortress.wa.gov/dnr/geologydata/coal_maps/coal_mine_zip_files/K36_A.zip","TIFsize":109.5,"URL2":"https://fortress.wa.gov/dnr/geologydata/coal_maps/pdfs/K36_A.pdf"}},{"type":"Feature","geometry":{"type":"Polygon","coordinates":[[[-122.189431704103,47.4440267435304],[-122.208800480303,47.4437253155934],[-122.208661600786,47.4528376650003],[-122.189288274098,47.4531396647731],[-122.189431704103,47.4440267435304]]]},"properties":{"MAP_ID":"K36_B","MINE_ID":"K36","MAP_TITLE":"Mine map of Spring Brook coal mine","MAP_DETAILS":"Roads, buildings, mine workings","MAP_YEAR":1942,"RMS_ERROR":10.7172,"CONTROL_POINTS":4,"URL":"https://fortress.wa.gov/dnr/geologydata/coal_maps/coal_mine_zip_files/K36_B.zip","TIFsize":65.3,"URL2":"https://fortress.wa.gov/dnr/geologydata/coal_maps/pdfs/K36_B.pdf"}},{"type":"Feature","geometry":{"type":"Polygon","coordinates":[[[-122.189275528029,47.4529611781851],[-122.189842586712,47.443834697136],[-122.208940209584,47.4441153723983],[-122.208376753415,47.4532429379481],[-122.189275528029,47.4529611781851]]]},"properties":{"MAP_ID":"K36_C","MINE_ID":"K36","MAP_TITLE":"Mine map of Spring Brook coal mine","MAP_DETAILS":"Roads, buildings, mine workings","MAP_YEAR":1943,"RMS_ERROR":16.24,"CONTROL_POINTS":4,"URL":"https://fortress.wa.gov/dnr/geologydata/coal_maps/coal_mine_zip_files/K36_C.zip","TIFsize":113.2,"URL2":"https://fortress.wa.gov/dnr/geologydata/coal_maps/pdfs/K36_C.pdf"}},{"type":"Feature","geometry":{"type":"Polygon","coordinates":[[[-122.189263095216,47.4526424337398],[-122.189421297543,47.4441246366396],[-122.208985438973,47.443865342832],[-122.208829193439,47.452382716645],[-122.189263095216,47.4526424337398]]]},"properties":{"MAP_ID":"K36_E","MINE_ID":"K36","MAP_TITLE":"Mine map of Spring Brook coal mine","MAP_DETAILS":"Roads, buildings, elevations, mine workings","MAP_YEAR":1946,"RMS_ERROR":6.17074,"CONTROL_POINTS":4,"URL":"https://fortress.wa.gov/dnr/geologydata/coal_maps/coal_mine_zip_files/K36_E.zip","TIFsize":108.7,"URL2":"https://fortress.wa.gov/dnr/geologydata/coal_maps/pdfs/K36_E.pdf"}},{"type":"Feature","geometry":{"type":"Polygon","coordinates":[[[-122.18162574741,47.4530807974716],[-122.181891545591,47.4451373585887],[-122.196921868411,47.4449536627063],[-122.196658140403,47.4528970714604],[-122.18162574741,47.4530807974716]]]},"properties":{"MAP_ID":"K37_A","MINE_ID":"K37","MAP_TITLE":"Spring Glen Coal Co. mine","MAP_DETAILS":"Roads, buildings, mine workings","MAP_YEAR":1940,"RMS_ERROR":14.9078,"CONTROL_POINTS":4,"URL":"https://fortress.wa.gov/dnr/geologydata/coal_maps/coal_mine_zip_files/K37_A.zip","TIFsize":47.8,"URL2":"https://fortress.wa.gov/dnr/geologydata/coal_maps/pdfs/K37_A.pdf"}},{"type":"Feature","geometry":{"type":"Polygon","coordinates":[[[-122.181917758528,47.445166781327],[-122.197128846165,47.4449207750329],[-122.196985631728,47.4528882617592],[-122.181774638933,47.4531325218565],[-122.181917758528,47.445166781327]]]},"properties":{"MAP_ID":"K37_B","MINE_ID":"K37","MAP_TITLE":"Spring Glen Coal Co. mine","MAP_DETAILS":"Roads, buildings, mine workings","MAP_YEAR":1942,"RMS_ERROR":15.6437,"CONTROL_POINTS":4,"URL":"https://fortress.wa.gov/dnr/geologydata/coal_maps/coal_mine_zip_files/K37_B.zip","TIFsize":47.8,"URL2":"https://fortress.wa.gov/dnr/geologydata/coal_maps/pdfs/K37_B.pdf"}},{"type":"Feature","geometry":{"type":"Polygon","coordinates":[[[-122.181705995572,47.4531339094653],[-122.181855071042,47.4451414792878],[-122.197064257685,47.4449743316936],[-122.196917210794,47.4529683247512],[-122.181705995572,47.4531339094653]]]},"properties":{"MAP_ID":"K37_C","MINE_ID":"K37","MAP_TITLE":"Spring Glen Coal Co. mine","MAP_DETAILS":"Roads, buildings, mine workings","MAP_YEAR":1943,"RMS_ERROR":17.4427,"CONTROL_POINTS":4,"URL":"https://fortress.wa.gov/dnr/geologydata/coal_maps/coal_mine_zip_files/K37_C.zip","TIFsize":47.8,"URL2":"https://fortress.wa.gov/dnr/geologydata/coal_maps/pdfs/K37_C.pdf"}},{"type":"Feature","geometry":{"type":"Polygon","coordinates":[[[-122.181642593179,47.4531079302929],[-122.181871153016,47.44512080177],[-122.196942668382,47.444991031137],[-122.196715998186,47.4529781356062],[-122.181642593179,47.4531079302929]]]},"properties":{"MAP_ID":"K37_D","MINE_ID":"K37","MAP_TITLE":"Spring Glen Coal Co. mine","MAP_DETAILS":"Roads, buildings, mine workings","MAP_YEAR":1943,"RMS_ERROR":20.0866,"CONTROL_POINTS":4,"URL":"https://fortress.wa.gov/dnr/geologydata/coal_maps/coal_mine_zip_files/K37_D.zip","TIFsize":83,"URL2":"https://fortress.wa.gov/dnr/geologydata/coal_maps/pdfs/K37_D.pdf"}},{"type":"Feature","geometry":{"type":"Polygon","coordinates":[[[-122.078941071389,47.4464815851768],[-122.120486609615,47.4318688795907],[-122.134165587131,47.449564182865],[-122.092611599415,47.4641826277705],[-122.078941071389,47.4464815851768]]]},"properties":{"MAP_ID":"K38_C","MINE_ID":"K38","MAP_TITLE":"Map of New Black Diamond composite","MAP_DETAILS":"Roads, buildings, streams, elevations, mine workings, stratigraphic columns. Pantographic projection from original tracing by Hans Norbisrath with note: \"workings later than '33 copied from map in the office of the State Mine Inspector Jan. 26, 1944\"","MAP_YEAR":1933,"RMS_ERROR":8.9634,"CONTROL_POINTS":5,"URL":"https://fortress.wa.gov/dnr/geologydata/coal_maps/coal_mine_zip_files/K38_C.zip","TIFsize":352.3,"URL2":"https://fortress.wa.gov/dnr/geologydata/coal_maps/pdfs/K38_C.pdf"}},{"type":"Feature","geometry":{"type":"Polygon","coordinates":[[[-122.072096456585,47.4484422942604],[-122.1196432054,47.4312750569056],[-122.133661020916,47.4490877504357],[-122.086102407652,47.4662605856065],[-122.072096456585,47.4484422942604]]]},"properties":{"MAP_ID":"K38_D","MINE_ID":"K38","MAP_TITLE":"Pantographic reduction by Norbisrath of 1933 Norbisrath tracing","MAP_DETAILS":"Roads, elevations, mine workings","MAP_YEAR":1940,"RMS_ERROR":7.08898,"CONTROL_POINTS":5,"URL":"https://fortress.wa.gov/dnr/geologydata/coal_maps/coal_mine_zip_files/K38_D.zip","TIFsize":64.1,"URL2":"https://fortress.wa.gov/dnr/geologydata/coal_maps/pdfs/K38_D.pdf"}},{"type":"Feature","geometry":{"type":"Polygon","coordinates":[[[-122.084959670618,47.4503641320612],[-122.106024933467,47.4430339089476],[-122.11589910973,47.4564761441975],[-122.0948301031,47.4638082362207],[-122.084959670618,47.4503641320612]]]},"properties":{"MAP_ID":"K38_F","MINE_ID":"K38","MAP_TITLE":"Map of New Black Diamond mine, Discovery seam","MAP_DETAILS":"Streams, elevations, contours, mine workings, columnar sections","MAP_YEAR":1932,"RMS_ERROR":17.8218,"CONTROL_POINTS":4,"URL":"https://fortress.wa.gov/dnr/geologydata/coal_maps/coal_mine_zip_files/K38_F.zip","TIFsize":239.3,"URL2":"https://fortress.wa.gov/dnr/geologydata/coal_maps/pdfs/K38_F.pdf"}},{"type":"Feature","geometry":{"type":"Polygon","coordinates":[[[-122.088413720205,47.4493600307949],[-122.106418606951,47.4430630938528],[-122.116153040333,47.4561337514098],[-122.098145441373,47.4624319994645],[-122.088413720205,47.4493600307949]]]},"properties":{"MAP_ID":"K38_G","MINE_ID":"K38","MAP_TITLE":"Map of New Black Diamond mine, Discovery seam and Ryan No. 2 seam","MAP_DETAILS":"Streams, elevations, contours, mine workings, columnar sections","MAP_YEAR":1933,"RMS_ERROR":-9999,"CONTROL_POINTS":3,"URL":"https://fortress.wa.gov/dnr/geologydata/coal_maps/coal_mine_zip_files/K38_G.zip","TIFsize":205.1,"URL2":"https://fortress.wa.gov/dnr/geologydata/coal_maps/pdfs/K38_G.pdf"}},{"type":"Feature","geometry":{"type":"Polygon","coordinates":[[[-122.083091552355,47.4510184395876],[-122.105718083732,47.4432113152913],[-122.115718877175,47.4566581734941],[-122.093088577536,47.4644666786546],[-122.083091552355,47.4510184395876]]]},"properties":{"MAP_ID":"K38_H","MINE_ID":"K38","MAP_TITLE":"Map of New Black Diamond mine, Discovery seam","MAP_DETAILS":"Streams, elevations, contours, mine workings, columnar sections","MAP_YEAR":1934,"RMS_ERROR":8.97003,"CONTROL_POINTS":4,"URL":"https://fortress.wa.gov/dnr/geologydata/coal_maps/coal_mine_zip_files/K38_H.zip","TIFsize":586.4,"URL2":"https://fortress.wa.gov/dnr/geologydata/coal_maps/pdfs/K38_H.pdf"}},{"type":"Feature","geometry":{"type":"Polygon","coordinates":[[[-122.083564440611,47.4507269177433],[-122.106023275213,47.4431804484079],[-122.116014778148,47.4566157409399],[-122.093552094105,47.4641640696718],[-122.083564440611,47.4507269177433]]]},"properties":{"MAP_ID":"K38_I","MINE_ID":"K38","MAP_TITLE":"Map of New Black Diamond mine, Discovery seam and Ryan No. 2 seam","MAP_DETAILS":"Elevations, contours, mine workings, stratigraphic sections","MAP_YEAR":1935,"RMS_ERROR":12.5825,"CONTROL_POINTS":4,"URL":"https://fortress.wa.gov/dnr/geologydata/coal_maps/coal_mine_zip_files/K38_I.zip","TIFsize":590.6,"URL2":"https://fortress.wa.gov/dnr/geologydata/coal_maps/pdfs/K38_I.pdf"}},{"type":"Feature","geometry":{"type":"Polygon","coordinates":[[[-122.064295308826,47.4562101633942],[-122.152687344341,47.4253934026233],[-122.162854691469,47.438732709396],[-122.07445755815,47.4695498389818],[-122.064295308826,47.4562101633942]]]},"properties":{"MAP_ID":"K38_A","MINE_ID":"K38","MAP_TITLE":"Map of New Black Diamond mine composite","MAP_DETAILS":"Roads, RR tracks, buildings, streams, elevations, contours, mine workings","MAP_YEAR":1931,"RMS_ERROR":36.3642,"CONTROL_POINTS":5,"URL":"https://fortress.wa.gov/dnr/geologydata/coal_maps/coal_mine_zip_files/K38_A.zip","TIFsize":786,"URL2":"https://fortress.wa.gov/dnr/geologydata/coal_maps/pdfs/K38_A.pdf"}},{"type":"Feature","geometry":{"type":"Polygon","coordinates":[[[-122.08302517658,47.4508487816586],[-122.107126038974,47.4428802933238],[-122.117027273108,47.456360894723],[-122.092922037105,47.4643312706849],[-122.08302517658,47.4508487816586]]]},"properties":{"MAP_ID":"K38_J","MINE_ID":"K38","MAP_TITLE":"Map of New Black Diamond mine, Discovery seam and Ryan No. 2 seam","MAP_DETAILS":"Streams, elevations, contours, mine workings","MAP_YEAR":1936,"RMS_ERROR":13.6433,"CONTROL_POINTS":4,"URL":"https://fortress.wa.gov/dnr/geologydata/coal_maps/coal_mine_zip_files/K38_J.zip","TIFsize":278.8,"URL2":"https://fortress.wa.gov/dnr/geologydata/coal_maps/pdfs/K38_J.pdf"}},{"type":"Feature","geometry":{"type":"Polygon","coordinates":[[[-122.079053049679,47.4522291413351],[-122.10568422026,47.4433833715571],[-122.115413087631,47.4568016909592],[-122.088776379332,47.4656493882766],[-122.079053049679,47.4522291413351]]]},"properties":{"MAP_ID":"K38_K","MINE_ID":"K38","MAP_TITLE":"Map of New Black Diamond mine, Discovery seam and Ryan No. 2 seam","MAP_DETAILS":"Streams, elevations, contours, mine workings, columnar sections","MAP_YEAR":1937,"RMS_ERROR":13.6125,"CONTROL_POINTS":4,"URL":"https://fortress.wa.gov/dnr/geologydata/coal_maps/coal_mine_zip_files/K38_K.zip","TIFsize":305.6,"URL2":"https://fortress.wa.gov/dnr/geologydata/coal_maps/pdfs/K38_K.pdf"}},{"type":"Feature","geometry":{"type":"Polygon","coordinates":[[[-122.087668723818,47.4454060767074],[-122.125241962825,47.4321416031496],[-122.135372626118,47.4453585510452],[-122.097791290391,47.4586263859555],[-122.087668723818,47.4454060767074]]]},"properties":{"MAP_ID":"K38_L","MINE_ID":"K38","MAP_TITLE":"Map of New Black Diamond mine, Jones and No. 1 seams","MAP_DETAILS":"Buildings, streams, elevations, contours, mine workings, columnar sections","MAP_YEAR":1931,"RMS_ERROR":4.86415,"CONTROL_POINTS":4,"URL":"https://fortress.wa.gov/dnr/geologydata/coal_maps/coal_mine_zip_files/K38_L.zip","TIFsize":404.9,"URL2":"https://fortress.wa.gov/dnr/geologydata/coal_maps/pdfs/K38_L.pdf"}},{"type":"Feature","geometry":{"type":"Polygon","coordinates":[[[-122.088088159178,47.4453876906286],[-122.125443868695,47.4323424391379],[-122.135419998195,47.4451553140346],[-122.098058610941,47.4582029766928],[-122.088088159178,47.4453876906286]]]},"properties":{"MAP_ID":"K38_M","MINE_ID":"K38","MAP_TITLE":"Map of New Black Diamond mine, Jones and No. 1 seams","MAP_DETAILS":"Streams, elevations, contours, mine workings, columnar sections","MAP_YEAR":1932,"RMS_ERROR":21.8639,"CONTROL_POINTS":4,"URL":"https://fortress.wa.gov/dnr/geologydata/coal_maps/coal_mine_zip_files/K38_M.zip","TIFsize":400.9,"URL2":"https://fortress.wa.gov/dnr/geologydata/coal_maps/pdfs/K38_M.pdf"}},{"type":"Feature","geometry":{"type":"Polygon","coordinates":[[[-122.088194944572,47.445215051065],[-122.12571255934,47.4322829370384],[-122.13560682922,47.4452349801653],[-122.098082797741,47.4581698719047],[-122.088194944572,47.445215051065]]]},"properties":{"MAP_ID":"K38_N","MINE_ID":"K38","MAP_TITLE":"Map of New Black Diamond mine, Jones and No. 1 seams","MAP_DETAILS":"Buildings, streams, elevations, contours, mine workings, stratigraphic columns","MAP_YEAR":1933,"RMS_ERROR":22.7015,"CONTROL_POINTS":4,"URL":"https://fortress.wa.gov/dnr/geologydata/coal_maps/coal_mine_zip_files/K38_N.zip","TIFsize":411.3,"URL2":"https://fortress.wa.gov/dnr/geologydata/coal_maps/pdfs/K38_N.pdf"}},{"type":"Feature","geometry":{"type":"Polygon","coordinates":[[[-122.087518365523,47.4456183219408],[-122.12531352962,47.4322532544504],[-122.135503997123,47.445251973757],[-122.097702132219,47.4586195026479],[-122.087518365523,47.4456183219408]]]},"properties":{"MAP_ID":"K38_O","MINE_ID":"K38","MAP_TITLE":"Map of New Black Diamond mine, Jones and No. 1 seams","MAP_DETAILS":"Streams, elevations, contours, mine workings, columnar sections","MAP_YEAR":1934,"RMS_ERROR":22.1033,"CONTROL_POINTS":4,"URL":"https://fortress.wa.gov/dnr/geologydata/coal_maps/coal_mine_zip_files/K38_O.zip","TIFsize":415.3,"URL2":"https://fortress.wa.gov/dnr/geologydata/coal_maps/pdfs/K38_O.pdf"}},{"type":"Feature","geometry":{"type":"Polygon","coordinates":[[[-122.088107324542,47.4454534336842],[-122.125703681267,47.4321438498871],[-122.135869557501,47.4451118882011],[-122.098266410194,47.4584245834171],[-122.088107324542,47.4454534336842]]]},"properties":{"MAP_ID":"K38_O1","MINE_ID":"K38","MAP_TITLE":"Map of New Black Diamond mine, Jones and No. 1 seams","MAP_DETAILS":"Buildings, streams, elevations, contours, mine workings","MAP_YEAR":1935,"RMS_ERROR":22.929,"CONTROL_POINTS":4,"URL":"https://fortress.wa.gov/dnr/geologydata/coal_maps/coal_mine_zip_files/K38_O1.zip","TIFsize":415.3,"URL2":"https://fortress.wa.gov/dnr/geologydata/coal_maps/pdfs/K38_O1.pdf"}},{"type":"Feature","geometry":{"type":"Polygon","coordinates":[[[-122.088240988343,47.4453894364465],[-122.125646569043,47.4323664888514],[-122.135685995787,47.4452950970134],[-122.098274305437,47.4583209209787],[-122.088240988343,47.4453894364465]]]},"properties":{"MAP_ID":"K38_P","MINE_ID":"K38","MAP_TITLE":"Map of New Black Diamond mine, Jones and No. 1 seams","MAP_DETAILS":"Streams, elevations, contours, mine workings, columnar sections","MAP_YEAR":1935,"RMS_ERROR":20.4204,"CONTROL_POINTS":5,"URL":"https://fortress.wa.gov/dnr/geologydata/coal_maps/coal_mine_zip_files/K38_P.zip","TIFsize":400.9,"URL2":"https://fortress.wa.gov/dnr/geologydata/coal_maps/pdfs/K38_P.pdf"}},{"type":"Feature","geometry":{"type":"Polygon","coordinates":[[[-122.086783530604,47.4458037693247],[-122.126397011931,47.4320026167623],[-122.136507835401,47.4450591529215],[-122.096887889593,47.4588624301058],[-122.086783530604,47.4458037693247]]]},"properties":{"MAP_ID":"K38_Q","MINE_ID":"K38","MAP_TITLE":"Map of New Black Diamond mine. Jones and No. 1 seams","MAP_DETAILS":"Buildings, streams, elevations, contours, mine workings, columnar sections","MAP_YEAR":1936,"RMS_ERROR":23.09,"CONTROL_POINTS":4,"URL":"https://fortress.wa.gov/dnr/geologydata/coal_maps/coal_mine_zip_files/K38_Q.zip","TIFsize":425,"URL2":"https://fortress.wa.gov/dnr/geologydata/coal_maps/pdfs/K38_Q.pdf"}},{"type":"Feature","geometry":{"type":"Polygon","coordinates":[[[-122.063391642001,47.4537716644024],[-122.126300308235,47.4323827914878],[-122.13641622397,47.4454835032623],[-122.073495277767,47.4668781125788],[-122.063391642001,47.4537716644024]]]},"properties":{"MAP_ID":"K38_R","MINE_ID":"K38","MAP_TITLE":"Map of New Black Diamond mine, Jones and No. 1 seams","MAP_DETAILS":"Buildings, streams, elevations, contours, mine workings, columnar sections","MAP_YEAR":1937,"RMS_ERROR":22.0504,"CONTROL_POINTS":4,"URL":"https://fortress.wa.gov/dnr/geologydata/coal_maps/coal_mine_zip_files/K38_R.zip","TIFsize":620,"URL2":"https://fortress.wa.gov/dnr/geologydata/coal_maps/pdfs/K38_R.pdf"}},{"type":"Feature","geometry":{"type":"Polygon","coordinates":[[[-122.062837222603,47.4540330626634],[-122.125224407618,47.4325741201111],[-122.135309647325,47.4453786525633],[-122.072910643316,47.4668435881581],[-122.062837222603,47.4540330626634]]]},"properties":{"MAP_ID":"K38_S","MINE_ID":"K38","MAP_TITLE":"Map of New Black Diamond mine, Jones and No. 1 seams","MAP_DETAILS":"Buildings, streams, elevations, contours, mine workings, columnar sections. Shows New Lake Young Coal Co. mine and West Coast mine","MAP_YEAR":1938,"RMS_ERROR":16.3457,"CONTROL_POINTS":4,"URL":"https://fortress.wa.gov/dnr/geologydata/coal_maps/coal_mine_zip_files/K38_S.zip","TIFsize":616.4,"URL2":"https://fortress.wa.gov/dnr/geologydata/coal_maps/pdfs/K38_S.pdf"}},{"type":"Feature","geometry":{"type":"Polygon","coordinates":[[[-122.083062586471,47.447113763368],[-122.122852444537,47.4333399159605],[-122.132865527764,47.4464362801293],[-122.093066999461,47.4602126728113],[-122.083062586471,47.447113763368]]]},"properties":{"MAP_ID":"K38_T","MINE_ID":"K38","MAP_TITLE":"Map of New Black Diamond mine, Jones and No. 1 seams","MAP_DETAILS":"Buildings, streams, elevations, contours, mine workings, columnar sections","MAP_YEAR":1939,"RMS_ERROR":23.6541,"CONTROL_POINTS":4,"URL":"https://fortress.wa.gov/dnr/geologydata/coal_maps/coal_mine_zip_files/K38_T.zip","TIFsize":432.4,"URL2":"https://fortress.wa.gov/dnr/geologydata/coal_maps/pdfs/K38_T.pdf"}},{"type":"Feature","geometry":{"type":"Polygon","coordinates":[[[-122.085012999869,47.4499613312507],[-122.109875495301,47.4411060605505],[-122.11779889738,47.4514090401874],[-122.092933303105,47.4602655840411],[-122.085012999869,47.4499613312507]]]},"properties":{"MAP_ID":"K38_U","MINE_ID":"K38","MAP_TITLE":"Map of New Black Diamond mine, Jones and No. 1 seams","MAP_DETAILS":"Buildings, streams, elevations, contours, mine workings, columnar sections","MAP_YEAR":1940,"RMS_ERROR":5.62461,"CONTROL_POINTS":4,"URL":"https://fortress.wa.gov/dnr/geologydata/coal_maps/coal_mine_zip_files/K38_U.zip","TIFsize":221.9,"URL2":"https://fortress.wa.gov/dnr/geologydata/coal_maps/pdfs/K38_U.pdf"}},{"type":"Feature","geometry":{"type":"Polygon","coordinates":[[[-122.079506223963,47.4485660131456],[-122.124697133391,47.4325355677921],[-122.134921491969,47.4455194399318],[-122.089723080388,47.4615527879635],[-122.079506223963,47.4485660131456]]]},"properties":{"MAP_ID":"K38_V","MINE_ID":"K38","MAP_TITLE":"Map of New Black Diamond mine. Jones and No. 1 seams","MAP_DETAILS":"Buildings, streams, elevations, contours, mine workings. Mine closed Aug. 15,1941, shows New Lake Young's mine and West Coast mine","MAP_YEAR":1941,"RMS_ERROR":22.8176,"CONTROL_POINTS":4,"URL":"https://fortress.wa.gov/dnr/geologydata/coal_maps/coal_mine_zip_files/K38_V.zip","TIFsize":479.4,"URL2":"https://fortress.wa.gov/dnr/geologydata/coal_maps/pdfs/K38_V.pdf"}},{"type":"Feature","geometry":{"type":"Polygon","coordinates":[[[-122.09974221555,47.443599327711],[-122.099885732885,47.4298098421821],[-122.136089480325,47.4299855527671],[-122.135949149543,47.4437627275236],[-122.09974221555,47.443599327711]]]},"properties":{"MAP_ID":"K39_C","MINE_ID":"K39","MAP_TITLE":"New Lake Young's Coal Co. map showing workings in No. 2 seam, also surface features","MAP_DETAILS":"Roads, RR tracks, buildings, elevations, contours, mine workings","MAP_YEAR":1937,"RMS_ERROR":-9999,"CONTROL_POINTS":2,"URL":"https://fortress.wa.gov/dnr/geologydata/coal_maps/coal_mine_zip_files/K39_C.zip","TIFsize":188.1,"URL2":"https://fortress.wa.gov/dnr/geologydata/coal_maps/pdfs/K39_C.pdf"}},{"type":"Feature","geometry":{"type":"Polygon","coordinates":[[[-122.099568475493,47.4435759640243],[-122.099718146953,47.4297222170474],[-122.136211186787,47.4298978242522],[-122.13607364823,47.443751241931],[-122.099568475493,47.4435759640243]]]},"properties":{"MAP_ID":"K39_D","MINE_ID":"K39","MAP_TITLE":"New Lake Young's Coal Co. map showing workings in No. 2 seam, also surface features","MAP_DETAILS":"Roads, RR tracks, buildings, elevations, contours, mine workings","MAP_YEAR":1937,"RMS_ERROR":-9999,"CONTROL_POINTS":2,"URL":"https://fortress.wa.gov/dnr/geologydata/coal_maps/coal_mine_zip_files/K39_D.zip","TIFsize":188.1,"URL2":"https://fortress.wa.gov/dnr/geologydata/coal_maps/pdfs/K39_D.pdf"}},{"type":"Feature","geometry":{"type":"Polygon","coordinates":[[[-122.099836108017,47.4435087966456],[-122.099976883276,47.4298142722665],[-122.136173534057,47.4299802206416],[-122.136041546077,47.4436749825283],[-122.099836108017,47.4435087966456]]]},"properties":{"MAP_ID":"K39_E","MINE_ID":"K39","MAP_TITLE":"Map showing workings in No. 2 seam, also surface features","MAP_DETAILS":"Roads, RR tracks, buildings, elevations, contours, mine workings","MAP_YEAR":1938,"RMS_ERROR":-9999,"CONTROL_POINTS":2,"URL":"https://fortress.wa.gov/dnr/geologydata/coal_maps/coal_mine_zip_files/K39_E.zip","TIFsize":188.1,"URL2":"https://fortress.wa.gov/dnr/geologydata/coal_maps/pdfs/K39_E.pdf"}},{"type":"Feature","geometry":{"type":"Polygon","coordinates":[[[-122.120692209543,47.453707850021],[-122.120782929038,47.4513680214595],[-122.125481244743,47.4514424603879],[-122.125391320529,47.4537797501013],[-122.120692209543,47.453707850021]]]},"properties":{"MAP_ID":"K40_A","MINE_ID":"K40","MAP_TITLE":"Map showing mine workings in relation to property lines at Red Devil mine","MAP_DETAILS":"Buildings, streams, elevations, mine workings","MAP_YEAR":1935,"RMS_ERROR":1.24547,"CONTROL_POINTS":4,"URL":"https://fortress.wa.gov/dnr/geologydata/coal_maps/coal_mine_zip_files/K40_A.zip","TIFsize":137.8,"URL2":"https://fortress.wa.gov/dnr/geologydata/coal_maps/pdfs/K40_A.pdf"}},{"type":"Feature","geometry":{"type":"Polygon","coordinates":[[[-122.1155150949,47.4544113724374],[-122.115538260261,47.4500535853297],[-122.12414793151,47.4501292900399],[-122.124124837486,47.4544897008878],[-122.1155150949,47.4544113724374]]]},"properties":{"MAP_ID":"K40_B","MINE_ID":"K40","MAP_TITLE":"Fire King Mining Co. Inc. surface and underground workings","MAP_DETAILS":"Roads, buildings, elevations, contours, mine workings","MAP_YEAR":1946,"RMS_ERROR":1.08635,"CONTROL_POINTS":4,"URL":"https://fortress.wa.gov/dnr/geologydata/coal_maps/coal_mine_zip_files/K40_B.zip","TIFsize":75.3,"URL2":"https://fortress.wa.gov/dnr/geologydata/coal_maps/pdfs/K40_B.pdf"}},{"type":"Feature","geometry":{"type":"Polygon","coordinates":[[[-122.061860712414,47.459376385188],[-122.074188804849,47.4465580443281],[-122.087979377345,47.4521336351745],[-122.075655291849,47.4649620425937],[-122.061860712414,47.459376385188]]]},"properties":{"MAP_ID":"K42_B","MINE_ID":"K42","MAP_TITLE":"Mine map - West Coast Coal Co. (old Cedar Mountain mine)","MAP_DETAILS":"Buildings, streams, elevations, mine workings. Elevation of airway connections (1:240)","MAP_YEAR":1927,"RMS_ERROR":23.9959,"CONTROL_POINTS":5,"URL":"https://fortress.wa.gov/dnr/geologydata/coal_maps/coal_mine_zip_files/K42_B.zip","TIFsize":402.6,"URL2":"https://fortress.wa.gov/dnr/geologydata/coal_maps/pdfs/K42_B.pdf"}},{"type":"Feature","geometry":{"type":"Polygon","coordinates":[[[-122.063013662435,47.460022296211],[-122.06294447312,47.4503281951743],[-122.082401014941,47.4502420732103],[-122.082473916378,47.4599361280092],[-122.063013662435,47.460022296211]]]},"properties":{"MAP_ID":"K42_E","MINE_ID":"K42","MAP_TITLE":"Mine","MAP_DETAILS":"Roads, RR tracks, buildings, streams, elevations, mine workings","MAP_YEAR":1932,"RMS_ERROR":1.37702,"CONTROL_POINTS":4,"URL":"https://fortress.wa.gov/dnr/geologydata/coal_maps/coal_mine_zip_files/K42_E.zip","TIFsize":284.5,"URL2":"https://fortress.wa.gov/dnr/geologydata/coal_maps/pdfs/K42_E.pdf"}},{"type":"Feature","geometry":{"type":"Polygon","coordinates":[[[-122.063116156847,47.4594880895021],[-122.06298531488,47.4499403036302],[-122.082056201285,47.4499748587557],[-122.082190708547,47.4595225249103],[-122.063116156847,47.4594880895021]]]},"properties":{"MAP_ID":"K42_F","MINE_ID":"K42","MAP_TITLE":"Mine ","MAP_DETAILS":"Roads, RR tracks, buildings, streams, elevations, mine workings","MAP_YEAR":1932,"RMS_ERROR":11.0881,"CONTROL_POINTS":4,"URL":"https://fortress.wa.gov/dnr/geologydata/coal_maps/coal_mine_zip_files/K42_F.zip","TIFsize":279.4,"URL2":"https://fortress.wa.gov/dnr/geologydata/coal_maps/pdfs/K42_F.pdf"}},{"type":"Feature","geometry":{"type":"Polygon","coordinates":[[[-122.063209946239,47.4600325549021],[-122.063121731727,47.4502710137857],[-122.082220182077,47.4501528644793],[-122.082311090425,47.4599136915946],[-122.063209946239,47.4600325549021]]]},"properties":{"MAP_ID":"K42_G","MINE_ID":"K42","MAP_TITLE":"West Coast Fuel Co. mine, Cedar Mountain, King County","MAP_DETAILS":"Roads, RR tracks, buildings, streams, elevations, mine workings","MAP_YEAR":1933,"RMS_ERROR":8.47634,"CONTROL_POINTS":4,"URL":"https://fortress.wa.gov/dnr/geologydata/coal_maps/coal_mine_zip_files/K42_G.zip","TIFsize":127.8,"URL2":"https://fortress.wa.gov/dnr/geologydata/coal_maps/pdfs/K42_G.pdf"}},{"type":"Feature","geometry":{"type":"Polygon","coordinates":[[[-122.063037154407,47.4600079585787],[-122.063115117237,47.450307901565],[-122.082463940933,47.4502862554194],[-122.08239164114,47.4599879378437],[-122.063037154407,47.4600079585787]]]},"properties":{"MAP_ID":"K42_H","MINE_ID":"K42","MAP_TITLE":"Mine","MAP_DETAILS":"Roads, RR tracks, buildings, streams, elevations, mine workings","MAP_YEAR":1933,"RMS_ERROR":7.2754,"CONTROL_POINTS":5,"URL":"https://fortress.wa.gov/dnr/geologydata/coal_maps/coal_mine_zip_files/K42_H.zip","TIFsize":127.2,"URL2":"https://fortress.wa.gov/dnr/geologydata/coal_maps/pdfs/K42_H.pdf"}},{"type":"Feature","geometry":{"type":"Polygon","coordinates":[[[-122.054997876079,47.4591758224447],[-122.055077577465,47.4481901888615],[-122.082879466964,47.4481694808178],[-122.082803090471,47.4591541877644],[-122.054997876079,47.4591758224447]]]},"properties":{"MAP_ID":"K42_I","MINE_ID":"K42","MAP_TITLE":"Cedar Mountain mine map showing surface features in relation to mine workings","MAP_DETAILS":"Roads, RR tracks, buildings, streams, elevations, mine workings","MAP_YEAR":1934,"RMS_ERROR":4.20667,"CONTROL_POINTS":4,"URL":"https://fortress.wa.gov/dnr/geologydata/coal_maps/coal_mine_zip_files/K42_I.zip","TIFsize":210.7,"URL2":"https://fortress.wa.gov/dnr/geologydata/coal_maps/pdfs/K42_I.pdf"}},{"type":"Feature","geometry":{"type":"Polygon","coordinates":[[[-122.05498324932,47.4593022296442],[-122.055031853516,47.4481617955772],[-122.082904151828,47.4481632281237],[-122.082859805096,47.459302385585],[-122.05498324932,47.4593022296442]]]},"properties":{"MAP_ID":"K42_J","MINE_ID":"K42","MAP_TITLE":"Cedar Mountain mine map showing surface features in relation to mine workings","MAP_DETAILS":"Roads, RR tracks, buildings, streams, elevations, mine workings","MAP_YEAR":1935,"RMS_ERROR":4.22529,"CONTROL_POINTS":4,"URL":"https://fortress.wa.gov/dnr/geologydata/coal_maps/coal_mine_zip_files/K42_J.zip","TIFsize":480.1,"URL2":"https://fortress.wa.gov/dnr/geologydata/coal_maps/pdfs/K42_J.pdf"}},{"type":"Feature","geometry":{"type":"Polygon","coordinates":[[[-122.062043863154,47.4563737922281],[-122.062254708419,47.4505910101497],[-122.067481760704,47.4507468791745],[-122.067273634585,47.4565312317961],[-122.062043863154,47.4563737922281]]]},"properties":{"MAP_ID":"K42_K","MINE_ID":"K42","MAP_TITLE":"Cedar Mountain mines-map showing location of working place in No. 5 chute from 6th level north gangway","MAP_DETAILS":"Elevations, mine workings. Amount of air delivered to work area","MAP_YEAR":1936,"RMS_ERROR":5.69556,"CONTROL_POINTS":5,"URL":"https://fortress.wa.gov/dnr/geologydata/coal_maps/coal_mine_zip_files/K42_K.zip","TIFsize":36.3,"URL2":"https://fortress.wa.gov/dnr/geologydata/coal_maps/pdfs/K42_K.pdf"}},{"type":"Feature","geometry":{"type":"Polygon","coordinates":[[[-122.054985602478,47.4593366857843],[-122.055027641429,47.4482543815359],[-122.082909266309,47.4482230566537],[-122.082873331202,47.4593018110816],[-122.054985602478,47.4593366857843]]]},"properties":{"MAP_ID":"K42_L","MINE_ID":"K42","MAP_TITLE":"Cedar Mountain mine map showing surface features in relation to mine workings","MAP_DETAILS":"Roads, RR tracks, buildings, streams, elevations, mine workings","MAP_YEAR":1936,"RMS_ERROR":3.63698,"CONTROL_POINTS":4,"URL":"https://fortress.wa.gov/dnr/geologydata/coal_maps/coal_mine_zip_files/K42_L.zip","TIFsize":480.1,"URL2":"https://fortress.wa.gov/dnr/geologydata/coal_maps/pdfs/K42_L.pdf"}},{"type":"Feature","geometry":{"type":"Polygon","coordinates":[[[-122.054994865032,47.459333627486],[-122.054882058404,47.4483189184637],[-122.082677698198,47.4483312991257],[-122.082795625829,47.4593459610483],[-122.054994865032,47.459333627486]]]},"properties":{"MAP_ID":"K42_M","MINE_ID":"K42","MAP_TITLE":"Cedar Mountain mine map showing surface features in relation to mine workings","MAP_DETAILS":"Roads, RR tracks, buildings, streams, elevations, mine workings","MAP_YEAR":1937,"RMS_ERROR":5.60909,"CONTROL_POINTS":4,"URL":"https://fortress.wa.gov/dnr/geologydata/coal_maps/coal_mine_zip_files/K42_M.zip","TIFsize":488.2,"URL2":"https://fortress.wa.gov/dnr/geologydata/coal_maps/pdfs/K42_M.pdf"}},{"type":"Feature","geometry":{"type":"Polygon","coordinates":[[[-122.055027561791,47.4593437533377],[-122.054931452221,47.4482577818341],[-122.082904166284,47.4482301555611],[-122.083005962193,47.4593161141884],[-122.055027561791,47.4593437533377]]]},"properties":{"MAP_ID":"K42_O","MINE_ID":"K42","MAP_TITLE":"Cedar Mountain mine map showing surface features in relation to mine workings","MAP_DETAILS":"Roads, RR tracks, buildings, streams, elevations, mine workings","MAP_YEAR":1938,"RMS_ERROR":5.31043,"CONTROL_POINTS":4,"URL":"https://fortress.wa.gov/dnr/geologydata/coal_maps/coal_mine_zip_files/K42_O.zip","TIFsize":488.2,"URL2":"https://fortress.wa.gov/dnr/geologydata/coal_maps/pdfs/K42_O.pdf"}},{"type":"Feature","geometry":{"type":"Polygon","coordinates":[[[-122.055013910802,47.4593130232182],[-122.055188903108,47.4482495630509],[-122.082904655582,47.4482457992634],[-122.08273560635,47.4593091962522],[-122.055013910802,47.4593130232182]]]},"properties":{"MAP_ID":"K42_P","MINE_ID":"K42","MAP_TITLE":"Cedar Mountain mine map showing surface features in relation to mine workings","MAP_DETAILS":"Roads, RR tracks, buildings, streams, elevations, mine workings","MAP_YEAR":1939,"RMS_ERROR":5.14991,"CONTROL_POINTS":4,"URL":"https://fortress.wa.gov/dnr/geologydata/coal_maps/coal_mine_zip_files/K42_P.zip","TIFsize":480.1,"URL2":"https://fortress.wa.gov/dnr/geologydata/coal_maps/pdfs/K42_P.pdf"}},{"type":"Feature","geometry":{"type":"Polygon","coordinates":[[[-122.058796800258,47.4562268165159],[-122.05888574593,47.4491831564167],[-122.076172580462,47.4490644293772],[-122.076084609987,47.4561069745641],[-122.058796800258,47.4562268165159]]]},"properties":{"MAP_ID":"K42_Q","MINE_ID":"K42","MAP_TITLE":"Cedar Mountain mine map showing workings in royalty area","MAP_DETAILS":"Elevations, mine workings. Shows tonnage from 1929-1939","MAP_YEAR":1939,"RMS_ERROR":7.46921,"CONTROL_POINTS":4,"URL":"https://fortress.wa.gov/dnr/geologydata/coal_maps/coal_mine_zip_files/K42_Q.zip","TIFsize":87.1,"URL2":"https://fortress.wa.gov/dnr/geologydata/coal_maps/pdfs/K42_Q.pdf"}},{"type":"Feature","geometry":{"type":"Polygon","coordinates":[[[-122.065606896269,47.4609152487032],[-122.066033623079,47.4420032514797],[-122.080521183688,47.4420704787724],[-122.080101748553,47.460983996904],[-122.065606896269,47.4609152487032]]]},"properties":{"MAP_ID":"K42_R","MINE_ID":"K42","MAP_TITLE":"Cedar Mountain properties surface map","MAP_DETAILS":"Roads, RR tracks, streams, elevations, contours","MAP_YEAR":1965,"RMS_ERROR":16.1054,"CONTROL_POINTS":5,"URL":"https://fortress.wa.gov/dnr/geologydata/coal_maps/coal_mine_zip_files/K42_R.zip","TIFsize":429.7,"URL2":"https://fortress.wa.gov/dnr/geologydata/coal_maps/pdfs/K42_R.pdf"}},{"type":"Feature","geometry":{"type":"Polygon","coordinates":[[[-121.982757224328,47.4804079065784],[-121.988910682474,47.4799437082957],[-121.989998541969,47.4870908778885],[-121.983844768435,47.4875545543733],[-121.982757224328,47.4804079065784]]]},"properties":{"MAP_ID":"K43_A","MINE_ID":"K43","MAP_TITLE":"Caroline mine","MAP_DETAILS":"Streams, elevations, mine workings","MAP_YEAR":1927,"RMS_ERROR":1.67596,"CONTROL_POINTS":4,"URL":"https://fortress.wa.gov/dnr/geologydata/coal_maps/coal_mine_zip_files/K43_A.zip","TIFsize":78.8,"URL2":"https://fortress.wa.gov/dnr/geologydata/coal_maps/pdfs/K43_A.pdf"}},{"type":"Feature","geometry":{"type":"Polygon","coordinates":[[[-121.982355817328,47.4822517254033],[-121.989094658297,47.4821194745298],[-121.989646794812,47.4875632748053],[-121.982906742186,47.4876955110298],[-121.982355817328,47.4822517254033]]]},"properties":{"MAP_ID":"K43_B","MINE_ID":"K43","MAP_TITLE":"Caroline mine","MAP_DETAILS":"Mine workings only","MAP_YEAR":1930,"RMS_ERROR":1.30632,"CONTROL_POINTS":4,"URL":"https://fortress.wa.gov/dnr/geologydata/coal_maps/coal_mine_zip_files/K43_B.zip","TIFsize":63,"URL2":"https://fortress.wa.gov/dnr/geologydata/coal_maps/pdfs/K43_B.pdf"}},{"type":"Feature","geometry":{"type":"Polygon","coordinates":[[[-121.982874477568,47.4906168220534],[-121.982841238771,47.4827603332681],[-121.99357106076,47.4827032978136],[-121.993607297037,47.4905595786842],[-121.982874477568,47.4906168220534]]]},"properties":{"MAP_ID":"K43_D","MINE_ID":"K43","MAP_TITLE":"Mine map, Tiger Mountain Coal Co.","MAP_DETAILS":"Roads, buildings, streams, elevations, mine workings. Shows old Caroline works","MAP_YEAR":1939,"RMS_ERROR":2.2041,"CONTROL_POINTS":4,"URL":"https://fortress.wa.gov/dnr/geologydata/coal_maps/coal_mine_zip_files/K43_D.zip","TIFsize":142.2,"URL2":"https://fortress.wa.gov/dnr/geologydata/coal_maps/pdfs/K43_D.pdf"}},{"type":"Feature","geometry":{"type":"Polygon","coordinates":[[[-121.890306022336,47.4289097151652],[-121.889134328424,47.4160256933955],[-121.911451043111,47.415770879377],[-121.912629529251,47.4286475585222],[-121.890306022336,47.4289097151652]]]},"properties":{"MAP_ID":"K45_A","MINE_ID":"K45","MAP_TITLE":"Denny-Renton Clay and Coal Co.'s mines","MAP_DETAILS":"RR tracks, buildings, streams, elevations, mine workings","MAP_YEAR":1905,"RMS_ERROR":17.0292,"CONTROL_POINTS":4,"URL":"https://fortress.wa.gov/dnr/geologydata/coal_maps/coal_mine_zip_files/K45_A.zip","TIFsize":460.7,"URL2":"https://fortress.wa.gov/dnr/geologydata/coal_maps/pdfs/K45_A.pdf"}},{"type":"Feature","geometry":{"type":"Polygon","coordinates":[[[-121.901078713973,47.4302851643528],[-121.901285123412,47.4135144047202],[-121.917180875199,47.4134730158822],[-121.916983266744,47.430240532113],[-121.901078713973,47.4302851643528]]]},"properties":{"MAP_ID":"K45_B","MINE_ID":"K45","MAP_TITLE":"Map of Denny-Renton Clay and Coal Co.' s mines and property","MAP_DETAILS":"Roads, RR tracks, buildings, streams, elevations, contours, mine workings. Town of Taylor","MAP_YEAR":1910,"RMS_ERROR":13.9333,"CONTROL_POINTS":4,"URL":"https://fortress.wa.gov/dnr/geologydata/coal_maps/coal_mine_zip_files/K45_B.zip","TIFsize":404.1,"URL2":"https://fortress.wa.gov/dnr/geologydata/coal_maps/pdfs/K45_B.pdf"}},{"type":"Feature","geometry":{"type":"Polygon","coordinates":[[[-121.905338200476,47.4358298160341],[-121.90511184057,47.4243946936607],[-121.919893773371,47.4245184553937],[-121.920132236348,47.435957120655],[-121.905338200476,47.4358298160341]]]},"properties":{"MAP_ID":"K45_C","MINE_ID":"K45","MAP_TITLE":"Denny-Renton Clay and Coal Co. Surface survey and prospect areas","MAP_DETAILS":"Roads, streams, elevations. Shows several prospect areas, surface survey markings","MAP_YEAR":1910,"RMS_ERROR":4.63355,"CONTROL_POINTS":5,"URL":"https://fortress.wa.gov/dnr/geologydata/coal_maps/coal_mine_zip_files/K45_C.zip","TIFsize":263,"URL2":"https://fortress.wa.gov/dnr/geologydata/coal_maps/pdfs/K45_C.pdf"}},{"type":"Feature","geometry":{"type":"Polygon","coordinates":[[[-121.870942609061,47.4309014575338],[-121.870819159553,47.4160490049859],[-121.914854490411,47.4158331489055],[-121.914964465135,47.4306662382011],[-121.870942609061,47.4309014575338]]]},"properties":{"MAP_ID":"K45_D","MINE_ID":"K45","MAP_TITLE":"Map of Taylor mines","MAP_DETAILS":"Roads, RR tracks, buildings, streams, elevations, contours, mine workings","MAP_YEAR":1912,"RMS_ERROR":19.8667,"CONTROL_POINTS":4,"URL":"https://fortress.wa.gov/dnr/geologydata/coal_maps/coal_mine_zip_files/K45_D.zip","TIFsize":438.5,"URL2":"https://fortress.wa.gov/dnr/geologydata/coal_maps/pdfs/K45_D.pdf"}},{"type":"Feature","geometry":{"type":"Polygon","coordinates":[[[-121.868803838971,47.3597506413579],[-121.868847576111,47.3504913399315],[-121.882366411043,47.3505706234997],[-121.882324388585,47.3598224555965],[-121.868803838971,47.3597506413579]]]},"properties":{"MAP_ID":"K50_A1","MINE_ID":"K50","MAP_TITLE":"Map showing workings of the McGuire, Kangley, Scenery, and 36 veins","MAP_DETAILS":"Streams, elevations, contours, mine workings, columnar sections, cross sections","MAP_YEAR":1873,"RMS_ERROR":4.21862,"CONTROL_POINTS":4,"URL":"https://fortress.wa.gov/dnr/geologydata/coal_maps/coal_mine_zip_files/K50_A1.zip","TIFsize":202.6,"URL2":"https://fortress.wa.gov/dnr/geologydata/coal_maps/pdfs/K50_A1.pdf"}},{"type":"Feature","geometry":{"type":"Polygon","coordinates":[[[-121.868054638342,47.361988260516],[-121.868450781662,47.3543442602456],[-121.881245139934,47.3546514784977],[-121.88085233894,47.3622950283883],[-121.868054638342,47.361988260516]]]},"properties":{"MAP_ID":"K50_B","MINE_ID":"K50","MAP_TITLE":"Working map of Parkins slope and vicinity mines","MAP_DETAILS":"RR tracks, buildings, streams, elevations, mine workings. Shows Alta and Kangley slopes","MAP_YEAR":1925,"RMS_ERROR":-9999,"CONTROL_POINTS":2,"URL":"https://fortress.wa.gov/dnr/geologydata/coal_maps/coal_mine_zip_files/K50_B.zip","TIFsize":152.7,"URL2":"https://fortress.wa.gov/dnr/geologydata/coal_maps/pdfs/K50_B.pdf"}},{"type":"Feature","geometry":{"type":"Polygon","coordinates":[[[-121.867935542554,47.3653776755435],[-121.868507339628,47.351346584378],[-121.881329347,47.3517140725002],[-121.880779811515,47.3657519095697],[-121.867935542554,47.3653776755435]]]},"properties":{"MAP_ID":"K50_D","MINE_ID":"K50","MAP_TITLE":"Working map of Parkins slope and vicinity mines","MAP_DETAILS":"RR tracks, buildings, streams, elevations, mine workings. Kangley, Alta","MAP_YEAR":1927,"RMS_ERROR":10.0279,"CONTROL_POINTS":4,"URL":"https://fortress.wa.gov/dnr/geologydata/coal_maps/coal_mine_zip_files/K50_D.zip","TIFsize":230.8,"URL2":"https://fortress.wa.gov/dnr/geologydata/coal_maps/pdfs/K50_D.pdf"}},{"type":"Feature","geometry":{"type":"Polygon","coordinates":[[[-121.866650244797,47.3674939443261],[-121.869089100587,47.356225126622],[-121.885878987917,47.3563944082045],[-121.883442588149,47.3676616876042],[-121.866650244797,47.3674939443261]]]},"properties":{"MAP_ID":"K50_A","MINE_ID":"K50","MAP_TITLE":"Sketch showing mines in vicinity of Kangley","MAP_DETAILS":"Elevations, mine workings. Shows Kangley, Alta, and Parkins slopes","MAP_YEAR":1924,"RMS_ERROR":26.4339,"CONTROL_POINTS":5,"URL":"https://fortress.wa.gov/dnr/geologydata/coal_maps/coal_mine_zip_files/K50_A.zip","TIFsize":68.8,"URL2":"https://fortress.wa.gov/dnr/geologydata/coal_maps/pdfs/K50_A.pdf"}},{"type":"Feature","geometry":{"type":"Polygon","coordinates":[[[-121.869003792293,47.3534713168583],[-121.86918142578,47.3431526653458],[-121.891442772136,47.3434257030308],[-121.891270223922,47.353744893808],[-121.869003792293,47.3534713168583]]]},"properties":{"MAP_ID":"K51_B","MINE_ID":"K51","MAP_TITLE":"Map of Hiawatha mine","MAP_DETAILS":"Roads, RR tracks, buildings, streams, elevations, mine workings","MAP_YEAR":1924,"RMS_ERROR":11.8398,"CONTROL_POINTS":5,"URL":"https://fortress.wa.gov/dnr/geologydata/coal_maps/coal_mine_zip_files/K51_B.zip","TIFsize":318.8,"URL2":"https://fortress.wa.gov/dnr/geologydata/coal_maps/pdfs/K51_B.pdf"}},{"type":"Feature","geometry":{"type":"Polygon","coordinates":[[[-121.878471395456,47.344620948401],[-121.879292014573,47.3268502935393],[-121.892916338663,47.3269689679776],[-121.892099784925,47.3447386076513],[-121.878471395456,47.344620948401]]]},"properties":{"MAP_ID":"K52_A","MINE_ID":"K52","MAP_TITLE":"Map of Morris Bros. Coal Mining Co., mines Nos. 1 and 2","MAP_DETAILS":"RR tracks, buildings, streams, elevations, contours, mine workings","MAP_YEAR":1929,"RMS_ERROR":64.6839,"CONTROL_POINTS":4,"URL":"https://fortress.wa.gov/dnr/geologydata/coal_maps/coal_mine_zip_files/K52_A.zip","TIFsize":121.9,"URL2":"https://fortress.wa.gov/dnr/geologydata/coal_maps/pdfs/K52_A.pdf"}},{"type":"Feature","geometry":{"type":"Polygon","coordinates":[[[-121.879689708538,47.3442294935352],[-121.88026175259,47.3268317888477],[-121.893091242425,47.3271107324346],[-121.892522815058,47.3445080950775],[-121.879689708538,47.3442294935352]]]},"properties":{"MAP_ID":"K52_C","MINE_ID":"K52","MAP_TITLE":"Palmer Coking Coal Co., Inc., Durham mines","MAP_DETAILS":"RR tracks, buildings, streams, elevations, contours. Shows old No. 1, No. 2, and old No. 2","MAP_YEAR":1936,"RMS_ERROR":9.63142,"CONTROL_POINTS":6,"URL":"https://fortress.wa.gov/dnr/geologydata/coal_maps/coal_mine_zip_files/K52_C.zip","TIFsize":102.4,"URL2":"https://fortress.wa.gov/dnr/geologydata/coal_maps/pdfs/K52_C.pdf"}},{"type":"Feature","geometry":{"type":"Polygon","coordinates":[[[-121.88186738006,47.3332248919657],[-121.894458660497,47.3324493403252],[-121.892682587505,47.3441452760413],[-121.880089509378,47.3449210254411],[-121.88186738006,47.3332248919657]]]},"properties":{"MAP_ID":"K52_E","MINE_ID":"K52","MAP_TITLE":"Map of workings of New Durham mine","MAP_DETAILS":"Elevations, mine workings","MAP_YEAR":1937,"RMS_ERROR":2.14895,"CONTROL_POINTS":4,"URL":"https://fortress.wa.gov/dnr/geologydata/coal_maps/coal_mine_zip_files/K52_E.zip","TIFsize":306,"URL2":"https://fortress.wa.gov/dnr/geologydata/coal_maps/pdfs/K52_E.pdf"}},{"type":"Feature","geometry":{"type":"Polygon","coordinates":[[[-121.880905154588,47.3339581534423],[-121.892615351472,47.3337560664175],[-121.892600143639,47.3441628680701],[-121.880887424564,47.3443648319879],[-121.880905154588,47.3339581534423]]]},"properties":{"MAP_ID":"K52_F","MINE_ID":"K52","MAP_TITLE":"Map of workings of New Durham mine","MAP_DETAILS":"Elevations, mine workings","MAP_YEAR":1937,"RMS_ERROR":0.782581,"CONTROL_POINTS":4,"URL":"https://fortress.wa.gov/dnr/geologydata/coal_maps/coal_mine_zip_files/K52_F.zip","TIFsize":78.4,"URL2":"https://fortress.wa.gov/dnr/geologydata/coal_maps/pdfs/K52_F.pdf"}},{"type":"Feature","geometry":{"type":"Polygon","coordinates":[[[-121.889410710853,47.3499905819303],[-121.889544110969,47.3400069077138],[-121.907412579281,47.340039593469],[-121.907282060051,47.3500229390979],[-121.889410710853,47.3499905819303]]]},"properties":{"MAP_ID":"K53_A","MINE_ID":"K53","MAP_TITLE":"Mine map, Elk Coal Co.","MAP_DETAILS":"Roads, RR tracks, buildings, streams, elevations, mine workings","MAP_YEAR":1924,"RMS_ERROR":0.530151,"CONTROL_POINTS":4,"URL":"https://fortress.wa.gov/dnr/geologydata/coal_maps/coal_mine_zip_files/K53_A.zip","TIFsize":483.9,"URL2":"https://fortress.wa.gov/dnr/geologydata/coal_maps/pdfs/K53_A.pdf"}},{"type":"Feature","geometry":{"type":"Polygon","coordinates":[[[-121.88963198598,47.3476714092789],[-121.889703392801,47.3399791491027],[-121.907705389352,47.3399543169656],[-121.907635709164,47.3476458097491],[-121.88963198598,47.3476714092789]]]},"properties":{"MAP_ID":"K53_B","MINE_ID":"K53","MAP_TITLE":"Mine map, Elk Coal Co.","MAP_DETAILS":"Roads, RR tracks, buildings, elevations, mine workings","MAP_YEAR":1926,"RMS_ERROR":2.34651,"CONTROL_POINTS":4,"URL":"https://fortress.wa.gov/dnr/geologydata/coal_maps/coal_mine_zip_files/K53_B.zip","TIFsize":379.6,"URL2":"https://fortress.wa.gov/dnr/geologydata/coal_maps/pdfs/K53_B.pdf"}},{"type":"Feature","geometry":{"type":"Polygon","coordinates":[[[-121.894151244046,47.3494000382706],[-121.894322105609,47.3405666181839],[-121.90853889569,47.3405713012279],[-121.908370125459,47.3494032019284],[-121.894151244046,47.3494000382706]]]},"properties":{"MAP_ID":"K53_C","MINE_ID":"K53","MAP_TITLE":"Mine map, Elk mine","MAP_DETAILS":"RR tracks, buildings, elevations, mine workings","MAP_YEAR":1931,"RMS_ERROR":3.35044,"CONTROL_POINTS":4,"URL":"https://fortress.wa.gov/dnr/geologydata/coal_maps/coal_mine_zip_files/K53_C.zip","TIFsize":311.8,"URL2":"https://fortress.wa.gov/dnr/geologydata/coal_maps/pdfs/K53_C.pdf"}},{"type":"Feature","geometry":{"type":"Polygon","coordinates":[[[-121.894308892861,47.3491374697564],[-121.894467127942,47.3407040879477],[-121.90813555139,47.3406996265914],[-121.907976936255,47.3491375331539],[-121.894308892861,47.3491374697564]]]},"properties":{"MAP_ID":"K53_D","MINE_ID":"K53","MAP_TITLE":"Big 4 Coal Co. mine map","MAP_DETAILS":"RR tracks, buildings, elevations, mine workings","MAP_YEAR":1933,"RMS_ERROR":1.72607,"CONTROL_POINTS":4,"URL":"https://fortress.wa.gov/dnr/geologydata/coal_maps/coal_mine_zip_files/K53_D.zip","TIFsize":293.3,"URL2":"https://fortress.wa.gov/dnr/geologydata/coal_maps/pdfs/K53_D.pdf"}},{"type":"Feature","geometry":{"type":"Polygon","coordinates":[[[-121.893991406271,47.349421255648],[-121.894193064852,47.3406915097951],[-121.908931619632,47.3407427766241],[-121.9087309438,47.3494726348789],[-121.893991406271,47.349421255648]]]},"properties":{"MAP_ID":"K53_E","MINE_ID":"K53","MAP_TITLE":"Big 4 Coal Co. mine map","MAP_DETAILS":"RR tracks, buildings, mine workings","MAP_YEAR":1934,"RMS_ERROR":0.378786,"CONTROL_POINTS":4,"URL":"https://fortress.wa.gov/dnr/geologydata/coal_maps/coal_mine_zip_files/K53_E.zip","TIFsize":326.6,"URL2":"https://fortress.wa.gov/dnr/geologydata/coal_maps/pdfs/K53_E.pdf"}},{"type":"Feature","geometry":{"type":"Polygon","coordinates":[[[-121.890394556627,47.3517897303971],[-121.890592328759,47.3429795397939],[-121.912407475343,47.3429621428713],[-121.912213721089,47.3517712982202],[-121.890394556627,47.3517897303971]]]},"properties":{"MAP_ID":"K53_I","MINE_ID":"K53","MAP_TITLE":"Map of Elk mine","MAP_DETAILS":"RR tracks, buildings, streams, elevations, contours, mine workings, columnar sections","MAP_YEAR":1941,"RMS_ERROR":1.60876,"CONTROL_POINTS":4,"URL":"https://fortress.wa.gov/dnr/geologydata/coal_maps/coal_mine_zip_files/K53_I.zip","TIFsize":272.3,"URL2":"https://fortress.wa.gov/dnr/geologydata/coal_maps/pdfs/K53_I.pdf"}},{"type":"Feature","geometry":{"type":"Polygon","coordinates":[[[-121.889938874924,47.3525591779774],[-121.890248375966,47.3428746416074],[-121.91539870379,47.3429404972907],[-121.915092031866,47.3526268694573],[-121.889938874924,47.3525591779774]]]},"properties":{"MAP_ID":"K53_J","MINE_ID":"K53","MAP_TITLE":"Map of Elk mine","MAP_DETAILS":"Roads, RR tracks, buildings, elevations, contours, mine workings, columnar sections","MAP_YEAR":1953,"RMS_ERROR":8.83896,"CONTROL_POINTS":4,"URL":"https://fortress.wa.gov/dnr/geologydata/coal_maps/coal_mine_zip_files/K53_J.zip","TIFsize":390.6,"URL2":"https://fortress.wa.gov/dnr/geologydata/coal_maps/pdfs/K53_J.pdf"}},{"type":"Feature","geometry":{"type":"Polygon","coordinates":[[[-121.971504001999,47.3765496690842],[-121.971541805795,47.371929744627],[-121.984769206469,47.3719101065207],[-121.984737314784,47.3765300571499],[-121.971504001999,47.3765496690842]]]},"properties":{"MAP_ID":"K54_B","MINE_ID":"K54","MAP_TITLE":"Map showing location of old Danville coal mine workings and prospects","MAP_DETAILS":"Roads, RR tracks, buildings, surface signs of mine workings-prospects, cave-ins, tunnel openings, dumps, and air shafts","MAP_YEAR":1920,"RMS_ERROR":16.5519,"CONTROL_POINTS":4,"URL":"https://fortress.wa.gov/dnr/geologydata/coal_maps/coal_mine_zip_files/K54_B.zip","TIFsize":308.3,"URL2":"https://fortress.wa.gov/dnr/geologydata/coal_maps/pdfs/K54_B.pdf"}},{"type":"Feature","geometry":{"type":"Polygon","coordinates":[[[-121.971274680866,47.3770234104632],[-121.971301142542,47.3670318599833],[-121.985190131902,47.3669104401877],[-121.985168823938,47.3769026785808],[-121.971274680866,47.3770234104632]]]},"properties":{"MAP_ID":"K54_C","MINE_ID":"K54","MAP_TITLE":"Map of Danville coal mine","MAP_DETAILS":"Roads, RR tracks, buildings, streams, elevations, mine workings","MAP_YEAR":1929,"RMS_ERROR":15.4604,"CONTROL_POINTS":5,"URL":"https://fortress.wa.gov/dnr/geologydata/coal_maps/coal_mine_zip_files/K54_C.zip","TIFsize":378.1,"URL2":"https://fortress.wa.gov/dnr/geologydata/coal_maps/pdfs/K54_C.pdf"}},{"type":"Feature","geometry":{"type":"Polygon","coordinates":[[[-121.970883963163,47.3769238190082],[-121.970959421042,47.3668440517295],[-122.000994621541,47.3669446815258],[-122.000925948963,47.3770258529495],[-121.970883963163,47.3769238190082]]]},"properties":{"MAP_ID":"K54_D","MINE_ID":"K54","MAP_TITLE":"Map of Danville mine","MAP_DETAILS":"Roads, RR tracks, buildings, streams, elevations, contours, mine workings","MAP_YEAR":1932,"RMS_ERROR":15.6834,"CONTROL_POINTS":4,"URL":"https://fortress.wa.gov/dnr/geologydata/coal_maps/coal_mine_zip_files/K54_D.zip","TIFsize":473.1,"URL2":"https://fortress.wa.gov/dnr/geologydata/coal_maps/pdfs/K54_D.pdf"}},{"type":"Feature","geometry":{"type":"Polygon","coordinates":[[[-121.971101126089,47.3729670331597],[-121.998803881217,47.362678793858],[-122.00626319756,47.3718781160522],[-121.978555605067,47.382168451746],[-121.971101126089,47.3729670331597]]]},"properties":{"MAP_ID":"K54_E","MINE_ID":"K54","MAP_TITLE":"Danville coal mine","MAP_DETAILS":"Roads, streams, elevations, contours","MAP_YEAR":1939,"RMS_ERROR":10.3119,"CONTROL_POINTS":4,"URL":"https://fortress.wa.gov/dnr/geologydata/coal_maps/coal_mine_zip_files/K54_E.zip","TIFsize":460,"URL2":"https://fortress.wa.gov/dnr/geologydata/coal_maps/pdfs/K54_E.pdf"}},{"type":"Feature","geometry":{"type":"Polygon","coordinates":[[[-121.97157904582,47.3546488533554],[-121.99613759727,47.3538593432231],[-121.997836538225,47.3760856612651],[-121.973260245673,47.3768747277424],[-121.97157904582,47.3546488533554]]]},"properties":{"MAP_ID":"K55_D","MINE_ID":"K55","MAP_TITLE":"Landsburg mine and property","MAP_DETAILS":"Roads, elevations, mine gangways","MAP_YEAR":1953,"RMS_ERROR":35.6183,"CONTROL_POINTS":5,"URL":"https://fortress.wa.gov/dnr/geologydata/coal_maps/coal_mine_zip_files/K55_D.zip","TIFsize":351.7,"URL2":"https://fortress.wa.gov/dnr/geologydata/coal_maps/pdfs/K55_D.pdf"}},{"type":"Feature","geometry":{"type":"Polygon","coordinates":[[[-121.969278437035,47.3767537523481],[-121.986053315091,47.3595360877789],[-121.998790316223,47.3654811095332],[-121.982015604433,47.3826988782937],[-121.969278437035,47.3767537523481]]]},"properties":{"MAP_ID":"K55_E","MINE_ID":"K55","MAP_TITLE":"Landsburg mine, upper level workings, all seams","MAP_DETAILS":"Elevations, mine gangways","MAP_YEAR":1958,"RMS_ERROR":21.5608,"CONTROL_POINTS":4,"URL":"https://fortress.wa.gov/dnr/geologydata/coal_maps/coal_mine_zip_files/K55_E.zip","TIFsize":742.7,"URL2":"https://fortress.wa.gov/dnr/geologydata/coal_maps/pdfs/K55_E.pdf"}},{"type":"Feature","geometry":{"type":"Polygon","coordinates":[[[-121.969329650154,47.3767300606965],[-121.986065265632,47.3596190994335],[-121.998975580951,47.36550388484],[-121.982242761267,47.3826189547281],[-121.969329650154,47.3767300606965]]]},"properties":{"MAP_ID":"K55_F","MINE_ID":"K55","MAP_TITLE":"Landsburg mine, upper level workings, all seams","MAP_DETAILS":"Roads, elevations, mine gangways","MAP_YEAR":1959,"RMS_ERROR":20.4527,"CONTROL_POINTS":4,"URL":"https://fortress.wa.gov/dnr/geologydata/coal_maps/coal_mine_zip_files/K55_F.zip","TIFsize":743.3,"URL2":"https://fortress.wa.gov/dnr/geologydata/coal_maps/pdfs/K55_F.pdf"}},{"type":"Feature","geometry":{"type":"Polygon","coordinates":[[[-121.969329140248,47.3767963219656],[-121.986167683612,47.359591597083],[-121.99888290105,47.3655846133779],[-121.982047664964,47.3827912027729],[-121.969329140248,47.3767963219656]]]},"properties":{"MAP_ID":"K55_G","MINE_ID":"K55","MAP_TITLE":"Landsburg mine","MAP_DETAILS":"Roads, elevations, mine gangways","MAP_YEAR":1960,"RMS_ERROR":24.7457,"CONTROL_POINTS":4,"URL":"https://fortress.wa.gov/dnr/geologydata/coal_maps/coal_mine_zip_files/K55_G.zip","TIFsize":415.2,"URL2":"https://fortress.wa.gov/dnr/geologydata/coal_maps/pdfs/K55_G.pdf"}},{"type":"Feature","geometry":{"type":"Polygon","coordinates":[[[-121.969199223749,47.3765707666378],[-121.986353155794,47.3595532365347],[-121.998665025835,47.3656726921395],[-121.981513309333,47.3826910026978],[-121.969199223749,47.3765707666378]]]},"properties":{"MAP_ID":"K55_H","MINE_ID":"K55","MAP_TITLE":"Landsburg mine, upper level workings, all seams","MAP_DETAILS":"Roads, elevations, mine gangways","MAP_YEAR":1961,"RMS_ERROR":22.3296,"CONTROL_POINTS":4,"URL":"https://fortress.wa.gov/dnr/geologydata/coal_maps/coal_mine_zip_files/K55_H.zip","TIFsize":415.2,"URL2":"https://fortress.wa.gov/dnr/geologydata/coal_maps/pdfs/K55_H.pdf"}},{"type":"Feature","geometry":{"type":"Polygon","coordinates":[[[-121.969017679517,47.3764735299125],[-121.986866470178,47.3601427904394],[-121.999027886259,47.3658233476068],[-121.981182026096,47.3821558777777],[-121.969017679517,47.3764735299125]]]},"properties":{"MAP_ID":"K55_I","MINE_ID":"K55","MAP_TITLE":"Landsburg mine, upper level workings","MAP_DETAILS":"Roads, RR tracks, streams, elevations, mine gangways","MAP_YEAR":1965,"RMS_ERROR":18.2142,"CONTROL_POINTS":4,"URL":"https://fortress.wa.gov/dnr/geologydata/coal_maps/coal_mine_zip_files/K55_I.zip","TIFsize":427.4,"URL2":"https://fortress.wa.gov/dnr/geologydata/coal_maps/pdfs/K55_I.pdf"}},{"type":"Feature","geometry":{"type":"Polygon","coordinates":[[[-121.969017058828,47.3765417060378],[-121.986747141078,47.3600470301167],[-121.999014122434,47.3659503323165],[-121.981285788988,47.3824468653874],[-121.969017058828,47.3765417060378]]]},"properties":{"MAP_ID":"K55_J","MINE_ID":"K55","MAP_TITLE":"Landsburg mine, upper level workings, all seams","MAP_DETAILS":"Roads, RR tracks, streams, elevations, mine gangways","MAP_YEAR":1967,"RMS_ERROR":13.5845,"CONTROL_POINTS":4,"URL":"https://fortress.wa.gov/dnr/geologydata/coal_maps/coal_mine_zip_files/K55_J.zip","TIFsize":412.6,"URL2":"https://fortress.wa.gov/dnr/geologydata/coal_maps/pdfs/K55_J.pdf"}},{"type":"Feature","geometry":{"type":"Polygon","coordinates":[[[-121.969103232851,47.3764644018707],[-121.98677989804,47.3599516345891],[-121.999119608083,47.3658612148755],[-121.981442546507,47.382377306463],[-121.969103232851,47.3764644018707]]]},"properties":{"MAP_ID":"K55_K","MINE_ID":"K55","MAP_TITLE":"Landsburg mine, upper level workings, all seams","MAP_DETAILS":"Roads, RR tracks, streams, elevations, mine gangways, cross sections","MAP_YEAR":1969,"RMS_ERROR":13.3424,"CONTROL_POINTS":4,"URL":"https://fortress.wa.gov/dnr/geologydata/coal_maps/coal_mine_zip_files/K55_K.zip","TIFsize":427.1,"URL2":"https://fortress.wa.gov/dnr/geologydata/coal_maps/pdfs/K55_K.pdf"}},{"type":"Feature","geometry":{"type":"Polygon","coordinates":[[[-121.972051414144,47.3753762377979],[-121.973010989616,47.3654302508825],[-121.997983279797,47.3656499945475],[-121.99702642109,47.3756057442752],[-121.972051414144,47.3753762377979]]]},"properties":{"MAP_ID":"K55_N","MINE_ID":"K55","MAP_TITLE":"Plan showing part of the gangway workings (8 ft and 18 ft veins)","MAP_DETAILS":"Roads, streams, elevations, mine gangways","MAP_YEAR":1954,"RMS_ERROR":12.9319,"CONTROL_POINTS":4,"URL":"https://fortress.wa.gov/dnr/geologydata/coal_maps/coal_mine_zip_files/K55_N.zip","TIFsize":169.4,"URL2":"https://fortress.wa.gov/dnr/geologydata/coal_maps/pdfs/K55_N.pdf"}},{"type":"Feature","geometry":{"type":"Polygon","coordinates":[[[-121.959092051506,47.3542870621765],[-121.961052370039,47.3399230329918],[-121.992107170657,47.3410416918748],[-121.990156847604,47.3554058805553],[-121.959092051506,47.3542870621765]]]},"properties":{"MAP_ID":"K56_A","MINE_ID":"K56","MAP_TITLE":"Map of Ravensdale mines","MAP_DETAILS":"Roads, RR tracks, buildings, streams, elevations, contours, mine gangways","MAP_YEAR":1914,"RMS_ERROR":8.32049,"CONTROL_POINTS":6,"URL":"https://fortress.wa.gov/dnr/geologydata/coal_maps/coal_mine_zip_files/K56_A.zip","TIFsize":306.1,"URL2":"https://fortress.wa.gov/dnr/geologydata/coal_maps/pdfs/K56_A.pdf"}},{"type":"Feature","geometry":{"type":"Polygon","coordinates":[[[-121.931330800827,47.3589821032448],[-121.931844429446,47.3266140356266],[-121.995376235276,47.3264104898413],[-121.994902162384,47.3587775510087],[-121.931330800827,47.3589821032448]]]},"properties":{"MAP_ID":"K56_B","MINE_ID":"K56","MAP_TITLE":"Ravensdale mines and vicinity","MAP_DETAILS":"RR tracks, streams, elevations, mine gangways. Shows area ownership","MAP_YEAR":-9999,"RMS_ERROR":64.3379,"CONTROL_POINTS":4,"URL":"https://fortress.wa.gov/dnr/geologydata/coal_maps/coal_mine_zip_files/K56_B.zip","TIFsize":347,"URL2":"https://fortress.wa.gov/dnr/geologydata/coal_maps/pdfs/K56_B.pdf"}},{"type":"Feature","geometry":{"type":"Polygon","coordinates":[[[-121.966952677265,47.3634007021106],[-121.97226329621,47.3255830879987],[-122.004883975395,47.3269125794307],[-121.999597935915,47.3647276057787],[-121.966952677265,47.3634007021106]]]},"properties":{"MAP_ID":"K56_C","MINE_ID":"K56","MAP_TITLE":"Ravensdale group of mines","MAP_DETAILS":"RR tracks, streams, elevations, mine gangways, cross sections","MAP_YEAR":-9999,"RMS_ERROR":41.4302,"CONTROL_POINTS":4,"URL":"https://fortress.wa.gov/dnr/geologydata/coal_maps/coal_mine_zip_files/K56_C.zip","TIFsize":135,"URL2":"https://fortress.wa.gov/dnr/geologydata/coal_maps/pdfs/K56_C.pdf"}},{"type":"Feature","geometry":{"type":"Polygon","coordinates":[[[-121.961311261947,47.3552964148849],[-121.962103155024,47.3451754341215],[-121.990579041652,47.3461973636145],[-121.989780840162,47.3563217423405],[-121.961311261947,47.3552964148849]]]},"properties":{"MAP_ID":"K58_A","MINE_ID":"K58","MAP_TITLE":"Ravensdale mine workings on beds Nos. 1 and 4","MAP_DETAILS":"RR tracks, buildings, elevations, mine workings","MAP_YEAR":1919,"RMS_ERROR":-9999,"CONTROL_POINTS":2,"URL":"https://fortress.wa.gov/dnr/geologydata/coal_maps/coal_mine_zip_files/K58_A.zip","TIFsize":421.1,"URL2":"https://fortress.wa.gov/dnr/geologydata/coal_maps/pdfs/K58_A.pdf"}},{"type":"Feature","geometry":{"type":"Polygon","coordinates":[[[-121.961369987579,47.3554241598667],[-121.96212610486,47.3452774496016],[-121.990364194529,47.3462489334211],[-121.98961416771,47.3563941299716],[-121.961369987579,47.3554241598667]]]},"properties":{"MAP_ID":"K58_C","MINE_ID":"K58","MAP_TITLE":"Ravensdale mine workings on beds Nos. 1 and 4","MAP_DETAILS":"RR tracks, buildings, elevations, contours, mine workings","MAP_YEAR":1921,"RMS_ERROR":-9999,"CONTROL_POINTS":2,"URL":"https://fortress.wa.gov/dnr/geologydata/coal_maps/coal_mine_zip_files/K58_C.zip","TIFsize":742.4,"URL2":"https://fortress.wa.gov/dnr/geologydata/coal_maps/pdfs/K58_C.pdf"}},{"type":"Feature","geometry":{"type":"Polygon","coordinates":[[[-121.961218919512,47.3553601341367],[-121.962010537487,47.3451597609382],[-121.990491598693,47.3461796646498],[-121.989704612646,47.3563770166013],[-121.961218919512,47.3553601341367]]]},"properties":{"MAP_ID":"K58_D","MINE_ID":"K58","MAP_TITLE":"Ravensdale mine workings on beds Nos. 1 and 4","MAP_DETAILS":"RR tracks, buildings, streams, elevations, contours, mine workings","MAP_YEAR":1921,"RMS_ERROR":-9999,"CONTROL_POINTS":2,"URL":"https://fortress.wa.gov/dnr/geologydata/coal_maps/coal_mine_zip_files/K58_D.zip","TIFsize":418.3,"URL2":"https://fortress.wa.gov/dnr/geologydata/coal_maps/pdfs/K58_D.pdf"}},{"type":"Feature","geometry":{"type":"Polygon","coordinates":[[[-121.964577639759,47.35387402536],[-121.997032466975,47.3413267424573],[-122.004988273719,47.3507236551406],[-121.972518355881,47.3632626968139],[-121.964577639759,47.35387402536]]]},"properties":{"MAP_ID":"K59_B","MINE_ID":"K59","MAP_TITLE":"Working map of the Ravensdale No. 1 mine workings on No. 4 bed","MAP_DETAILS":"Roads, RR tracks, buildings, streams, elevations, contours, mine workings. Town of Ravensdale, cemetery, Beaver Lake","MAP_YEAR":1911,"RMS_ERROR":26.1645,"CONTROL_POINTS":4,"URL":"https://fortress.wa.gov/dnr/geologydata/coal_maps/coal_mine_zip_files/K59_B.zip","TIFsize":565.4,"URL2":"https://fortress.wa.gov/dnr/geologydata/coal_maps/pdfs/K59_B.pdf"}},{"type":"Feature","geometry":{"type":"Polygon","coordinates":[[[-121.961971003472,47.3577364926276],[-121.963152175231,47.3432558027704],[-121.99628177151,47.3435367819177],[-121.995110390939,47.3580144404543],[-121.961971003472,47.3577364926276]]]},"properties":{"MAP_ID":"K59_D","MINE_ID":"K59","MAP_TITLE":"Map of Ravensdale mine No. 1","MAP_DETAILS":"RR tracks, buildings, elevations, contours, mine gangways. Town of Ravensdale","MAP_YEAR":1920,"RMS_ERROR":30.2496,"CONTROL_POINTS":4,"URL":"https://fortress.wa.gov/dnr/geologydata/coal_maps/coal_mine_zip_files/K59_D.zip","TIFsize":55.3,"URL2":"https://fortress.wa.gov/dnr/geologydata/coal_maps/pdfs/K59_D.pdf"}},{"type":"Feature","geometry":{"type":"Polygon","coordinates":[[[-121.971363433724,47.3516813746939],[-121.974022582166,47.3304219152067],[-121.991115142024,47.3309719329281],[-121.988449231537,47.3522385544889],[-121.971363433724,47.3516813746939]]]},"properties":{"MAP_ID":"K60_A","MINE_ID":"K60","MAP_TITLE":"Working map of the Ravensdale No. 2 mine-McKay workings","MAP_DETAILS":"RR tracks, buildings, streams, elevations, contours, mine workings","MAP_YEAR":1911,"RMS_ERROR":18.9121,"CONTROL_POINTS":4,"URL":"https://fortress.wa.gov/dnr/geologydata/coal_maps/coal_mine_zip_files/K60_A.zip","TIFsize":332.1,"URL2":"https://fortress.wa.gov/dnr/geologydata/coal_maps/pdfs/K60_A.pdf"}},{"type":"Feature","geometry":{"type":"Polygon","coordinates":[[[-121.971243565591,47.3521630378696],[-121.974178148877,47.3295445414157],[-121.991288600782,47.3301015386058],[-121.988361351191,47.3527211351435],[-121.971243565591,47.3521630378696]]]},"properties":{"MAP_ID":"K60_B","MINE_ID":"K60","MAP_TITLE":"Working map of the Ravensdale No. 2 mine-McKay workings","MAP_DETAILS":"RR tracks, buildings, streams, elevations, contours, mine workings","MAP_YEAR":1935,"RMS_ERROR":14.8103,"CONTROL_POINTS":4,"URL":"https://fortress.wa.gov/dnr/geologydata/coal_maps/coal_mine_zip_files/K60_B.zip","TIFsize":419.2,"URL2":"https://fortress.wa.gov/dnr/geologydata/coal_maps/pdfs/K60_B.pdf"}},{"type":"Feature","geometry":{"type":"Polygon","coordinates":[[[-121.971103329084,47.352054900969],[-121.974189874604,47.3296582195655],[-121.991500972016,47.3302739449022],[-121.988413888073,47.3526920304717],[-121.971103329084,47.352054900969]]]},"properties":{"MAP_ID":"K60_C","MINE_ID":"K60","MAP_TITLE":"Working map of the Ravensdale No. 2 mine-McKay workings","MAP_DETAILS":"RR tracks, buildings, streams, elevations, contours, mine workings","MAP_YEAR":1935,"RMS_ERROR":12.6061,"CONTROL_POINTS":4,"URL":"https://fortress.wa.gov/dnr/geologydata/coal_maps/coal_mine_zip_files/K60_C.zip","TIFsize":401.4,"URL2":"https://fortress.wa.gov/dnr/geologydata/coal_maps/pdfs/K60_C.pdf"}},{"type":"Feature","geometry":{"type":"Polygon","coordinates":[[[-121.971258489564,47.3521335572149],[-121.974194967777,47.3295629101299],[-121.991283074385,47.3301944564069],[-121.988353918642,47.352767500467],[-121.971258489564,47.3521335572149]]]},"properties":{"MAP_ID":"K60_D","MINE_ID":"K60","MAP_TITLE":"Working map of the Ravensdale No. 2 mine-McKay workings","MAP_DETAILS":"RR tracks, buildings, streams, elevations, contours, mine workings","MAP_YEAR":1936,"RMS_ERROR":12.5588,"CONTROL_POINTS":4,"URL":"https://fortress.wa.gov/dnr/geologydata/coal_maps/coal_mine_zip_files/K60_D.zip","TIFsize":408.9,"URL2":"https://fortress.wa.gov/dnr/geologydata/coal_maps/pdfs/K60_D.pdf"}},{"type":"Feature","geometry":{"type":"Polygon","coordinates":[[[-121.971300227846,47.3516806956546],[-121.974171078718,47.3295166620966],[-121.991283534636,47.3300803816108],[-121.988419111214,47.3522446949257],[-121.971300227846,47.3516806956546]]]},"properties":{"MAP_ID":"K60_E","MINE_ID":"K60","MAP_TITLE":"Working map of the Ravensdale No. 2 mine-McKay workings","MAP_DETAILS":"RR tracks, buildings, streams, elevations, contours, mine workings","MAP_YEAR":1937,"RMS_ERROR":13.5212,"CONTROL_POINTS":4,"URL":"https://fortress.wa.gov/dnr/geologydata/coal_maps/coal_mine_zip_files/K60_E.zip","TIFsize":403.4,"URL2":"https://fortress.wa.gov/dnr/geologydata/coal_maps/pdfs/K60_E.pdf"}},{"type":"Feature","geometry":{"type":"Polygon","coordinates":[[[-121.971250768923,47.3521572258739],[-121.97416131713,47.3295171361692],[-121.991271874405,47.330096138289],[-121.988366781063,47.3527367142973],[-121.971250768923,47.3521572258739]]]},"properties":{"MAP_ID":"K60_F","MINE_ID":"K60","MAP_TITLE":"Working map of the Ravensdale No. 2 mine-McKay workings","MAP_DETAILS":"RR tracks, buildings, streams, elevations, contours, mine workings","MAP_YEAR":1939,"RMS_ERROR":12.6483,"CONTROL_POINTS":4,"URL":"https://fortress.wa.gov/dnr/geologydata/coal_maps/coal_mine_zip_files/K60_F.zip","TIFsize":404.3,"URL2":"https://fortress.wa.gov/dnr/geologydata/coal_maps/pdfs/K60_F.pdf"}},{"type":"Feature","geometry":{"type":"Polygon","coordinates":[[[-121.971306469853,47.3516493135746],[-121.974173568311,47.3295258308652],[-121.991267602832,47.3301329654119],[-121.988408480782,47.3522569320684],[-121.971306469853,47.3516493135746]]]},"properties":{"MAP_ID":"K60_G","MINE_ID":"K60","MAP_TITLE":"Working map of the Ravensdale No. 2 mine-McKay workings","MAP_DETAILS":"RR tracks, buildings, streams, elevations, contours, mine workings","MAP_YEAR":1940,"RMS_ERROR":11.1889,"CONTROL_POINTS":4,"URL":"https://fortress.wa.gov/dnr/geologydata/coal_maps/coal_mine_zip_files/K60_G.zip","TIFsize":403.4,"URL2":"https://fortress.wa.gov/dnr/geologydata/coal_maps/pdfs/K60_G.pdf"}},{"type":"Feature","geometry":{"type":"Polygon","coordinates":[[[-121.9712289618,47.35208509539],[-121.974217504983,47.3295340803829],[-121.991364428287,47.3300953274221],[-121.988382848069,47.3526466994585],[-121.9712289618,47.35208509539]]]},"properties":{"MAP_ID":"K60_H","MINE_ID":"K60","MAP_TITLE":"Working map of the Ravensdale No. 2 mine-McKay workings","MAP_DETAILS":"RR tracks, buildings, streams, elevations, contours, mine workings","MAP_YEAR":1940,"RMS_ERROR":14.6865,"CONTROL_POINTS":4,"URL":"https://fortress.wa.gov/dnr/geologydata/coal_maps/coal_mine_zip_files/K60_H.zip","TIFsize":406.2,"URL2":"https://fortress.wa.gov/dnr/geologydata/coal_maps/pdfs/K60_H.pdf"}},{"type":"Feature","geometry":{"type":"Polygon","coordinates":[[[-121.971300869719,47.3516576835296],[-121.974138002551,47.3297747026205],[-121.991251613424,47.3303838246301],[-121.988421509152,47.3522671716585],[-121.971300869719,47.3516576835296]]]},"properties":{"MAP_ID":"K60_I","MINE_ID":"K60","MAP_TITLE":"Working map of the Ravensdale No. 2 mine-McKay workings","MAP_DETAILS":"RR tracks, buildings, streams, elevations, contours, mine workings","MAP_YEAR":1943,"RMS_ERROR":14.1549,"CONTROL_POINTS":4,"URL":"https://fortress.wa.gov/dnr/geologydata/coal_maps/coal_mine_zip_files/K60_I.zip","TIFsize":407.9,"URL2":"https://fortress.wa.gov/dnr/geologydata/coal_maps/pdfs/K60_I.pdf"}},{"type":"Feature","geometry":{"type":"Polygon","coordinates":[[[-121.97142314068,47.3507795106782],[-121.974105475109,47.3296509361208],[-121.991256985849,47.3302011838056],[-121.98858188315,47.3513299299027],[-121.97142314068,47.3507795106782]]]},"properties":{"MAP_ID":"K60_J","MINE_ID":"K60","MAP_TITLE":"Working map of the Ravensdale No. 2 mine-McKay workings","MAP_DETAILS":"RR tracks, buildings, streams, elevations, contours, mine workings","MAP_YEAR":1944,"RMS_ERROR":10.592,"CONTROL_POINTS":4,"URL":"https://fortress.wa.gov/dnr/geologydata/coal_maps/coal_mine_zip_files/K60_J.zip","TIFsize":399.5,"URL2":"https://fortress.wa.gov/dnr/geologydata/coal_maps/pdfs/K60_J.pdf"}},{"type":"Feature","geometry":{"type":"Polygon","coordinates":[[[-121.971374030449,47.3516631436792],[-121.974205614566,47.3301377242763],[-121.991244074016,47.3307453693486],[-121.988419030442,47.3522710601192],[-121.971374030449,47.3516631436792]]]},"properties":{"MAP_ID":"K60_K","MINE_ID":"K60","MAP_TITLE":"Working map of the Ravensdale No. 2 mine-McKay workings","MAP_DETAILS":"RR tracks, buildings, streams, elevations, contours, mine workings","MAP_YEAR":1944,"RMS_ERROR":12.6611,"CONTROL_POINTS":4,"URL":"https://fortress.wa.gov/dnr/geologydata/coal_maps/coal_mine_zip_files/K60_K.zip","TIFsize":407.9,"URL2":"https://fortress.wa.gov/dnr/geologydata/coal_maps/pdfs/K60_K.pdf"}},{"type":"Feature","geometry":{"type":"Polygon","coordinates":[[[-121.971297809177,47.3516841628515],[-121.97416544589,47.3295188325348],[-121.991277613264,47.3300929013907],[-121.988417048707,47.3522586150657],[-121.971297809177,47.3516841628515]]]},"properties":{"MAP_ID":"K60_L","MINE_ID":"K60","MAP_TITLE":"Ravensdale No. 2 mine, McKay workings","MAP_DETAILS":"RR tracks, buildings, streams, elevations, contours, mine workings","MAP_YEAR":1947,"RMS_ERROR":15.0427,"CONTROL_POINTS":4,"URL":"https://fortress.wa.gov/dnr/geologydata/coal_maps/coal_mine_zip_files/K60_L.zip","TIFsize":403.4,"URL2":"https://fortress.wa.gov/dnr/geologydata/coal_maps/pdfs/K60_L.pdf"}},{"type":"Feature","geometry":{"type":"Polygon","coordinates":[[[-121.975170469399,47.3442982374997],[-121.974708521776,47.334818064052],[-121.986699183797,47.3351461737791],[-121.98716904989,47.3446397297216],[-121.975170469399,47.3442982374997]]]},"properties":{"MAP_ID":"K60_M","MINE_ID":"K60","MAP_TITLE":"McKay workings ","MAP_DETAILS":"Elevations, contours, mine workings","MAP_YEAR":1948,"RMS_ERROR":0.985684,"CONTROL_POINTS":4,"URL":"https://fortress.wa.gov/dnr/geologydata/coal_maps/coal_mine_zip_files/K60_M.zip","TIFsize":106,"URL2":"https://fortress.wa.gov/dnr/geologydata/coal_maps/pdfs/K60_M.pdf"}},{"type":"Feature","geometry":{"type":"Polygon","coordinates":[[[-121.971516593896,47.3481352853627],[-121.972078178792,47.3399962037832],[-121.979194647944,47.3402207242305],[-121.978634460317,47.3483592938477],[-121.971516593896,47.3481352853627]]]},"properties":{"MAP_ID":"K61_B","MINE_ID":"K61","MAP_TITLE":"Map of the New McKay mine","MAP_DETAILS":"RR tracks, streams, elevations, contours, mine workings","MAP_YEAR":1931,"RMS_ERROR":2.62865,"CONTROL_POINTS":5,"URL":"https://fortress.wa.gov/dnr/geologydata/coal_maps/coal_mine_zip_files/K61_B.zip","TIFsize":70.1,"URL2":"https://fortress.wa.gov/dnr/geologydata/coal_maps/pdfs/K61_B.pdf"}},{"type":"Feature","geometry":{"type":"Polygon","coordinates":[[[-121.979383411694,47.3307826797126],[-121.979868076583,47.3237180176588],[-121.996665248843,47.3242475917698],[-121.996186094997,47.3313085356235],[-121.979383411694,47.3307826797126]]]},"properties":{"MAP_ID":"K63_C","MINE_ID":"K63","MAP_TITLE":"Mine map","MAP_DETAILS":"Elevations, mine workings","MAP_YEAR":1937,"RMS_ERROR":-9999,"CONTROL_POINTS":2,"URL":"https://fortress.wa.gov/dnr/geologydata/coal_maps/coal_mine_zip_files/K63_C.zip","TIFsize":324.3,"URL2":"https://fortress.wa.gov/dnr/geologydata/coal_maps/pdfs/K63_C.pdf"}},{"type":"Feature","geometry":{"type":"Polygon","coordinates":[[[-121.979415091816,47.3307826371255],[-121.979888829507,47.3237255623663],[-121.996661493289,47.3242444879576],[-121.996189754419,47.3313016314508],[-121.979415091816,47.3307826371255]]]},"properties":{"MAP_ID":"K63_D","MINE_ID":"K63","MAP_TITLE":"Mine workings, McKay bed","MAP_DETAILS":"Streams, elevations, mine workings","MAP_YEAR":1938,"RMS_ERROR":-9999,"CONTROL_POINTS":2,"URL":"https://fortress.wa.gov/dnr/geologydata/coal_maps/coal_mine_zip_files/K63_D.zip","TIFsize":326.9,"URL2":"https://fortress.wa.gov/dnr/geologydata/coal_maps/pdfs/K63_D.pdf"}},{"type":"Feature","geometry":{"type":"Polygon","coordinates":[[[-121.979399520415,47.3305538973246],[-121.979872317545,47.3236184362499],[-121.99668102436,47.3241470785921],[-121.996210202537,47.3310826306906],[-121.979399520415,47.3305538973246]]]},"properties":{"MAP_ID":"K63_E","MINE_ID":"K63","MAP_TITLE":"Mine workings, McKay bed","MAP_DETAILS":"Streams, elevations, mine workings","MAP_YEAR":1939,"RMS_ERROR":-9999,"CONTROL_POINTS":2,"URL":"https://fortress.wa.gov/dnr/geologydata/coal_maps/coal_mine_zip_files/K63_E.zip","TIFsize":316.5,"URL2":"https://fortress.wa.gov/dnr/geologydata/coal_maps/pdfs/K63_E.pdf"}},{"type":"Feature","geometry":{"type":"Polygon","coordinates":[[[-121.979413404859,47.3307976580471],[-121.979906417349,47.3234932868595],[-121.996688591813,47.324017136568],[-121.996197108756,47.33131954616],[-121.979413404859,47.3307976580471]]]},"properties":{"MAP_ID":"K63_G","MINE_ID":"K63","MAP_TITLE":"Mine workings, McKay bed","MAP_DETAILS":"Elevations, mine workings. Also shows Strain Coal Co.'s workings traced from Pacific Coast Coal Co.'s map (dashed line)","MAP_YEAR":1940,"RMS_ERROR":-9999,"CONTROL_POINTS":2,"URL":"https://fortress.wa.gov/dnr/geologydata/coal_maps/coal_mine_zip_files/K63_G.zip","TIFsize":334.8,"URL2":"https://fortress.wa.gov/dnr/geologydata/coal_maps/pdfs/K63_G.pdf"}},{"type":"Feature","geometry":{"type":"Polygon","coordinates":[[[-121.979378204198,47.3308033843848],[-121.979856035981,47.3235262760408],[-121.996653571119,47.3240341661733],[-121.996177079274,47.3313115136769],[-121.979378204198,47.3308033843848]]]},"properties":{"MAP_ID":"K63_H","MINE_ID":"K63","MAP_TITLE":"Mine workings, McKay bed","MAP_DETAILS":"Elevations, mine workings","MAP_YEAR":1943,"RMS_ERROR":-9999,"CONTROL_POINTS":2,"URL":"https://fortress.wa.gov/dnr/geologydata/coal_maps/coal_mine_zip_files/K63_H.zip","TIFsize":334.8,"URL2":"https://fortress.wa.gov/dnr/geologydata/coal_maps/pdfs/K63_H.pdf"}},{"type":"Feature","geometry":{"type":"Polygon","coordinates":[[[-121.979343065938,47.3307870520864],[-121.979838825089,47.3235010390742],[-121.996695265599,47.324030891192],[-121.996200915293,47.3313145949759],[-121.979343065938,47.3307870520864]]]},"properties":{"MAP_ID":"K63_I","MINE_ID":"K63","MAP_TITLE":"Mine workings, McKay bed","MAP_DETAILS":"Streams, elevations, mine workings. Note on map: workings in section 12 sold to Pacific Coast Coal Co. in 1938","MAP_YEAR":1944,"RMS_ERROR":-9999,"CONTROL_POINTS":2,"URL":"https://fortress.wa.gov/dnr/geologydata/coal_maps/coal_mine_zip_files/K63_I.zip","TIFsize":337.4,"URL2":"https://fortress.wa.gov/dnr/geologydata/coal_maps/pdfs/K63_I.pdf"}},{"type":"Feature","geometry":{"type":"Polygon","coordinates":[[[-121.979452898626,47.330828883764],[-121.979923653423,47.3234861567987],[-121.996675018008,47.323981377045],[-121.996206040745,47.3313237643946],[-121.979452898626,47.330828883764]]]},"properties":{"MAP_ID":"K63_J","MINE_ID":"K63","MAP_TITLE":"Mine workings, McKay bed","MAP_DETAILS":"Elevations, mine workings","MAP_YEAR":1944,"RMS_ERROR":-9999,"CONTROL_POINTS":2,"URL":"https://fortress.wa.gov/dnr/geologydata/coal_maps/coal_mine_zip_files/K63_J.zip","TIFsize":341.4,"URL2":"https://fortress.wa.gov/dnr/geologydata/coal_maps/pdfs/K63_J.pdf"}},{"type":"Feature","geometry":{"type":"Polygon","coordinates":[[[-121.992457408725,47.3124544420384],[-121.994330350374,47.2980174209032],[-122.033164832435,47.3012651381012],[-122.031305218265,47.3157048539944],[-121.992457408725,47.3124544420384]]]},"properties":{"MAP_ID":"K66_A","MINE_ID":"K66","MAP_TITLE":"Black Diamond mine No. 14","MAP_DETAILS":"RR tracks, buildings, streams, elevations, contours, mine workings, profile through main slope surface to third level, profile through Electric slope third level to bottom. Note: closed and abandoned March, 1916","MAP_YEAR":1916,"RMS_ERROR":18.3388,"CONTROL_POINTS":5,"URL":"https://fortress.wa.gov/dnr/geologydata/coal_maps/coal_mine_zip_files/K66_A.zip","TIFsize":314,"URL2":"https://fortress.wa.gov/dnr/geologydata/coal_maps/pdfs/K66_A.pdf"}},{"type":"Feature","geometry":{"type":"Polygon","coordinates":[[[-121.983540852159,47.3197170067647],[-122.03649438766,47.3091974014025],[-122.04295447353,47.3241351182154],[-121.989948652306,47.3346558363854],[-121.983540852159,47.3197170067647]]]},"properties":{"MAP_ID":"K66_E","MINE_ID":"K66","MAP_TITLE":"Map of No. 11 mine","MAP_DETAILS":"RR tracks, buildings, streams, elevations, contours, mine workings, cross sections. Profile through Main and Electric slopes, 1918","MAP_YEAR":1927,"RMS_ERROR":13.4134,"CONTROL_POINTS":4,"URL":"https://fortress.wa.gov/dnr/geologydata/coal_maps/coal_mine_zip_files/K66_E.zip","TIFsize":582,"URL2":"https://fortress.wa.gov/dnr/geologydata/coal_maps/pdfs/K66_E.pdf"}},{"type":"Feature","geometry":{"type":"Polygon","coordinates":[[[-121.981411566983,47.3318815403801],[-121.982066134479,47.3187484138191],[-122.008840594544,47.3189801363859],[-122.008191233164,47.3321129111049],[-121.981411566983,47.3318815403801]]]},"properties":{"MAP_ID":"K66_G","MINE_ID":"K66","MAP_TITLE":"Black Diamond Mines, Pacific Coast Coal Co., Strain Coal Co. lease","MAP_DETAILS":"Mine gangways, tonnages removed by Strain and estimated remaining reserves","MAP_YEAR":1940,"RMS_ERROR":18.8698,"CONTROL_POINTS":5,"URL":"https://fortress.wa.gov/dnr/geologydata/coal_maps/coal_mine_zip_files/K66_G.zip","TIFsize":111.6,"URL2":"https://fortress.wa.gov/dnr/geologydata/coal_maps/pdfs/K66_G.pdf"}},{"type":"Feature","geometry":{"type":"Polygon","coordinates":[[[-121.982801717037,47.3328120439765],[-121.983285746893,47.3197187700543],[-122.011928637374,47.3198558723802],[-122.011450249024,47.3329568653796],[-121.982801717037,47.3328120439765]]]},"properties":{"MAP_ID":"K68_A","MINE_ID":"K68","MAP_TITLE":"Black Diamond mines","MAP_DETAILS":"Streams, elevations, contours, mine workings","MAP_YEAR":1938,"RMS_ERROR":22.4872,"CONTROL_POINTS":5,"URL":"https://fortress.wa.gov/dnr/geologydata/coal_maps/coal_mine_zip_files/K68_A.zip","TIFsize":607.5,"URL2":"https://fortress.wa.gov/dnr/geologydata/coal_maps/pdfs/K68_A.pdf"}},{"type":"Feature","geometry":{"type":"Polygon","coordinates":[[[-121.98835349751,47.3305414280249],[-121.988726523988,47.3239108963534],[-122.002583827723,47.3240550173724],[-122.002231538645,47.3306876876619],[-121.98835349751,47.3305414280249]]]},"properties":{"MAP_ID":"K68_B","MINE_ID":"K68","MAP_TITLE":"Black Diamond mines","MAP_DETAILS":"Mine workings","MAP_YEAR":1940,"RMS_ERROR":12.6245,"CONTROL_POINTS":5,"URL":"https://fortress.wa.gov/dnr/geologydata/coal_maps/coal_mine_zip_files/K68_B.zip","TIFsize":113.2,"URL2":"https://fortress.wa.gov/dnr/geologydata/coal_maps/pdfs/K68_B.pdf"}},{"type":"Feature","geometry":{"type":"Polygon","coordinates":[[[-121.982860709302,47.3300044032558],[-121.983319279859,47.3228223739087],[-122.006664211948,47.3228238812221],[-122.006202047665,47.3300096680744],[-121.982860709302,47.3300044032558]]]},"properties":{"MAP_ID":"K68_C","MINE_ID":"K68","MAP_TITLE":"Black Diamond mines","MAP_DETAILS":"Elevations, contours, mine workings. 1st level Dale","MAP_YEAR":1940,"RMS_ERROR":8.39853,"CONTROL_POINTS":4,"URL":"https://fortress.wa.gov/dnr/geologydata/coal_maps/coal_mine_zip_files/K68_C.zip","TIFsize":261.6,"URL2":"https://fortress.wa.gov/dnr/geologydata/coal_maps/pdfs/K68_C.pdf"}},{"type":"Feature","geometry":{"type":"Polygon","coordinates":[[[-121.997634935957,47.3088114983814],[-121.997650387352,47.3036437918775],[-122.004283569448,47.3038082803354],[-122.004269052273,47.3089744995747],[-121.997634935957,47.3088114983814]]]},"properties":{"MAP_ID":"K69_A","MINE_ID":"K69","MAP_TITLE":"Mining operations and work progress","MAP_DETAILS":"Roads, buildings, elevations, mine workings","MAP_YEAR":1952,"RMS_ERROR":10.4784,"CONTROL_POINTS":5,"URL":"https://fortress.wa.gov/dnr/geologydata/coal_maps/coal_mine_zip_files/K69_A.zip","TIFsize":314.5,"URL2":"https://fortress.wa.gov/dnr/geologydata/coal_maps/pdfs/K69_A.pdf"}},{"type":"Feature","geometry":{"type":"Polygon","coordinates":[[[-121.971350403647,47.3112372246021],[-121.995925321813,47.3045478943449],[-122.001454112,47.3117099852266],[-121.976868541981,47.3184016206128],[-121.971350403647,47.3112372246021]]]},"properties":{"MAP_ID":"K70_B","MINE_ID":"K70","MAP_TITLE":"Map of Lawson mine","MAP_DETAILS":"RR tracks, elevations, mine workings","MAP_YEAR":1910,"RMS_ERROR":-9999,"CONTROL_POINTS":3,"URL":"https://fortress.wa.gov/dnr/geologydata/coal_maps/coal_mine_zip_files/K70_B.zip","TIFsize":86,"URL2":"https://fortress.wa.gov/dnr/geologydata/coal_maps/pdfs/K70_B.pdf"}},{"type":"Feature","geometry":{"type":"Polygon","coordinates":[[[-121.967935969466,47.3024260551215],[-121.997194537898,47.3019423023433],[-121.997887161843,47.3213233917793],[-121.968626388297,47.3218040708645],[-121.967935969466,47.3024260551215]]]},"properties":{"MAP_ID":"K70_C","MINE_ID":"K70","MAP_TITLE":"Lawson mine from Pacific Coast Coal Co.'s map to closing in 1911","MAP_DETAILS":"RR tracks, elevations, mine workings. Also shows new No. 12, old No. 12, and No. 7 mine","MAP_YEAR":1911,"RMS_ERROR":-9999,"CONTROL_POINTS":2,"URL":"https://fortress.wa.gov/dnr/geologydata/coal_maps/coal_mine_zip_files/K70_C.zip","TIFsize":63.3,"URL2":"https://fortress.wa.gov/dnr/geologydata/coal_maps/pdfs/K70_C.pdf"}},{"type":"Feature","geometry":{"type":"Polygon","coordinates":[[[-121.974568470359,47.3189330050448],[-121.975076978247,47.3027876822838],[-121.996502651964,47.3030961081327],[-121.996003467314,47.3192430244274],[-121.974568470359,47.3189330050448]]]},"properties":{"MAP_ID":"K70_D","MINE_ID":"K70","MAP_TITLE":"Map of Lawson mine","MAP_DETAILS":"RR tracks, buildings, elevations, mine workings. List of men killed-disaster of Nov. 6, 1910","MAP_YEAR":1936,"RMS_ERROR":-9999,"CONTROL_POINTS":2,"URL":"https://fortress.wa.gov/dnr/geologydata/coal_maps/coal_mine_zip_files/K70_D.zip","TIFsize":244.2,"URL2":"https://fortress.wa.gov/dnr/geologydata/coal_maps/pdfs/K70_D.pdf"}},{"type":"Feature","geometry":{"type":"Polygon","coordinates":[[[-121.974574765762,47.322962919416],[-121.974949929754,47.31320337839],[-121.996148120613,47.3132276563131],[-121.995776929032,47.3229876704086],[-121.974574765762,47.322962919416]]]},"properties":{"MAP_ID":"K71_A","MINE_ID":"K71","MAP_TITLE":"Plan showing coal workings","MAP_DETAILS":"Roads, RR tracks, buildings, streams, elevations, contours, mine workings","MAP_YEAR":1888,"RMS_ERROR":8.71632,"CONTROL_POINTS":4,"URL":"https://fortress.wa.gov/dnr/geologydata/coal_maps/coal_mine_zip_files/K71_A.zip","TIFsize":266.1,"URL2":"https://fortress.wa.gov/dnr/geologydata/coal_maps/pdfs/K71_A.pdf"}},{"type":"Feature","geometry":{"type":"Polygon","coordinates":[[[-121.974683594,47.3193794249754],[-121.974769994384,47.3113896012234],[-121.996135015996,47.311494983278],[-121.996051287167,47.319483702478],[-121.974683594,47.3193794249754]]]},"properties":{"MAP_ID":"K71_C","MINE_ID":"K71","MAP_TITLE":"New No. 12 mine","MAP_DETAILS":"RR tracks, buildings, elevations, mine workings. Also shows old Lawson mine workings, old No. 12 and No. 7 workings","MAP_YEAR":1912,"RMS_ERROR":-9999,"CONTROL_POINTS":2,"URL":"https://fortress.wa.gov/dnr/geologydata/coal_maps/coal_mine_zip_files/K71_C.zip","TIFsize":277.4,"URL2":"https://fortress.wa.gov/dnr/geologydata/coal_maps/pdfs/K71_C.pdf"}},{"type":"Feature","geometry":{"type":"Polygon","coordinates":[[[-121.939441923192,47.3300382540839],[-121.93966808646,47.3100065364448],[-121.957253419449,47.3099709583476],[-121.957085095331,47.3300056627266],[-121.939441923192,47.3300382540839]]]},"properties":{"MAP_ID":"K73_A","MINE_ID":"K73","MAP_TITLE":"Map of the property of Green River Gorge Coal Mining Co.","MAP_DETAILS":"Roads, buildings, streams, elevations, mine workings. Also shows mines on the Black Beauty and Okay seams","MAP_YEAR":1936,"RMS_ERROR":5.79976,"CONTROL_POINTS":4,"URL":"https://fortress.wa.gov/dnr/geologydata/coal_maps/coal_mine_zip_files/K73_A.zip","TIFsize":148.5,"URL2":"https://fortress.wa.gov/dnr/geologydata/coal_maps/pdfs/K73_A.pdf"}},{"type":"Feature","geometry":{"type":"Polygon","coordinates":[[[-121.941709374915,47.3213769965],[-121.941695705816,47.3112443933235],[-121.955312910666,47.3113524826925],[-121.955329419507,47.3214825282757],[-121.941709374915,47.3213769965]]]},"properties":{"MAP_ID":"K73_B","MINE_ID":"K73","MAP_TITLE":"Map of the Okay Coal Co.'s lease of the Okay seams","MAP_DETAILS":"Roads, buildings, streams, mine workings","MAP_YEAR":1943,"RMS_ERROR":5.72768,"CONTROL_POINTS":4,"URL":"https://fortress.wa.gov/dnr/geologydata/coal_maps/coal_mine_zip_files/K73_B.zip","TIFsize":104.9,"URL2":"https://fortress.wa.gov/dnr/geologydata/coal_maps/pdfs/K73_B.pdf"}},{"type":"Feature","geometry":{"type":"Polygon","coordinates":[[[-121.948028898123,47.3079947098196],[-121.955478662099,47.3077493991257],[-121.95592428054,47.3175849691667],[-121.948466246423,47.3178337225449],[-121.948028898123,47.3079947098196]]]},"properties":{"MAP_ID":"K75_B","MINE_ID":"K75","MAP_TITLE":"Hl-heat Coal Co. mine","MAP_DETAILS":"Roads, buildings, elevations, mine workings. Also shows coal in Pacific Coast Coal Co. section 7 above present elevation to south boundary line of section 7","MAP_YEAR":1936,"RMS_ERROR":1.1776,"CONTROL_POINTS":4,"URL":"https://fortress.wa.gov/dnr/geologydata/coal_maps/coal_mine_zip_files/K75_B.zip","TIFsize":90.2,"URL2":"https://fortress.wa.gov/dnr/geologydata/coal_maps/pdfs/K75_B.pdf"}},{"type":"Feature","geometry":{"type":"Polygon","coordinates":[[[-121.947691966637,47.3082720655183],[-121.955247129292,47.3079496431223],[-121.956165757061,47.3173916469781],[-121.94860603689,47.3177133544854],[-121.947691966637,47.3082720655183]]]},"properties":{"MAP_ID":"K75_C","MINE_ID":"K75","MAP_TITLE":"Hi-heat Coal Co. mine","MAP_DETAILS":"Roads, buildings, elevations, mine workings. Also shows coal in Pacific Coast Coal Co. section 7 above present elevation to south boundary line of section 7","MAP_YEAR":1937,"RMS_ERROR":4.39199,"CONTROL_POINTS":4,"URL":"https://fortress.wa.gov/dnr/geologydata/coal_maps/coal_mine_zip_files/K75_C.zip","TIFsize":98.1,"URL2":"https://fortress.wa.gov/dnr/geologydata/coal_maps/pdfs/K75_C.pdf"}},{"type":"Feature","geometry":{"type":"Polygon","coordinates":[[[-121.948879605239,47.3100265313342],[-121.9554351553,47.3097860972374],[-121.956113783655,47.3175089006788],[-121.949557149172,47.3177502102441],[-121.948879605239,47.3100265313342]]]},"properties":{"MAP_ID":"K75_D","MINE_ID":"K75","MAP_TITLE":"Hi-heat Coal Co. mine","MAP_DETAILS":"Roads, buildings, mine workings","MAP_YEAR":1938,"RMS_ERROR":3.72945,"CONTROL_POINTS":4,"URL":"https://fortress.wa.gov/dnr/geologydata/coal_maps/coal_mine_zip_files/K75_D.zip","TIFsize":73.6,"URL2":"https://fortress.wa.gov/dnr/geologydata/coal_maps/pdfs/K75_D.pdf"}},{"type":"Feature","geometry":{"type":"Polygon","coordinates":[[[-121.948656113663,47.3083646992468],[-121.955262058828,47.3081096021904],[-121.956096621937,47.3175436671135],[-121.949491201488,47.3178011239731],[-121.948656113663,47.3083646992468]]]},"properties":{"MAP_ID":"K75_E","MINE_ID":"K75","MAP_TITLE":"Hi-heat Coal Co. mine","MAP_DETAILS":"Roads, buildings, elevations, mine workings","MAP_YEAR":1939,"RMS_ERROR":3.69213,"CONTROL_POINTS":4,"URL":"https://fortress.wa.gov/dnr/geologydata/coal_maps/coal_mine_zip_files/K75_E.zip","TIFsize":114.2,"URL2":"https://fortress.wa.gov/dnr/geologydata/coal_maps/pdfs/K75_E.pdf"}},{"type":"Feature","geometry":{"type":"Polygon","coordinates":[[[-121.957445941217,47.3221816042196],[-121.957802303247,47.2900778094346],[-121.97174196072,47.2902347160434],[-121.971391297818,47.3223380524507],[-121.957445941217,47.3221816042196]]]},"properties":{"MAP_ID":"K74_A","MINE_ID":"K74","MAP_TITLE":"Black Diamond mine","MAP_DETAILS":"Buildings, streams, elevations, mine workings","MAP_YEAR":1940,"RMS_ERROR":18.0244,"CONTROL_POINTS":4,"URL":"https://fortress.wa.gov/dnr/geologydata/coal_maps/coal_mine_zip_files/K74_A.zip","TIFsize":101.1,"URL2":"https://fortress.wa.gov/dnr/geologydata/coal_maps/pdfs/K74_A.pdf"}},{"type":"Feature","geometry":{"type":"Polygon","coordinates":[[[-121.955858380373,47.3190318998714],[-121.956072794018,47.3050771837554],[-121.97037354831,47.3052913012819],[-121.970162271154,47.3192445172191],[-121.955858380373,47.3190318998714]]]},"properties":{"MAP_ID":"K74_B","MINE_ID":"K74","MAP_TITLE":"New Franklin slope","MAP_DETAILS":"Elevations, mine workings. Shows Strain Coal Co. No. 7 mine location","MAP_YEAR":1941,"RMS_ERROR":1.59999,"CONTROL_POINTS":4,"URL":"https://fortress.wa.gov/dnr/geologydata/coal_maps/coal_mine_zip_files/K74_B.zip","TIFsize":282.6,"URL2":"https://fortress.wa.gov/dnr/geologydata/coal_maps/pdfs/K74_B.pdf"}},{"type":"Feature","geometry":{"type":"Polygon","coordinates":[[[-121.955864741263,47.3189181871527],[-121.955612773119,47.3052560288866],[-121.970213857135,47.3055106625554],[-121.970468680812,47.319173638158],[-121.955864741263,47.3189181871527]]]},"properties":{"MAP_ID":"K74_C","MINE_ID":"K74","MAP_TITLE":"New Franklin slope","MAP_DETAILS":"Elevations, mine workings. Shows Strain Coal Co. No. 7 mine location","MAP_YEAR":1941,"RMS_ERROR":2.81922,"CONTROL_POINTS":4,"URL":"https://fortress.wa.gov/dnr/geologydata/coal_maps/coal_mine_zip_files/K74_C.zip","TIFsize":276.6,"URL2":"https://fortress.wa.gov/dnr/geologydata/coal_maps/pdfs/K74_C.pdf"}},{"type":"Feature","geometry":{"type":"Polygon","coordinates":[[[-121.957380092237,47.322105584834],[-121.957558498376,47.28994755764],[-121.971766939421,47.2903436898598],[-121.971593886922,47.3225062426796],[-121.957380092237,47.322105584834]]]},"properties":{"MAP_ID":"K74_E","MINE_ID":"K74","MAP_TITLE":"Black Diamond mine","MAP_DETAILS":"Buildings, streams, elevations, mine workings","MAP_YEAR":1946,"RMS_ERROR":12.3464,"CONTROL_POINTS":4,"URL":"https://fortress.wa.gov/dnr/geologydata/coal_maps/coal_mine_zip_files/K74_E.zip","TIFsize":105.2,"URL2":"https://fortress.wa.gov/dnr/geologydata/coal_maps/pdfs/K74_E.pdf"}},{"type":"Feature","geometry":{"type":"Polygon","coordinates":[[[-120.976430014541,47.2182783822028],[-120.982480736485,47.2079130671028],[-121.022722384272,47.2188161218344],[-121.016682887782,47.2291931714021],[-120.976430014541,47.2182783822028]]]},"properties":{"MAP_ID":"KT22_B","MINE_ID":"KT22","MAP_TITLE":"Map of the N.W.I. Co.'s mine No. 4","MAP_DETAILS":"Roads, RR tracks, buildings, streams, elevations, contours, mine workings. Roslyn town plat overlain","MAP_YEAR":1960,"RMS_ERROR":11.8782,"CONTROL_POINTS":5,"URL":"https://fortress.wa.gov/dnr/geologydata/coal_maps/coal_mine_zip_files/KT22_B.zip","TIFsize":307.7,"URL2":"https://fortress.wa.gov/dnr/geologydata/coal_maps/pdfs/KT22_B.pdf"}},{"type":"Feature","geometry":{"type":"Polygon","coordinates":[[[-121.948899182278,47.3083272479943],[-121.955287445536,47.308133510247],[-121.95586974444,47.3175081482744],[-121.949480609446,47.3177017630696],[-121.948899182278,47.3083272479943]]]},"properties":{"MAP_ID":"K75_F","MINE_ID":"K75","MAP_TITLE":"Hl-heat Coal Co. mine","MAP_DETAILS":"Roads, buildings, elevations, mine workings","MAP_YEAR":1940,"RMS_ERROR":2.63725,"CONTROL_POINTS":5,"URL":"https://fortress.wa.gov/dnr/geologydata/coal_maps/coal_mine_zip_files/K75_F.zip","TIFsize":70.2,"URL2":"https://fortress.wa.gov/dnr/geologydata/coal_maps/pdfs/K75_F.pdf"}},{"type":"Feature","geometry":{"type":"Polygon","coordinates":[[[-121.952055370844,47.316268248718],[-121.952895293517,47.2786614082948],[-121.974509097841,47.2788115751539],[-121.973684022679,47.3164170343835],[-121.952055370844,47.316268248718]]]},"properties":{"MAP_ID":"K79_B","MINE_ID":"K79","MAP_TITLE":"Pacific Coast Coal Co.'s Franklin mines","MAP_DETAILS":"RR tracks, buildings, streams, elevations, mine gangways, columnar sections, cross sections. Also shows east side old No. 7 mine, Cannon mine, Hyde tunnel, Gem. Note: Cannon mine closed down May, 1915","MAP_YEAR":1916,"RMS_ERROR":17.2756,"CONTROL_POINTS":4,"URL":"https://fortress.wa.gov/dnr/geologydata/coal_maps/coal_mine_zip_files/K79_B.zip","TIFsize":264.5,"URL2":"https://fortress.wa.gov/dnr/geologydata/coal_maps/pdfs/K79_B.pdf"}},{"type":"Feature","geometry":{"type":"Polygon","coordinates":[[[-121.951932979986,47.3161684919633],[-121.952565654609,47.2744173927618],[-121.974478255057,47.2745914396872],[-121.973862070505,47.3163433374318],[-121.951932979986,47.3161684919633]]]},"properties":{"MAP_ID":"K79_C","MINE_ID":"K79","MAP_TITLE":"Franklin mines","MAP_DETAILS":"Roads, RR tracks, buildings, streams, elevations, contours, mine workings","MAP_YEAR":1919,"RMS_ERROR":18.8046,"CONTROL_POINTS":4,"URL":"https://fortress.wa.gov/dnr/geologydata/coal_maps/coal_mine_zip_files/K79_C.zip","TIFsize":262,"URL2":"https://fortress.wa.gov/dnr/geologydata/coal_maps/pdfs/K79_C.pdf"}},{"type":"Feature","geometry":{"type":"Polygon","coordinates":[[[-121.951100206019,47.3163703487552],[-121.952567999812,47.2791687610381],[-121.975274309183,47.2795970546517],[-121.973820065786,47.3168026842266],[-121.951100206019,47.3163703487552]]]},"properties":{"MAP_ID":"K79_E","MINE_ID":"K79","MAP_TITLE":"Franklin mines","MAP_DETAILS":"RR tracks, streams, elevations, mine workings. Also shows Cannon mine, No. 7 mine, Lawson mine, Hyde mine","MAP_YEAR":1922,"RMS_ERROR":5.25723,"CONTROL_POINTS":4,"URL":"https://fortress.wa.gov/dnr/geologydata/coal_maps/coal_mine_zip_files/K79_E.zip","TIFsize":106.1,"URL2":"https://fortress.wa.gov/dnr/geologydata/coal_maps/pdfs/K79_E.pdf"}},{"type":"Feature","geometry":{"type":"Polygon","coordinates":[[[-121.950584215011,47.3140608867577],[-121.950742285083,47.2913599027549],[-121.96539463942,47.2914985121127],[-121.965240196879,47.3141997029209],[-121.950584215011,47.3140608867577]]]},"properties":{"MAP_ID":"K80_A","MINE_ID":"K80","MAP_TITLE":"Franklin mines, No. 10 seam, bottom bench","MAP_DETAILS":"Roads, streams, mine workings","MAP_YEAR":1949,"RMS_ERROR":16.2916,"CONTROL_POINTS":4,"URL":"https://fortress.wa.gov/dnr/geologydata/coal_maps/coal_mine_zip_files/K80_A.zip","TIFsize":280.1,"URL2":"https://fortress.wa.gov/dnr/geologydata/coal_maps/pdfs/K80_A.pdf"}},{"type":"Feature","geometry":{"type":"Polygon","coordinates":[[[-121.950582571821,47.3140869036608],[-121.950712318122,47.2913911982968],[-121.965375867586,47.2915216335315],[-121.96525195192,47.3142167614198],[-121.950582571821,47.3140869036608]]]},"properties":{"MAP_ID":"K80_B","MINE_ID":"K80","MAP_TITLE":"Franklin mines, No. 10 seam, bottom bench","MAP_DETAILS":"Roads, streams, elevations, mine workings","MAP_YEAR":1951,"RMS_ERROR":15.8849,"CONTROL_POINTS":4,"URL":"https://fortress.wa.gov/dnr/geologydata/coal_maps/coal_mine_zip_files/K80_B.zip","TIFsize":286.5,"URL2":"https://fortress.wa.gov/dnr/geologydata/coal_maps/pdfs/K80_B.pdf"}},{"type":"Feature","geometry":{"type":"Polygon","coordinates":[[[-121.950697743207,47.3128084889741],[-121.950872364429,47.2965019739894],[-121.962397908468,47.2966349557203],[-121.96222569976,47.3129413188814],[-121.950697743207,47.3128084889741]]]},"properties":{"MAP_ID":"K80_C","MINE_ID":"K80","MAP_TITLE":"Franklin mines, Nos. 10 and 12 seams","MAP_DETAILS":"Roads, streams, elevations, mine workings","MAP_YEAR":1954,"RMS_ERROR":1.21058,"CONTROL_POINTS":4,"URL":"https://fortress.wa.gov/dnr/geologydata/coal_maps/coal_mine_zip_files/K80_C.zip","TIFsize":187.4,"URL2":"https://fortress.wa.gov/dnr/geologydata/coal_maps/pdfs/K80_C.pdf"}},{"type":"Feature","geometry":{"type":"Polygon","coordinates":[[[-121.950849025157,47.3072870851831],[-121.950920922637,47.2963024628245],[-121.958483112627,47.2964647241442],[-121.958412164812,47.3074484613397],[-121.950849025157,47.3072870851831]]]},"properties":{"MAP_ID":"K80_D","MINE_ID":"K80","MAP_TITLE":"Plan of the No. 10 seam workings","MAP_DETAILS":"Buildings, streams, elevations, mine workings","MAP_YEAR":1954,"RMS_ERROR":11.4724,"CONTROL_POINTS":4,"URL":"https://fortress.wa.gov/dnr/geologydata/coal_maps/coal_mine_zip_files/K80_D.zip","TIFsize":125.2,"URL2":"https://fortress.wa.gov/dnr/geologydata/coal_maps/pdfs/K80_D.pdf"}},{"type":"Feature","geometry":{"type":"Polygon","coordinates":[[[-121.950488267389,47.3151331873523],[-121.950757191284,47.2955361013139],[-121.964570476007,47.2958571425053],[-121.964303254852,47.3154533717],[-121.950488267389,47.3151331873523]]]},"properties":{"MAP_ID":"K80_E","MINE_ID":"K80","MAP_TITLE":"Franklin mines, Nos. 10 and 12 seams","MAP_DETAILS":"Roads, streams, elevations, contours, mine workings","MAP_YEAR":1955,"RMS_ERROR":11.0567,"CONTROL_POINTS":4,"URL":"https://fortress.wa.gov/dnr/geologydata/coal_maps/coal_mine_zip_files/K80_E.zip","TIFsize":256.1,"URL2":"https://fortress.wa.gov/dnr/geologydata/coal_maps/pdfs/K80_E.pdf"}},{"type":"Feature","geometry":{"type":"Polygon","coordinates":[[[-121.951031637542,47.3063991141183],[-121.951135087303,47.2967920292862],[-121.958275801391,47.2967270728956],[-121.958173600515,47.3063328598431],[-121.951031637542,47.3063991141183]]]},"properties":{"MAP_ID":"K80_F","MINE_ID":"K80","MAP_TITLE":"Plan of the No. 10 seam workings, Palmer Coking Coal Co.","MAP_DETAILS":"Streams, elevations, mine workings","MAP_YEAR":1955,"RMS_ERROR":2.16292,"CONTROL_POINTS":4,"URL":"https://fortress.wa.gov/dnr/geologydata/coal_maps/coal_mine_zip_files/K80_F.zip","TIFsize":129.3,"URL2":"https://fortress.wa.gov/dnr/geologydata/coal_maps/pdfs/K80_F.pdf"}},{"type":"Feature","geometry":{"type":"Polygon","coordinates":[[[-121.950548734529,47.3140198601224],[-121.950755545977,47.2862947149492],[-121.965464693252,47.2864779070301],[-121.9652642319,47.3142024280888],[-121.950548734529,47.3140198601224]]]},"properties":{"MAP_ID":"K80_H","MINE_ID":"K80","MAP_TITLE":"Franklin mines, Nos. 10 and 12 seams","MAP_DETAILS":"Roads, streams, elevations, mine workings, cross sections","MAP_YEAR":1958,"RMS_ERROR":15.2289,"CONTROL_POINTS":4,"URL":"https://fortress.wa.gov/dnr/geologydata/coal_maps/coal_mine_zip_files/K80_H.zip","TIFsize":265.5,"URL2":"https://fortress.wa.gov/dnr/geologydata/coal_maps/pdfs/K80_H.pdf"}},{"type":"Feature","geometry":{"type":"Polygon","coordinates":[[[-121.951880091573,47.3171299585607],[-121.952824440976,47.2893569636718],[-121.974581680675,47.2895602287636],[-121.973640551225,47.3173345123522],[-121.951880091573,47.3171299585607]]]},"properties":{"MAP_ID":"K80_I","MINE_ID":"K80","MAP_TITLE":"Map of Franklin mines","MAP_DETAILS":"Streams, mine gangways, estimated tonnages of reserves on several levels of the Gem seam, columnar sections, cross sections","MAP_YEAR":-9999,"RMS_ERROR":-9999,"CONTROL_POINTS":3,"URL":"https://fortress.wa.gov/dnr/geologydata/coal_maps/coal_mine_zip_files/K80_I.zip","TIFsize":137.6,"URL2":"https://fortress.wa.gov/dnr/geologydata/coal_maps/pdfs/K80_I.pdf"}},{"type":"Feature","geometry":{"type":"Polygon","coordinates":[[[-121.947295928738,47.2975058729587],[-121.947536613442,47.2859209085997],[-121.962605361872,47.2860718228468],[-121.962367051002,47.2976555108164],[-121.947295928738,47.2975058729587]]]},"properties":{"MAP_ID":"K83_A","MINE_ID":"K83","MAP_TITLE":"Franklin mines, south extension","MAP_DETAILS":"Roads, RR tracks, buildings, streams, elevations, mine workings","MAP_YEAR":1958,"RMS_ERROR":2.10724,"CONTROL_POINTS":4,"URL":"https://fortress.wa.gov/dnr/geologydata/coal_maps/coal_mine_zip_files/K83_A.zip","TIFsize":490.7,"URL2":"https://fortress.wa.gov/dnr/geologydata/coal_maps/pdfs/K83_A.pdf"}},{"type":"Feature","geometry":{"type":"Polygon","coordinates":[[[-121.947272387788,47.2978566305915],[-121.947483197618,47.2864178730986],[-121.962571082346,47.2865898184543],[-121.96236013361,47.2980219487989],[-121.947272387788,47.2978566305915]]]},"properties":{"MAP_ID":"K83_C","MINE_ID":"K83","MAP_TITLE":"Franklin mines, south extension","MAP_DETAILS":"Roads, streams, elevations, mine workings","MAP_YEAR":1970,"RMS_ERROR":1.60139,"CONTROL_POINTS":4,"URL":"https://fortress.wa.gov/dnr/geologydata/coal_maps/coal_mine_zip_files/K83_C.zip","TIFsize":452.7,"URL2":"https://fortress.wa.gov/dnr/geologydata/coal_maps/pdfs/K83_C.pdf"}},{"type":"Feature","geometry":{"type":"Polygon","coordinates":[[[-121.952262744195,47.3158542901194],[-121.952719568053,47.2744112039024],[-121.974449424769,47.2744774058011],[-121.974008143253,47.3159205377171],[-121.952262744195,47.3158542901194]]]},"properties":{"MAP_ID":"K84_B","MINE_ID":"K84","MAP_TITLE":"Map of Cannon mine (composite), Map of Franklin mines","MAP_DETAILS":"Roads, RR tracks, buildings, streams, elevations, contours, mine workings, columnar sections. Shows a bit of Hyde mine","MAP_YEAR":1922,"RMS_ERROR":21.6345,"CONTROL_POINTS":4,"URL":"https://fortress.wa.gov/dnr/geologydata/coal_maps/coal_mine_zip_files/K84_B.zip","TIFsize":255.6,"URL2":"https://fortress.wa.gov/dnr/geologydata/coal_maps/pdfs/K84_B.pdf"}},{"type":"Feature","geometry":{"type":"Polygon","coordinates":[[[-121.931356527767,47.3167953866744],[-121.931694747446,47.2657332092097],[-121.975688119082,47.2662466939573],[-121.975411895484,47.3172938349662],[-121.931356527767,47.3167953866744]]]},"properties":{"MAP_ID":"K84_C","MINE_ID":"K84","MAP_TITLE":"(No title block) Hyde, Cannon, Franklin mines- old Workings (composite drawing)","MAP_DETAILS":"Roads, RR tracks, buildings, streams, elevations, mine workings","MAP_YEAR":1922,"RMS_ERROR":53.8279,"CONTROL_POINTS":4,"URL":"https://fortress.wa.gov/dnr/geologydata/coal_maps/coal_mine_zip_files/K84_C.zip","TIFsize":607.8,"URL2":"https://fortress.wa.gov/dnr/geologydata/coal_maps/pdfs/K84_C.pdf"}},{"type":"Feature","geometry":{"type":"Polygon","coordinates":[[[-121.989720779451,47.2895998899866],[-121.990393190658,47.2786458795596],[-122.000059132769,47.2789221210343],[-121.999388570989,47.2898720071266],[-121.989720779451,47.2895998899866]]]},"properties":{"MAP_ID":"K85_A","MINE_ID":"K85","MAP_TITLE":"Kummer mine workings","MAP_DETAILS":"RR tracks, buildings, streams, mine workings","MAP_YEAR":1907,"RMS_ERROR":-9999,"CONTROL_POINTS":2,"URL":"https://fortress.wa.gov/dnr/geologydata/coal_maps/coal_mine_zip_files/K85_A.zip","TIFsize":274.4,"URL2":"https://fortress.wa.gov/dnr/geologydata/coal_maps/pdfs/K85_A.pdf"}},{"type":"Feature","geometry":{"type":"Polygon","coordinates":[[[-121.992515786377,47.2764962557511],[-122.000202141829,47.2756589157098],[-122.001852948586,47.2864805298623],[-121.994159539767,47.2873197995508],[-121.992515786377,47.2764962557511]]]},"properties":{"MAP_ID":"K85_B","MINE_ID":"K85","MAP_TITLE":"Map of Kummer mines (fragment)","MAP_DETAILS":"Roads, RR tracks, buildings, streams, mine workings and surface survey. Shows No. 4 seam prospect south of river","MAP_YEAR":1919,"RMS_ERROR":4.081,"CONTROL_POINTS":4,"URL":"https://fortress.wa.gov/dnr/geologydata/coal_maps/coal_mine_zip_files/K85_B.zip","TIFsize":253.8,"URL2":"https://fortress.wa.gov/dnr/geologydata/coal_maps/pdfs/K85_B.pdf"}},{"type":"Feature","geometry":{"type":"Polygon","coordinates":[[[-121.992782508737,47.2882945179831],[-121.993386550652,47.278822633823],[-122.000062191945,47.2790138129139],[-121.99947967708,47.2884795747175],[-121.992782508737,47.2882945179831]]]},"properties":{"MAP_ID":"K85_F","MINE_ID":"K85","MAP_TITLE":"Kummer mine","MAP_DETAILS":"Streams, mine workings","MAP_YEAR":1936,"RMS_ERROR":-9999,"CONTROL_POINTS":2,"URL":"https://fortress.wa.gov/dnr/geologydata/coal_maps/coal_mine_zip_files/K85_F.zip","TIFsize":157.7,"URL2":"https://fortress.wa.gov/dnr/geologydata/coal_maps/pdfs/K85_F.pdf"}},{"type":"Feature","geometry":{"type":"Polygon","coordinates":[[[-121.992665153093,47.2885775395561],[-121.993255224496,47.2788125743411],[-122.000211038737,47.2790064571571],[-121.999622522421,47.2887713587397],[-121.992665153093,47.2885775395561]]]},"properties":{"MAP_ID":"K85_H","MINE_ID":"K85","MAP_TITLE":"Kummer mine development on new No. 1 seam workings","MAP_DETAILS":"Buildings, streams, elevations, mine workings","MAP_YEAR":1940,"RMS_ERROR":-9999,"CONTROL_POINTS":2,"URL":"https://fortress.wa.gov/dnr/geologydata/coal_maps/coal_mine_zip_files/K85_H.zip","TIFsize":112.8,"URL2":"https://fortress.wa.gov/dnr/geologydata/coal_maps/pdfs/K85_H.pdf"}},{"type":"Feature","geometry":{"type":"Polygon","coordinates":[[[-121.972178761361,47.2601023228473],[-121.972227281453,47.2546588944799],[-121.986396261125,47.2545460206829],[-121.986349455017,47.2599891717889],[-121.972178761361,47.2601023228473]]]},"properties":{"MAP_ID":"K90_A","MINE_ID":"K90","MAP_TITLE":"Map showing location of workings in Green River Coal Mining Co. mine","MAP_DETAILS":"Elevations, mine workings","MAP_YEAR":1932,"RMS_ERROR":2.73364,"CONTROL_POINTS":5,"URL":"https://fortress.wa.gov/dnr/geologydata/coal_maps/coal_mine_zip_files/K90_A.zip","TIFsize":218.6,"URL2":"https://fortress.wa.gov/dnr/geologydata/coal_maps/pdfs/K90_A.pdf"}},{"type":"Feature","geometry":{"type":"Polygon","coordinates":[[[-121.94324316355,47.286089092842],[-121.943179341527,47.2829678140057],[-121.954876228061,47.2829501635408],[-121.954940285138,47.2860707172243],[-121.94324316355,47.286089092842]]]},"properties":{"MAP_ID":"K91_A","MINE_ID":"K91","MAP_TITLE":"Map showing portion of Hyde mine","MAP_DETAILS":"Elevations, contours, mine workings, and drainage tunnel","MAP_YEAR":1917,"RMS_ERROR":1.73981,"CONTROL_POINTS":4,"URL":"https://fortress.wa.gov/dnr/geologydata/coal_maps/coal_mine_zip_files/K91_A.zip","TIFsize":215.4,"URL2":"https://fortress.wa.gov/dnr/geologydata/coal_maps/pdfs/K91_A.pdf"}},{"type":"Feature","geometry":{"type":"Polygon","coordinates":[[[-121.933935194358,47.2893219853451],[-121.9342070135,47.2728007298369],[-121.957202098068,47.2729072060691],[-121.956934901079,47.289426975875],[-121.933935194358,47.2893219853451]]]},"properties":{"MAP_ID":"K91_B","MINE_ID":"K91","MAP_TITLE":"Hyde mine","MAP_DETAILS":"RR tracks, streams. Traced from Pacific Coast Coal Co. map","MAP_YEAR":1921,"RMS_ERROR":-9999,"CONTROL_POINTS":3,"URL":"https://fortress.wa.gov/dnr/geologydata/coal_maps/coal_mine_zip_files/K91_B.zip","TIFsize":98,"URL2":"https://fortress.wa.gov/dnr/geologydata/coal_maps/pdfs/K91_B.pdf"}},{"type":"Feature","geometry":{"type":"Polygon","coordinates":[[[-121.931669183753,47.2857955708671],[-121.93199468149,47.2739141393643],[-121.946764599798,47.2741253817064],[-121.946442574159,47.2860065443171],[-121.931669183753,47.2857955708671]]]},"properties":{"MAP_ID":"K92_A","MINE_ID":"K92","MAP_TITLE":"Map of the Hyde mine","MAP_DETAILS":"Roads, RR tracks, buildings, streams, elevations, contours, mine workings. Profile of Deep Lake and mine workings, 1:600 cross sections","MAP_YEAR":1947,"RMS_ERROR":4.07839,"CONTROL_POINTS":4,"URL":"https://fortress.wa.gov/dnr/geologydata/coal_maps/coal_mine_zip_files/K92_A.zip","TIFsize":481.8,"URL2":"https://fortress.wa.gov/dnr/geologydata/coal_maps/pdfs/K92_A.pdf"}},{"type":"Feature","geometry":{"type":"Polygon","coordinates":[[[-121.93194275698,47.2857770634871],[-121.932211721653,47.2734122114755],[-121.946748464969,47.2735873350865],[-121.946482871509,47.2859526228562],[-121.93194275698,47.2857770634871]]]},"properties":{"MAP_ID":"K92_B","MINE_ID":"K92","MAP_TITLE":"Map of the Hyde mine","MAP_DETAILS":"Roads, RR tracks, buildings, streams, elevations, contours, mine workings, columnar sections, cross sections. Profile of Deep Lake and mine workings","MAP_YEAR":1949,"RMS_ERROR":2.83466,"CONTROL_POINTS":4,"URL":"https://fortress.wa.gov/dnr/geologydata/coal_maps/coal_mine_zip_files/K92_B.zip","TIFsize":486.7,"URL2":"https://fortress.wa.gov/dnr/geologydata/coal_maps/pdfs/K92_B.pdf"}},{"type":"Feature","geometry":{"type":"Polygon","coordinates":[[[-121.931306003815,47.2856761334199],[-121.931825288757,47.273285245243],[-121.946949088197,47.2736132962164],[-121.946433236798,47.2860037326319],[-121.931306003815,47.2856761334199]]]},"properties":{"MAP_ID":"K92_C","MINE_ID":"K92","MAP_TITLE":"Map of the Olson Fuel Co. (Hyde mine)","MAP_DETAILS":"Roads, RR tracks, buildings, streams, elevations, contours, mine workings, cross sections. Profile of Deep Lake and mine workings","MAP_YEAR":1950,"RMS_ERROR":3.64698,"CONTROL_POINTS":4,"URL":"https://fortress.wa.gov/dnr/geologydata/coal_maps/coal_mine_zip_files/K92_C.zip","TIFsize":508.5,"URL2":"https://fortress.wa.gov/dnr/geologydata/coal_maps/pdfs/K92_C.pdf"}},{"type":"Feature","geometry":{"type":"Polygon","coordinates":[[[-121.931572512081,47.2859298969168],[-121.931794053164,47.2734617494092],[-121.94680450197,47.2736590122592],[-121.946586951391,47.286127205046],[-121.931572512081,47.2859298969168]]]},"properties":{"MAP_ID":"K92_D","MINE_ID":"K92","MAP_TITLE":"Map of the Olson Fuel Co. (Hyde mine)","MAP_DETAILS":"Roads, buildings, streams, elevations, contours, mine workings, cross sections. Profile of Deep Lake and mine workings","MAP_YEAR":1951,"RMS_ERROR":4.80943,"CONTROL_POINTS":4,"URL":"https://fortress.wa.gov/dnr/geologydata/coal_maps/coal_mine_zip_files/K92_D.zip","TIFsize":503.4,"URL2":"https://fortress.wa.gov/dnr/geologydata/coal_maps/pdfs/K92_D.pdf"}},{"type":"Feature","geometry":{"type":"Polygon","coordinates":[[[-121.886439468196,47.2852575106893],[-121.886560779802,47.2590488209391],[-121.938076257283,47.259259761388],[-121.937975986684,47.28546794511],[-121.886439468196,47.2852575106893]]]},"properties":{"MAP_ID":"K94_A","MINE_ID":"K94","MAP_TITLE":"Map showing development","MAP_DETAILS":"Roads, RR tracks, buildings, streams, elevations, mine workings. Surface survey of National Coal Co. land","MAP_YEAR":-9999,"RMS_ERROR":17.7764,"CONTROL_POINTS":4,"URL":"https://fortress.wa.gov/dnr/geologydata/coal_maps/coal_mine_zip_files/K94_A.zip","TIFsize":237.6,"URL2":"https://fortress.wa.gov/dnr/geologydata/coal_maps/pdfs/K94_A.pdf"}},{"type":"Feature","geometry":{"type":"Polygon","coordinates":[[[-121.888145150647,47.2831920669131],[-121.888134783736,47.2686352033565],[-121.937026960973,47.2689202007668],[-121.937048816806,47.2834652088144],[-121.888145150647,47.2831920669131]]]},"properties":{"MAP_ID":"K94_A1","MINE_ID":"K94","MAP_TITLE":"Sunset Coal Mining Co., Map showing development","MAP_DETAILS":"Roads, RR tracks, buildings, streams, Cumberland town plat, mine workings-Old No. 1 drift, Nos. 2, 4, 5, and 6, drifts","MAP_YEAR":1913,"RMS_ERROR":17.9686,"CONTROL_POINTS":4,"URL":"https://fortress.wa.gov/dnr/geologydata/coal_maps/coal_mine_zip_files/K94_A1.zip","TIFsize":123.7,"URL2":"https://fortress.wa.gov/dnr/geologydata/coal_maps/pdfs/K94_A1.pdf"}},{"type":"Feature","geometry":{"type":"Polygon","coordinates":[[[-121.894114314751,47.2832166906335],[-121.894180847521,47.2691039367658],[-121.927557149613,47.2691727053074],[-121.92750004124,47.2832853819316],[-121.894114314751,47.2832166906335]]]},"properties":{"MAP_ID":"K94_B","MINE_ID":"K94","MAP_TITLE":"Sunset Coal Mining Co., National Coal Co., Inc.","MAP_DETAILS":"Roads, RR tracks, streams, mine tunnels","MAP_YEAR":1915,"RMS_ERROR":-9999,"CONTROL_POINTS":2,"URL":"https://fortress.wa.gov/dnr/geologydata/coal_maps/coal_mine_zip_files/K94_B.zip","TIFsize":53.7,"URL2":"https://fortress.wa.gov/dnr/geologydata/coal_maps/pdfs/K94_B.pdf"}},{"type":"Feature","geometry":{"type":"Polygon","coordinates":[[[-121.909965601085,47.2750048889172],[-121.909787126118,47.2653988838943],[-121.927827298612,47.2652729993921],[-121.927876003738,47.2748734442455],[-121.909965601085,47.2750048889172]]]},"properties":{"MAP_ID":"K94_D","MINE_ID":"K94","MAP_TITLE":"Map of No. 2 slope","MAP_DETAILS":"Mine workings","MAP_YEAR":1916,"RMS_ERROR":-9999,"CONTROL_POINTS":2,"URL":"https://fortress.wa.gov/dnr/geologydata/coal_maps/coal_mine_zip_files/K94_D.zip","TIFsize":120.4,"URL2":"https://fortress.wa.gov/dnr/geologydata/coal_maps/pdfs/K94_D.pdf"}},{"type":"Feature","geometry":{"type":"Polygon","coordinates":[[[-121.9078883,47.2787236702463],[-121.908024461184,47.2684802286656],[-121.937442738853,47.268288844208],[-121.937310204091,47.278530305343],[-121.9078883,47.2787236702463]]]},"properties":{"MAP_ID":"K94_E","MINE_ID":"K94","MAP_TITLE":"Development of seam 1 and 2 - workings in seams not finally identified","MAP_DETAILS":"Roads, RR tracks, buildings, streams, elevations. Seam No. 1 equals Sunset mine","MAP_YEAR":1918,"RMS_ERROR":9.00633,"CONTROL_POINTS":5,"URL":"https://fortress.wa.gov/dnr/geologydata/coal_maps/coal_mine_zip_files/K94_E.zip","TIFsize":449,"URL2":"https://fortress.wa.gov/dnr/geologydata/coal_maps/pdfs/K94_E.pdf"}},{"type":"Feature","geometry":{"type":"Polygon","coordinates":[[[-121.906049804705,47.291085961751],[-121.906765416893,47.2808078744449],[-121.93782725601,47.2812788921936],[-121.937114247815,47.2915580274258],[-121.906049804705,47.291085961751]]]},"properties":{"MAP_ID":"K96_A","MINE_ID":"K96","MAP_TITLE":"Map of the property of Cumberland Coal Mining Co.","MAP_DETAILS":"Roads, RR tracks, buildings, streams, elevations, mine workings. Town of Cumberland","MAP_YEAR":1921,"RMS_ERROR":20.4478,"CONTROL_POINTS":4,"URL":"https://fortress.wa.gov/dnr/geologydata/coal_maps/coal_mine_zip_files/K96_A.zip","TIFsize":219.5,"URL2":"https://fortress.wa.gov/dnr/geologydata/coal_maps/pdfs/K96_A.pdf"}},{"type":"Feature","geometry":{"type":"Polygon","coordinates":[[[-121.903247651573,47.2933549959324],[-121.903469359915,47.2742526500019],[-121.935943985368,47.2746346225461],[-121.935733950103,47.2937342172875],[-121.903247651573,47.2933549959324]]]},"properties":{"MAP_ID":"K96_A1","MINE_ID":"K96","MAP_TITLE":"Leased to Eureka Coal Co. October 2, 1894","MAP_DETAILS":"RR tracks, buildings, streams, contours, gangways, cross sections","MAP_YEAR":1895,"RMS_ERROR":14.4667,"CONTROL_POINTS":4,"URL":"https://fortress.wa.gov/dnr/geologydata/coal_maps/coal_mine_zip_files/K96_A1.zip","TIFsize":106.6,"URL2":"https://fortress.wa.gov/dnr/geologydata/coal_maps/pdfs/K96_A1.pdf"}},{"type":"Feature","geometry":{"type":"Polygon","coordinates":[[[-121.899459922151,47.2903256632931],[-121.902635796385,47.2867777281793],[-121.908562495836,47.2893203749474],[-121.905384480714,47.2928681529487],[-121.899459922151,47.2903256632931]]]},"properties":{"MAP_ID":"K98_A","MINE_ID":"K98","MAP_TITLE":"Slope on New Carbon seam","MAP_DETAILS":"Buildings, streams, elevations, mine workings","MAP_YEAR":1936,"RMS_ERROR":0.98721,"CONTROL_POINTS":4,"URL":"https://fortress.wa.gov/dnr/geologydata/coal_maps/coal_mine_zip_files/K98_A.zip","TIFsize":79.7,"URL2":"https://fortress.wa.gov/dnr/geologydata/coal_maps/pdfs/K98_A.pdf"}},{"type":"Feature","geometry":{"type":"Polygon","coordinates":[[[-121.898293018252,47.2896391571479],[-121.905624299597,47.2816911611835],[-121.912802085756,47.2848422985347],[-121.905474780323,47.2927902004051],[-121.898293018252,47.2896391571479]]]},"properties":{"MAP_ID":"K98_B","MINE_ID":"K98","MAP_TITLE":"Slope on New Carbon seam","MAP_DETAILS":"Buildings, streams, elevations, mine workings","MAP_YEAR":1937,"RMS_ERROR":2.75931,"CONTROL_POINTS":4,"URL":"https://fortress.wa.gov/dnr/geologydata/coal_maps/coal_mine_zip_files/K98_B.zip","TIFsize":207,"URL2":"https://fortress.wa.gov/dnr/geologydata/coal_maps/pdfs/K98_B.pdf"}},{"type":"Feature","geometry":{"type":"Polygon","coordinates":[[[-121.888826291513,47.3018439103102],[-121.889298560599,47.2906412610112],[-121.912850288821,47.2912053420832],[-121.912382143095,47.3024094548478],[-121.888826291513,47.3018439103102]]]},"properties":{"MAP_ID":"K99_A","MINE_ID":"K99","MAP_TITLE":"Map of property and workings, Daly mine","MAP_DETAILS":"Roads, RR tracks, buildings, streams, elevations, mine workings","MAP_YEAR":1915,"RMS_ERROR":22.2177,"CONTROL_POINTS":4,"URL":"https://fortress.wa.gov/dnr/geologydata/coal_maps/coal_mine_zip_files/K99_A.zip","TIFsize":410.6,"URL2":"https://fortress.wa.gov/dnr/geologydata/coal_maps/pdfs/K99_A.pdf"}},{"type":"Feature","geometry":{"type":"Polygon","coordinates":[[[-121.90022303375,47.2995176005804],[-121.900033126782,47.2920302014238],[-121.9084007105,47.2921634999274],[-121.908590686063,47.2996491344066],[-121.90022303375,47.2995176005804]]]},"properties":{"MAP_ID":"K99_B","MINE_ID":"K99","MAP_TITLE":"Daly mine, No. 1 seam","MAP_DETAILS":"Mine workings","MAP_YEAR":1917,"RMS_ERROR":2.93958,"CONTROL_POINTS":4,"URL":"https://fortress.wa.gov/dnr/geologydata/coal_maps/coal_mine_zip_files/K99_B.zip","TIFsize":147.6,"URL2":"https://fortress.wa.gov/dnr/geologydata/coal_maps/pdfs/K99_B.pdf"}},{"type":"Feature","geometry":{"type":"Polygon","coordinates":[[[-121.898690049204,47.2996263940144],[-121.898809656386,47.2916578712693],[-121.908002560468,47.2917140160176],[-121.907885447181,47.299682975848],[-121.898690049204,47.2996263940144]]]},"properties":{"MAP_ID":"K99_C","MINE_ID":"K99","MAP_TITLE":"Daly mine, No. 3 seam","MAP_DETAILS":"Mine workings","MAP_YEAR":1919,"RMS_ERROR":0.580524,"CONTROL_POINTS":4,"URL":"https://fortress.wa.gov/dnr/geologydata/coal_maps/coal_mine_zip_files/K99_C.zip","TIFsize":197.6,"URL2":"https://fortress.wa.gov/dnr/geologydata/coal_maps/pdfs/K99_C.pdf"}},{"type":"Feature","geometry":{"type":"Polygon","coordinates":[[[-121.8883597709,47.3085985604058],[-121.888924694591,47.2976337566328],[-121.912142277087,47.2981748357713],[-121.911584086066,47.3091373607217],[-121.8883597709,47.3085985604058]]]},"properties":{"MAP_ID":"K99_D","MINE_ID":"K99","MAP_TITLE":"Map of property and workings, Carbon mines","MAP_DETAILS":"Roads, RR tracks, buildings, streams, elevations, contours, mine workings","MAP_YEAR":1918,"RMS_ERROR":21.0135,"CONTROL_POINTS":4,"URL":"https://fortress.wa.gov/dnr/geologydata/coal_maps/coal_mine_zip_files/K99_D.zip","TIFsize":375.1,"URL2":"https://fortress.wa.gov/dnr/geologydata/coal_maps/pdfs/K99_D.pdf"}},{"type":"Feature","geometry":{"type":"Polygon","coordinates":[[[-121.889050973097,47.3083779220313],[-121.889550385445,47.2979618463948],[-121.912414545435,47.2984041360462],[-121.911921389214,47.3088200072047],[-121.889050973097,47.3083779220313]]]},"properties":{"MAP_ID":"K99_D1","MINE_ID":"K99","MAP_TITLE":"Map of properties and workings of \"Carbon mines\"","MAP_DETAILS":"Roads, RR tracks, buildings, streams, elevations, contours, mine workings, Carbon gangway No. 3, 2, 1","MAP_YEAR":-9999,"RMS_ERROR":24.0004,"CONTROL_POINTS":4,"URL":"https://fortress.wa.gov/dnr/geologydata/coal_maps/coal_mine_zip_files/K99_D1.zip","TIFsize":42.6,"URL2":"https://fortress.wa.gov/dnr/geologydata/coal_maps/pdfs/K99_D1.pdf"}},{"type":"Feature","geometry":{"type":"Polygon","coordinates":[[[-121.886262770486,47.2869573559559],[-121.906038133395,47.2823164110558],[-121.911756546827,47.2936068337908],[-121.891978068642,47.2982484107957],[-121.886262770486,47.2869573559559]]]},"properties":{"MAP_ID":"K99_E","MINE_ID":"K99","MAP_TITLE":"Map of Carbon Fuel Co. Carbon and Daly seam workings","MAP_DETAILS":"Buildings, streams, elevations, contours, mine workings","MAP_YEAR":1920,"RMS_ERROR":-9999,"CONTROL_POINTS":2,"URL":"https://fortress.wa.gov/dnr/geologydata/coal_maps/coal_mine_zip_files/K99_E.zip","TIFsize":374.2,"URL2":"https://fortress.wa.gov/dnr/geologydata/coal_maps/pdfs/K99_E.pdf"}},{"type":"Feature","geometry":{"type":"Polygon","coordinates":[[[-121.889486769637,47.3013396621636],[-121.889894378168,47.2912749485955],[-121.912097773707,47.2917825798857],[-121.911688882893,47.3018474171198],[-121.889486769637,47.3013396621636]]]},"properties":{"MAP_ID":"K99_F","MINE_ID":"K99","MAP_TITLE":"Map of property and workings, Daly mime","MAP_DETAILS":"Roads, RR tracks, buildings, streams, elevations, mine workings","MAP_YEAR":1926,"RMS_ERROR":24.6876,"CONTROL_POINTS":4,"URL":"https://fortress.wa.gov/dnr/geologydata/coal_maps/coal_mine_zip_files/K99_F.zip","TIFsize":349.4,"URL2":"https://fortress.wa.gov/dnr/geologydata/coal_maps/pdfs/K99_F.pdf"}},{"type":"Feature","geometry":{"type":"Polygon","coordinates":[[[-121.88939562044,47.3012325717537],[-121.889776194698,47.2913084711314],[-121.912016275628,47.2918143951991],[-121.911640015865,47.3017390421132],[-121.88939562044,47.3012325717537]]]},"properties":{"MAP_ID":"K99_G","MINE_ID":"K99","MAP_TITLE":"Map of property and workings of Daly mine","MAP_DETAILS":"RR tracks, buildings, streams, elevations, mine workings","MAP_YEAR":1927,"RMS_ERROR":21.8188,"CONTROL_POINTS":4,"URL":"https://fortress.wa.gov/dnr/geologydata/coal_maps/coal_mine_zip_files/K99_G.zip","TIFsize":359,"URL2":"https://fortress.wa.gov/dnr/geologydata/coal_maps/pdfs/K99_G.pdf"}},{"type":"Feature","geometry":{"type":"Polygon","coordinates":[[[-121.888930330623,47.3016717346115],[-121.889389102472,47.2908455613255],[-121.912462551346,47.2913810235468],[-121.912007441994,47.3022065858613],[-121.888930330623,47.3016717346115]]]},"properties":{"MAP_ID":"K99_H","MINE_ID":"K99","MAP_TITLE":"Map of property and workings, Daly mine","MAP_DETAILS":"Roads, RR tracks, buildings, streams, elevations, mine workings","MAP_YEAR":1928,"RMS_ERROR":24.2674,"CONTROL_POINTS":4,"URL":"https://fortress.wa.gov/dnr/geologydata/coal_maps/coal_mine_zip_files/K99_H.zip","TIFsize":385,"URL2":"https://fortress.wa.gov/dnr/geologydata/coal_maps/pdfs/K99_H.pdf"}},{"type":"Feature","geometry":{"type":"Polygon","coordinates":[[[-121.889241937819,47.3014076408032],[-121.889724152992,47.2911302064423],[-121.912255592216,47.2916785761322],[-121.911778150216,47.3019557811332],[-121.889241937819,47.3014076408032]]]},"properties":{"MAP_ID":"K99_I","MINE_ID":"K99","MAP_TITLE":"Map of property and workings, Daly mine","MAP_DETAILS":"Roads, RR tracks, buildings, streams, elevations, mine workings","MAP_YEAR":1929,"RMS_ERROR":25.6828,"CONTROL_POINTS":4,"URL":"https://fortress.wa.gov/dnr/geologydata/coal_maps/coal_mine_zip_files/K99_I.zip","TIFsize":369.9,"URL2":"https://fortress.wa.gov/dnr/geologydata/coal_maps/pdfs/K99_I.pdf"}},{"type":"Feature","geometry":{"type":"Polygon","coordinates":[[[-121.889460028563,47.3013606972786],[-121.88985063071,47.2913013149156],[-121.912018571242,47.291814551638],[-121.911634335941,47.3018741219768],[-121.889460028563,47.3013606972786]]]},"properties":{"MAP_ID":"K99_J","MINE_ID":"K99","MAP_TITLE":"Map of property and workings of Daly mine","MAP_DETAILS":"Roads, RR tracks, buildings, streams, elevations, mine workings","MAP_YEAR":1930,"RMS_ERROR":23.2341,"CONTROL_POINTS":4,"URL":"https://fortress.wa.gov/dnr/geologydata/coal_maps/coal_mine_zip_files/K99_J.zip","TIFsize":356.2,"URL2":"https://fortress.wa.gov/dnr/geologydata/coal_maps/pdfs/K99_J.pdf"}},{"type":"Feature","geometry":{"type":"Polygon","coordinates":[[[-121.88927262992,47.3013480163752],[-121.889714942642,47.2911429880024],[-121.912216888145,47.2916875224108],[-121.911781376343,47.3018863374052],[-121.88927262992,47.3013480163752]]]},"properties":{"MAP_ID":"K99_K","MINE_ID":"K99","MAP_TITLE":"Map of property and workings, Daly mine","MAP_DETAILS":"Roads, RR tracks, buildings, streams, elevations, mine workings","MAP_YEAR":1931,"RMS_ERROR":26.5442,"CONTROL_POINTS":4,"URL":"https://fortress.wa.gov/dnr/geologydata/coal_maps/coal_mine_zip_files/K99_K.zip","TIFsize":360.4,"URL2":"https://fortress.wa.gov/dnr/geologydata/coal_maps/pdfs/K99_K.pdf"}},{"type":"Feature","geometry":{"type":"Polygon","coordinates":[[[-121.889151792409,47.3014925446157],[-121.889571230414,47.2910145748883],[-121.912292425153,47.2915446676814],[-121.911879038049,47.3020189795313],[-121.889151792409,47.3014925446157]]]},"properties":{"MAP_ID":"K99_L","MINE_ID":"K99","MAP_TITLE":"Map of property and workings, Daly mine","MAP_DETAILS":"Roads, RR tracks, buildings, streams, elevations, mine workings","MAP_YEAR":1932,"RMS_ERROR":22.2393,"CONTROL_POINTS":4,"URL":"https://fortress.wa.gov/dnr/geologydata/coal_maps/coal_mine_zip_files/K99_L.zip","TIFsize":371.1,"URL2":"https://fortress.wa.gov/dnr/geologydata/coal_maps/pdfs/K99_L.pdf"}},{"type":"Feature","geometry":{"type":"Polygon","coordinates":[[[-121.909779305568,47.3102994506966],[-121.909980864444,47.2989216744565],[-121.919654312794,47.2991315400116],[-121.919451881556,47.310506828895],[-121.909779305568,47.3102994506966]]]},"properties":{"MAP_ID":"K101_B","MINE_ID":"K101","MAP_TITLE":"Occidental Coking Coal Co. property, King County","MAP_DETAILS":"Roads, RR tracks, buildings, streams, mine workings","MAP_YEAR":1912,"RMS_ERROR":8.99078,"CONTROL_POINTS":5,"URL":"https://fortress.wa.gov/dnr/geologydata/coal_maps/coal_mine_zip_files/K101_B.zip","TIFsize":221.5,"URL2":"https://fortress.wa.gov/dnr/geologydata/coal_maps/pdfs/K101_B.pdf"}},{"type":"Feature","geometry":{"type":"Polygon","coordinates":[[[-121.903803534002,47.3140417622501],[-121.90370344738,47.298393503089],[-121.918693239619,47.2987227654959],[-121.918801291973,47.3143695019585],[-121.903803534002,47.3140417622501]]]},"properties":{"MAP_ID":"K101_C","MINE_ID":"K101","MAP_TITLE":"Coalgate Coal Co. property","MAP_DETAILS":"Roads, RR tracks, buildings, mine workings","MAP_YEAR":1925,"RMS_ERROR":1.31234,"CONTROL_POINTS":4,"URL":"https://fortress.wa.gov/dnr/geologydata/coal_maps/coal_mine_zip_files/K101_C.zip","TIFsize":531.8,"URL2":"https://fortress.wa.gov/dnr/geologydata/coal_maps/pdfs/K101_C.pdf"}},{"type":"Feature","geometry":{"type":"Polygon","coordinates":[[[-121.906100014724,47.3158647753063],[-121.906522944564,47.2980135535736],[-121.922413686111,47.2983947505754],[-121.921995294594,47.3162456169639],[-121.906100014724,47.3158647753063]]]},"properties":{"MAP_ID":"K101_D","MINE_ID":"K101","MAP_TITLE":"Occidental mines","MAP_DETAILS":"Roads, RR tracks, buildings, mine workings","MAP_YEAR":1932,"RMS_ERROR":9.05694,"CONTROL_POINTS":4,"URL":"https://fortress.wa.gov/dnr/geologydata/coal_maps/coal_mine_zip_files/K101_D.zip","TIFsize":193.8,"URL2":"https://fortress.wa.gov/dnr/geologydata/coal_maps/pdfs/K101_D.pdf"}},{"type":"Feature","geometry":{"type":"Polygon","coordinates":[[[-121.91052046523,47.3105067309954],[-121.910248707845,47.3005534191234],[-121.925895775157,47.300834908235],[-121.926169476903,47.3107892376135],[-121.91052046523,47.3105067309954]]]},"properties":{"MAP_ID":"K101_E","MINE_ID":"K101","MAP_TITLE":"Occidental No. 4 vein","MAP_DETAILS":"Roads, RR tracks, buildings, elevations, mine workings","MAP_YEAR":1940,"RMS_ERROR":17.9794,"CONTROL_POINTS":6,"URL":"https://fortress.wa.gov/dnr/geologydata/coal_maps/coal_mine_zip_files/K101_E.zip","TIFsize":409.8,"URL2":"https://fortress.wa.gov/dnr/geologydata/coal_maps/pdfs/K101_E.pdf"}},{"type":"Feature","geometry":{"type":"Polygon","coordinates":[[[-121.86874341131,47.2996020968051],[-121.869045596934,47.2906873982311],[-121.890929666608,47.2912876711409],[-121.89063449409,47.3002005054978],[-121.86874341131,47.2996020968051]]]},"properties":{"MAP_ID":"K102_A","MINE_ID":"K102","MAP_TITLE":"Map showing property ","MAP_DETAILS":"Roads, RR tracks, buildings, streams, elevations, contours","MAP_YEAR":1917,"RMS_ERROR":21.956,"CONTROL_POINTS":4,"URL":"https://fortress.wa.gov/dnr/geologydata/coal_maps/coal_mine_zip_files/K102_A.zip","TIFsize":328.2,"URL2":"https://fortress.wa.gov/dnr/geologydata/coal_maps/pdfs/K102_A.pdf"}},{"type":"Feature","geometry":{"type":"Polygon","coordinates":[[[-121.865565075888,47.3013499165709],[-121.866071864203,47.2824564063258],[-121.880258591922,47.2827123190413],[-121.87975531029,47.3016037855163],[-121.865565075888,47.3013499165709]]]},"properties":{"MAP_ID":"K102_B","MINE_ID":"K102","MAP_TITLE":"Pocahontas Coal and Coke Co. mine","MAP_DETAILS":"RR tracks, buildings, streams, elevations, contours, mine workings","MAP_YEAR":1920,"RMS_ERROR":-9999,"CONTROL_POINTS":3,"URL":"https://fortress.wa.gov/dnr/geologydata/coal_maps/coal_mine_zip_files/K102_B.zip","TIFsize":451.2,"URL2":"https://fortress.wa.gov/dnr/geologydata/coal_maps/pdfs/K102_B.pdf"}},{"type":"Feature","geometry":{"type":"Polygon","coordinates":[[[-120.770302516614,47.2924222047763],[-120.772764287189,47.1345515141727],[-121.107094150385,47.1368046514346],[-121.105559960213,47.294762334799],[-120.770302516614,47.2924222047763]]]},"properties":{"MAP_ID":"KT1_A","MINE_ID":"KT1","MAP_TITLE":"Map of Roslyn coalfield showing coal area","MAP_DETAILS":"Streams, shows outcrop limits","MAP_YEAR":1912,"RMS_ERROR":49.6731,"CONTROL_POINTS":4,"URL":"https://fortress.wa.gov/dnr/geologydata/coal_maps/coal_mine_zip_files/KT1_A.zip","TIFsize":54.7,"URL2":"https://fortress.wa.gov/dnr/geologydata/coal_maps/pdfs/KT1_A.pdf"}},{"type":"Feature","geometry":{"type":"Polygon","coordinates":[[[-120.845070991801,47.2640049099323],[-120.846628291848,47.1608014247427],[-121.101766278783,47.1621465232229],[-121.100708806101,47.2652826286435],[-120.845070991801,47.2640049099323]]]},"properties":{"MAP_ID":"KT1_A1","MINE_ID":"KT1","MAP_TITLE":"Map of the Northwestern Improvement Company's coal lands and mines; Roslyn field","MAP_DETAILS":"Roads, RR tracks, streams, outcrop of Roslyn Vein, limit of coalfield, boreholes, plats of Roslyn, Ronald, No. 5 town, Cle Elum, gangways. Shows progress during each fiscal year from 1896-1906","MAP_YEAR":1906,"RMS_ERROR":48.5805,"CONTROL_POINTS":4,"URL":"https://fortress.wa.gov/dnr/geologydata/coal_maps/coal_mine_zip_files/KT1_A1.zip","TIFsize":419.3,"URL2":"https://fortress.wa.gov/dnr/geologydata/coal_maps/pdfs/KT1_A1.pdf"}},{"type":"Feature","geometry":{"type":"Polygon","coordinates":[[[-121.002463671291,47.2620225367186],[-121.002649822763,47.2162080765575],[-121.094494274846,47.2167548306563],[-121.094405436122,47.2625800691745],[-121.002463671291,47.2620225367186]]]},"properties":{"MAP_ID":"KT1_C","MINE_ID":"KT1","MAP_TITLE":"Map showing relation (of) Lake Cle Elum to mine workings, Roslyn field (west end gangway only)","MAP_DETAILS":"RR tracks, streams, elevations. Shows some boreholes","MAP_YEAR":1923,"RMS_ERROR":11.2253,"CONTROL_POINTS":4,"URL":"https://fortress.wa.gov/dnr/geologydata/coal_maps/coal_mine_zip_files/KT1_C.zip","TIFsize":117.7,"URL2":"https://fortress.wa.gov/dnr/geologydata/coal_maps/pdfs/KT1_C.pdf"}},{"type":"Feature","geometry":{"type":"Polygon","coordinates":[[[-120.894699297146,47.2042894439311],[-120.933800867268,47.1695064644002],[-121.04919924495,47.2298295028989],[-121.010126962529,47.2646510114459],[-120.894699297146,47.2042894439311]]]},"properties":{"MAP_ID":"KT1_B","MINE_ID":"KT1","MAP_TITLE":"Map of the Roslyn coalfield, workings","MAP_DETAILS":"Roads (Roslyn plat), RR tracks, streams, elevations, mine workings, borehole locations. Shows all Northwestern Improvement Co.'s mines and others in Roslyn field","MAP_YEAR":1921,"RMS_ERROR":2.29549,"CONTROL_POINTS":4,"URL":"https://fortress.wa.gov/dnr/geologydata/coal_maps/coal_mine_zip_files/KT1_B.zip","TIFsize":241.6,"URL2":"https://fortress.wa.gov/dnr/geologydata/coal_maps/pdfs/KT1_B.pdf"}},{"type":"Feature","geometry":{"type":"Polygon","coordinates":[[[-120.893098729148,47.2044132830426],[-120.933915704688,47.1680348620288],[-121.05122081558,47.2294743699667],[-121.01044562349,47.265886919148],[-120.893098729148,47.2044132830426]]]},"properties":{"MAP_ID":"KT1_C1","MINE_ID":"KT1","MAP_TITLE":"NWI Co. map of the Roslyn 1 coalfield","MAP_DETAILS":"Roads, RR tracks, streams, mine workings, plat of towns","MAP_YEAR":1935,"RMS_ERROR":9.93981,"CONTROL_POINTS":4,"URL":"https://fortress.wa.gov/dnr/geologydata/coal_maps/coal_mine_zip_files/KT1_C1.zip","TIFsize":264.1,"URL2":"https://fortress.wa.gov/dnr/geologydata/coal_maps/pdfs/KT1_C1.pdf"}},{"type":"Feature","geometry":{"type":"Polygon","coordinates":[[[-120.863178779663,47.1989245043469],[-120.943227101141,47.1253733949517],[-121.142735292425,47.2259757843413],[-121.062813388972,47.299666065068],[-120.863178779663,47.1989245043469]]]},"properties":{"MAP_ID":"KT1_D","MINE_ID":"KT1","MAP_TITLE":"Map of the N.W.I. Co.'s coal lands and mines, Roslyn field","MAP_DETAILS":"RR tracks, buildings, streams, mine workings, borehole locations","MAP_YEAR":1950,"RMS_ERROR":13.676,"CONTROL_POINTS":4,"URL":"https://fortress.wa.gov/dnr/geologydata/coal_maps/coal_mine_zip_files/KT1_D.zip","TIFsize":334.3,"URL2":"https://fortress.wa.gov/dnr/geologydata/coal_maps/pdfs/KT1_D.pdf"}},{"type":"Feature","geometry":{"type":"Polygon","coordinates":[[[-120.894761739991,47.2043606294078],[-120.934903522193,47.1687913333089],[-121.050190037994,47.229147657523],[-121.010086019763,47.264749947456],[-120.894761739991,47.2043606294078]]]},"properties":{"MAP_ID":"KT1_E","MINE_ID":"KT1","MAP_TITLE":"Map of the Roslyn coalfield","MAP_DETAILS":"Roads, RR tracks, streams, elevations. Shows Cle Elum Nos. 1 and 2 and extension, Independent, Roslyn Nos. 1, 2 ,3, 4, 5, 6, 7, 7 hill, and 8, Roslyn Fuel Co., Roslyn-Cascade and Ronald mines","MAP_YEAR":1955,"RMS_ERROR":3.71819,"CONTROL_POINTS":4,"URL":"https://fortress.wa.gov/dnr/geologydata/coal_maps/coal_mine_zip_files/KT1_E.zip","TIFsize":252.7,"URL2":"https://fortress.wa.gov/dnr/geologydata/coal_maps/pdfs/KT1_E.pdf"}},{"type":"Feature","geometry":{"type":"Polygon","coordinates":[[[-120.884933878501,47.2662525331232],[-120.886383648887,47.1674679932116],[-121.062530467544,47.1684830829398],[-121.061317836734,47.2672767414981],[-120.884933878501,47.2662525331232]]]},"properties":{"MAP_ID":"KT1_F","MINE_ID":"KT1","MAP_TITLE":"Map of the Roslyn coalfield-levels (gangways) only","MAP_DETAILS":"Roads, RR tracks, streams, elevations, contours. Borehole locations. All mines in field","MAP_YEAR":1955,"RMS_ERROR":43.12,"CONTROL_POINTS":4,"URL":"https://fortress.wa.gov/dnr/geologydata/coal_maps/coal_mine_zip_files/KT1_F.zip","TIFsize":279.6,"URL2":"https://fortress.wa.gov/dnr/geologydata/coal_maps/pdfs/KT1_F.pdf"}},{"type":"Feature","geometry":{"type":"Polygon","coordinates":[[[-120.861052050981,47.2027170388878],[-120.928848658408,47.1415460486847],[-121.10656166929,47.2327654309138],[-121.038836370184,47.2940275557783],[-120.861052050981,47.2027170388878]]]},"properties":{"MAP_ID":"KT1_N","MINE_ID":"KT1","MAP_TITLE":"Areal extent of coal seams and geologic structure, top of Roslyn No. 5 seam","MAP_DETAILS":"RR tracks, streams, elevations, contours","MAP_YEAR":1956,"RMS_ERROR":14.7633,"CONTROL_POINTS":4,"URL":"https://fortress.wa.gov/dnr/geologydata/coal_maps/coal_mine_zip_files/KT1_N.zip","TIFsize":247.2,"URL2":"https://fortress.wa.gov/dnr/geologydata/coal_maps/pdfs/KT1_N.pdf"}},{"type":"Feature","geometry":{"type":"Polygon","coordinates":[[[-120.874771815691,47.2020153616011],[-120.934791073723,47.1488788081128],[-121.099704185215,47.235047564541],[-121.039758978479,47.2882693545196],[-120.874771815691,47.2020153616011]]]},"properties":{"MAP_ID":"KT1_O","MINE_ID":"KT1","MAP_TITLE":"Areal extent of coal seams and geologic structure, top of Roslyn No. 5 seam","MAP_DETAILS":"RR tracks, streams, elevations, contours","MAP_YEAR":1958,"RMS_ERROR":15.3762,"CONTROL_POINTS":4,"URL":"https://fortress.wa.gov/dnr/geologydata/coal_maps/coal_mine_zip_files/KT1_O.zip","TIFsize":209.7,"URL2":"https://fortress.wa.gov/dnr/geologydata/coal_maps/pdfs/KT1_O.pdf"}},{"type":"Feature","geometry":{"type":"Polygon","coordinates":[[[-121.031647915676,47.2482077940666],[-121.031744682632,47.2332043861824],[-121.048247592049,47.2333755247036],[-121.048156657208,47.2483773815804],[-121.031647915676,47.2482077940666]]]},"properties":{"MAP_ID":"KT10_A","MINE_ID":"KT10","MAP_TITLE":"Development plan and progress map of No. 3 mine","MAP_DETAILS":"Buildings, mine workings","MAP_YEAR":1920,"RMS_ERROR":2.32178,"CONTROL_POINTS":5,"URL":"https://fortress.wa.gov/dnr/geologydata/coal_maps/coal_mine_zip_files/KT10_A.zip","TIFsize":387.2,"URL2":"https://fortress.wa.gov/dnr/geologydata/coal_maps/pdfs/KT10_A.pdf"}},{"type":"Feature","geometry":{"type":"Polygon","coordinates":[[[-121.022138243179,47.2465097944661],[-121.022194481601,47.2321150115848],[-121.035803624597,47.2320907982239],[-121.03575155185,47.2464852313068],[-121.022138243179,47.2465097944661]]]},"properties":{"MAP_ID":"KT15_A1","MINE_ID":"KT15","MAP_TITLE":"Map of the Roslyn-Cascade Coal Co.'s No. 3 mine","MAP_DETAILS":"RR tracks, buildings, streams, elevations, contours, mine workings","MAP_YEAR":1933,"RMS_ERROR":4.05765,"CONTROL_POINTS":4,"URL":"https://fortress.wa.gov/dnr/geologydata/coal_maps/coal_mine_zip_files/KT15_A1.zip","TIFsize":314,"URL2":"https://fortress.wa.gov/dnr/geologydata/coal_maps/pdfs/KT15_A1.pdf"}},{"type":"Feature","geometry":{"type":"Polygon","coordinates":[[[-121.022134028271,47.2498323560787],[-121.022164990229,47.2386839359229],[-121.038402734426,47.2387438768748],[-121.038375114524,47.2498926626525],[-121.022134028271,47.2498323560787]]]},"properties":{"MAP_ID":"KT16_A1","MINE_ID":"KT16","MAP_TITLE":"Map of the Roslyn Cascade Coal Co.'s No. 4 mine southern part","MAP_DETAILS":"RR tracks, buildings, streams, elevations, contours, mine workings","MAP_YEAR":1933,"RMS_ERROR":4.51105,"CONTROL_POINTS":4,"URL":"https://fortress.wa.gov/dnr/geologydata/coal_maps/coal_mine_zip_files/KT16_A1.zip","TIFsize":291.1,"URL2":"https://fortress.wa.gov/dnr/geologydata/coal_maps/pdfs/KT16_A1.pdf"}},{"type":"Feature","geometry":{"type":"Polygon","coordinates":[[[-121.025808040715,47.2535471008742],[-121.048634559907,47.2534124009034],[-121.048697418207,47.2635613395911],[-121.025866804968,47.2636980825663],[-121.025808040715,47.2535471008742]]]},"properties":{"MAP_ID":"KT16_C","MINE_ID":"KT16","MAP_TITLE":"Annex to No. 4 mine","MAP_DETAILS":"Elevations, contours, mine workings","MAP_YEAR":1952,"RMS_ERROR":7.5742,"CONTROL_POINTS":4,"URL":"https://fortress.wa.gov/dnr/geologydata/coal_maps/coal_mine_zip_files/KT16_C.zip","TIFsize":305.2,"URL2":"https://fortress.wa.gov/dnr/geologydata/coal_maps/pdfs/KT16_C.pdf"}},{"type":"Feature","geometry":{"type":"Polygon","coordinates":[[[-121.03677381189,47.2514731163092],[-121.036848034447,47.2475254223589],[-121.048140872802,47.2476252753736],[-121.048065886133,47.2515712924403],[-121.03677381189,47.2514731163092]]]},"properties":{"MAP_ID":"KT16_E","MINE_ID":"KT16","MAP_TITLE":"Annex to No. 4 mine","MAP_DETAILS":"Elevations, contours, mine workings","MAP_YEAR":1957,"RMS_ERROR":-9999,"CONTROL_POINTS":2,"URL":"https://fortress.wa.gov/dnr/geologydata/coal_maps/coal_mine_zip_files/KT16_E.zip","TIFsize":280.5,"URL2":"https://fortress.wa.gov/dnr/geologydata/coal_maps/pdfs/KT16_E.pdf"}},{"type":"Feature","geometry":{"type":"Polygon","coordinates":[[[-121.00908211557,47.2367793457744],[-121.013204951078,47.2260346366593],[-121.042108112516,47.2311256966823],[-121.037986121421,47.2418702768509],[-121.00908211557,47.2367793457744]]]},"properties":{"MAP_ID":"KT18_A","MINE_ID":"KT18","MAP_TITLE":"Map of Roslyn No. 3 mine, north half","MAP_DETAILS":"Roads, RR tracks, buildings, streams, elevations, mine workings","MAP_YEAR":1946,"RMS_ERROR":6.90592,"CONTROL_POINTS":5,"URL":"https://fortress.wa.gov/dnr/geologydata/coal_maps/coal_mine_zip_files/KT18_A.zip","TIFsize":224.2,"URL2":"https://fortress.wa.gov/dnr/geologydata/coal_maps/pdfs/KT18_A.pdf"}},{"type":"Feature","geometry":{"type":"Polygon","coordinates":[[[-121.004181209057,47.2397258629048],[-121.012535074177,47.2300954412753],[-121.035795462658,47.2398479672659],[-121.027441971776,47.2494810334702],[-121.004181209057,47.2397258629048]]]},"properties":{"MAP_ID":"KT18_B","MINE_ID":"KT18","MAP_TITLE":"Working map of the Roslyn No. 3 mine, south half","MAP_DETAILS":"Roads, RR tracks, buildings, streams, elevations, contours, mine workings","MAP_YEAR":1946,"RMS_ERROR":16.4107,"CONTROL_POINTS":5,"URL":"https://fortress.wa.gov/dnr/geologydata/coal_maps/coal_mine_zip_files/KT18_B.zip","TIFsize":204.6,"URL2":"https://fortress.wa.gov/dnr/geologydata/coal_maps/pdfs/KT18_B.pdf"}},{"type":"Feature","geometry":{"type":"Polygon","coordinates":[[[-121.008016927503,47.2239078881753],[-121.017644927244,47.2145726431944],[-121.046306063301,47.2284968710923],[-121.036681999792,47.2378332498957],[-121.008016927503,47.2239078881753]]]},"properties":{"MAP_ID":"KT18_C","MINE_ID":"KT18","MAP_TITLE":"N.W.I. Co. map of Roslyn No. 3 mine, southern part","MAP_DETAILS":"Streams, mine workings","MAP_YEAR":1950,"RMS_ERROR":16.6209,"CONTROL_POINTS":6,"URL":"https://fortress.wa.gov/dnr/geologydata/coal_maps/coal_mine_zip_files/KT18_C.zip","TIFsize":252.5,"URL2":"https://fortress.wa.gov/dnr/geologydata/coal_maps/pdfs/KT18_C.pdf"}},{"type":"Feature","geometry":{"type":"Polygon","coordinates":[[[-121.007807697788,47.2239126836471],[-121.017565061558,47.2144749304092],[-121.046550476404,47.2286132026701],[-121.036798228113,47.2380540054688],[-121.007807697788,47.2239126836471]]]},"properties":{"MAP_ID":"KT18_C1","MINE_ID":"KT18","MAP_TITLE":"Map of Roslyn No. 3 mine southern part","MAP_DETAILS":"Buildings, streams, mine workings","MAP_YEAR":1933,"RMS_ERROR":16.6957,"CONTROL_POINTS":4,"URL":"https://fortress.wa.gov/dnr/geologydata/coal_maps/coal_mine_zip_files/KT18_C1.zip","TIFsize":258.1,"URL2":"https://fortress.wa.gov/dnr/geologydata/coal_maps/pdfs/KT18_C1.pdf"}},{"type":"Feature","geometry":{"type":"Polygon","coordinates":[[[-121.00813733859,47.2238696607183],[-121.01497558583,47.2172132247],[-121.043543270446,47.2310678329604],[-121.03670585221,47.2377261960067],[-121.00813733859,47.2238696607183]]]},"properties":{"MAP_ID":"KT18_E","MINE_ID":"KT18","MAP_TITLE":"N.W.I. Co. map of Roslyn No. 3 mine, southern part","MAP_DETAILS":"Streams, mine workings","MAP_YEAR":1952,"RMS_ERROR":13.798,"CONTROL_POINTS":5,"URL":"https://fortress.wa.gov/dnr/geologydata/coal_maps/coal_mine_zip_files/KT18_E.zip","TIFsize":158.9,"URL2":"https://fortress.wa.gov/dnr/geologydata/coal_maps/pdfs/KT18_E.pdf"}},{"type":"Feature","geometry":{"type":"Polygon","coordinates":[[[-121.007980544757,47.2240391253705],[-121.017621572666,47.2146225234608],[-121.046327649427,47.22859345521],[-121.036689128696,47.2380123906345],[-121.007980544757,47.2240391253705]]]},"properties":{"MAP_ID":"KT18_F","MINE_ID":"KT18","MAP_TITLE":"N.W.I. Co. map of Roslyn No. 3 mine, southern part","MAP_DETAILS":"Streams, mine workings","MAP_YEAR":1952,"RMS_ERROR":16.439,"CONTROL_POINTS":5,"URL":"https://fortress.wa.gov/dnr/geologydata/coal_maps/coal_mine_zip_files/KT18_F.zip","TIFsize":255.4,"URL2":"https://fortress.wa.gov/dnr/geologydata/coal_maps/pdfs/KT18_F.pdf"}},{"type":"Feature","geometry":{"type":"Polygon","coordinates":[[[-121.007936762531,47.2239400842016],[-121.017719759768,47.2145548195098],[-121.046464448182,47.2285339575058],[-121.03668360269,47.2379215434871],[-121.007936762531,47.2239400842016]]]},"properties":{"MAP_ID":"KT18_G","MINE_ID":"KT18","MAP_TITLE":"N.W.I. Co. map of Roslyn No. 3 mine, southern part","MAP_DETAILS":"Streams, mine workings","MAP_YEAR":1954,"RMS_ERROR":16.2169,"CONTROL_POINTS":4,"URL":"https://fortress.wa.gov/dnr/geologydata/coal_maps/coal_mine_zip_files/KT18_G.zip","TIFsize":258.1,"URL2":"https://fortress.wa.gov/dnr/geologydata/coal_maps/pdfs/KT18_G.pdf"}},{"type":"Feature","geometry":{"type":"Polygon","coordinates":[[[-121.008027150937,47.2239489063664],[-121.017686451182,47.2145343764466],[-121.046428691522,47.2285587279388],[-121.036772077713,47.2379756842167],[-121.008027150937,47.2239489063664]]]},"properties":{"MAP_ID":"KT18_H","MINE_ID":"KT18","MAP_TITLE":"N.W.I. Co. map of Roslyn No. 3 mine, southern part","MAP_DETAILS":"Mine workings","MAP_YEAR":1956,"RMS_ERROR":13.7557,"CONTROL_POINTS":4,"URL":"https://fortress.wa.gov/dnr/geologydata/coal_maps/coal_mine_zip_files/KT18_H.zip","TIFsize":258.1,"URL2":"https://fortress.wa.gov/dnr/geologydata/coal_maps/pdfs/KT18_H.pdf"}},{"type":"Feature","geometry":{"type":"Polygon","coordinates":[[[-121.006549693599,47.2136257169867],[-121.015499198956,47.2050115970324],[-121.052082052169,47.2231495339178],[-121.043135828295,47.231765981971],[-121.006549693599,47.2136257169867]]]},"properties":{"MAP_ID":"KT18_J","MINE_ID":"KT18","MAP_TITLE":"No. 3 annex","MAP_DETAILS":"Buildings, streams, elevations, mine workings, columnar sections. Shows No. 9 mine, 3rd west entry","MAP_YEAR":1956,"RMS_ERROR":17.4583,"CONTROL_POINTS":4,"URL":"https://fortress.wa.gov/dnr/geologydata/coal_maps/coal_mine_zip_files/KT18_J.zip","TIFsize":272,"URL2":"https://fortress.wa.gov/dnr/geologydata/coal_maps/pdfs/KT18_J.pdf"}},{"type":"Feature","geometry":{"type":"Polygon","coordinates":[[[-120.980848273095,47.237115686948],[-120.983519531823,47.2311654493998],[-121.013027516867,47.2390802509607],[-121.010357546655,47.2450313163055],[-120.980848273095,47.237115686948]]]},"properties":{"MAP_ID":"KT18_K","MINE_ID":"KT18","MAP_TITLE":"Annex to Roslyn No. 3 mine, Big seam extension","MAP_DETAILS":"Streams, mine workings","MAP_YEAR":1958,"RMS_ERROR":-9999,"CONTROL_POINTS":3,"URL":"https://fortress.wa.gov/dnr/geologydata/coal_maps/coal_mine_zip_files/KT18_K.zip","TIFsize":127.6,"URL2":"https://fortress.wa.gov/dnr/geologydata/coal_maps/pdfs/KT18_K.pdf"}},{"type":"Feature","geometry":{"type":"Polygon","coordinates":[[[-121.006714229758,47.2272949697465],[-121.013714378532,47.2173444425489],[-121.045025555341,47.2279826582635],[-121.038029982164,47.2379341417514],[-121.006714229758,47.2272949697465]]]},"properties":{"MAP_ID":"KT19_A","MINE_ID":"KT19","MAP_TITLE":"Map of Ronald No. 2 mine, Big Vein","MAP_DETAILS":"Elevations, mine workings","MAP_YEAR":1947,"RMS_ERROR":13.422,"CONTROL_POINTS":5,"URL":"https://fortress.wa.gov/dnr/geologydata/coal_maps/coal_mine_zip_files/KT19_A.zip","TIFsize":250.1,"URL2":"https://fortress.wa.gov/dnr/geologydata/coal_maps/pdfs/KT19_A.pdf"}},{"type":"Feature","geometry":{"type":"Polygon","coordinates":[[[-121.006238798524,47.227338810453],[-121.013483496092,47.2170171720909],[-121.04532167173,47.2277581620894],[-121.038082006358,47.2380825742038],[-121.006238798524,47.227338810453]]]},"properties":{"MAP_ID":"KT19_B","MINE_ID":"KT19","MAP_TITLE":"Map of Ronald No. 2 mine, Big Vein","MAP_DETAILS":"Elevations, mine workings","MAP_YEAR":1949,"RMS_ERROR":10.2635,"CONTROL_POINTS":4,"URL":"https://fortress.wa.gov/dnr/geologydata/coal_maps/coal_mine_zip_files/KT19_B.zip","TIFsize":264.1,"URL2":"https://fortress.wa.gov/dnr/geologydata/coal_maps/pdfs/KT19_B.pdf"}},{"type":"Feature","geometry":{"type":"Polygon","coordinates":[[[-120.997903309594,47.2244556510686],[-121.00553740628,47.2141717757104],[-121.014425599956,47.2172339858989],[-121.006792417689,47.2275172106792],[-120.997903309594,47.2244556510686]]]},"properties":{"MAP_ID":"KT19_C","MINE_ID":"KT19","MAP_TITLE":"Roslyn Big seam ","MAP_DETAILS":"Elevations, mine workings, cross sections","MAP_YEAR":1955,"RMS_ERROR":-9999,"CONTROL_POINTS":2,"URL":"https://fortress.wa.gov/dnr/geologydata/coal_maps/coal_mine_zip_files/KT19_C.zip","TIFsize":176.9,"URL2":"https://fortress.wa.gov/dnr/geologydata/coal_maps/pdfs/KT19_C.pdf"}},{"type":"Feature","geometry":{"type":"Polygon","coordinates":[[[-120.955297616819,47.2130254573175],[-120.979247641482,47.1908612427102],[-121.045576001208,47.2239657867134],[-121.021641222353,47.2461423207444],[-120.955297616819,47.2130254573175]]]},"properties":{"MAP_ID":"KT2_A","MINE_ID":"KT2","MAP_TITLE":"Map of City of Roslyn and vicinity showing general surface features","MAP_DETAILS":"Roads, RR tracks, buildings, streams, elevations, borehole locations. Also shows the city of Ronald","MAP_YEAR":1944,"RMS_ERROR":30.7463,"CONTROL_POINTS":4,"URL":"https://fortress.wa.gov/dnr/geologydata/coal_maps/coal_mine_zip_files/KT2_A.zip","TIFsize":199.6,"URL2":"https://fortress.wa.gov/dnr/geologydata/coal_maps/pdfs/KT2_A.pdf"}},{"type":"Feature","geometry":{"type":"Polygon","coordinates":[[[-120.959916509483,47.2310001724162],[-120.965343678893,47.225096707048],[-121.01005463797,47.2430670850351],[-121.004630270603,47.2489721918402],[-120.959916509483,47.2310001724162]]]},"properties":{"MAP_ID":"KT21_A","MINE_ID":"KT21","MAP_TITLE":"Working map of Roslyn No. 2 mine","MAP_DETAILS":"Elevations, contours, mine workings","MAP_YEAR":1939,"RMS_ERROR":9.03308,"CONTROL_POINTS":4,"URL":"https://fortress.wa.gov/dnr/geologydata/coal_maps/coal_mine_zip_files/KT21_A.zip","TIFsize":165.9,"URL2":"https://fortress.wa.gov/dnr/geologydata/coal_maps/pdfs/KT21_A.pdf"}},{"type":"Feature","geometry":{"type":"Polygon","coordinates":[[[-120.965972771852,47.2256027799581],[-120.974613151424,47.215951819693],[-121.018082854717,47.2341965589444],[-121.009443344638,47.2438492696318],[-120.965972771852,47.2256027799581]]]},"properties":{"MAP_ID":"KT21_B","MINE_ID":"KT21","MAP_TITLE":"Working map of Roslyn No. 2 mine","MAP_DETAILS":"RR tracks, buildings, elevations, contours, mine workings. Also shows mines Nos. 4, 1, 6, and 5","MAP_YEAR":1942,"RMS_ERROR":8.62277,"CONTROL_POINTS":4,"URL":"https://fortress.wa.gov/dnr/geologydata/coal_maps/coal_mine_zip_files/KT21_B.zip","TIFsize":320.8,"URL2":"https://fortress.wa.gov/dnr/geologydata/coal_maps/pdfs/KT21_B.pdf"}},{"type":"Feature","geometry":{"type":"Polygon","coordinates":[[[-120.971222344287,47.2058372183677],[-120.980931216134,47.19710726365],[-121.014814476546,47.2147640177608],[-121.005107309251,47.2234976577292],[-120.971222344287,47.2058372183677]]]},"properties":{"MAP_ID":"KT23_C","MINE_ID":"KT23","MAP_TITLE":"N.W.I. Co. map of Roslyn No. 9 mine","MAP_DETAILS":"Buildings, mine workings","MAP_YEAR":1949,"RMS_ERROR":21.4119,"CONTROL_POINTS":4,"URL":"https://fortress.wa.gov/dnr/geologydata/coal_maps/coal_mine_zip_files/KT23_C.zip","TIFsize":281.4,"URL2":"https://fortress.wa.gov/dnr/geologydata/coal_maps/pdfs/KT23_C.pdf"}},{"type":"Feature","geometry":{"type":"Polygon","coordinates":[[[-120.980258087599,47.1973109935828],[-120.984821521284,47.1933745654381],[-121.01727589516,47.2108448719629],[-121.012713296884,47.2147826390181],[-120.980258087599,47.1973109935828]]]},"properties":{"MAP_ID":"KT23_F","MINE_ID":"KT23","MAP_TITLE":"Annex to map of Roslyn No. 9 mine","MAP_DETAILS":"Mine workings","MAP_YEAR":1963,"RMS_ERROR":-9999,"CONTROL_POINTS":2,"URL":"https://fortress.wa.gov/dnr/geologydata/coal_maps/coal_mine_zip_files/KT23_F.zip","TIFsize":84,"URL2":"https://fortress.wa.gov/dnr/geologydata/coal_maps/pdfs/KT23_F.pdf"}},{"type":"Feature","geometry":{"type":"Polygon","coordinates":[[[-120.963765021148,47.2244494979986],[-120.969368053946,47.2181098121429],[-120.987319224442,47.225473145586],[-120.981723901096,47.2318107295979],[-120.963765021148,47.2244494979986]]]},"properties":{"MAP_ID":"KT25_A","MINE_ID":"KT25","MAP_TITLE":"Map of Roslyn No. 1 mine","MAP_DETAILS":"Streams, elevations, contours, mine workings","MAP_YEAR":1923,"RMS_ERROR":-9999,"CONTROL_POINTS":2,"URL":"https://fortress.wa.gov/dnr/geologydata/coal_maps/coal_mine_zip_files/KT25_A.zip","TIFsize":102.7,"URL2":"https://fortress.wa.gov/dnr/geologydata/coal_maps/pdfs/KT25_A.pdf"}},{"type":"Feature","geometry":{"type":"Polygon","coordinates":[[[-120.950249796279,47.2122021594718],[-120.959412183126,47.20264613844],[-120.9860556606,47.2143695858585],[-120.976896734416,47.2239265727887],[-120.950249796279,47.2122021594718]]]},"properties":{"MAP_ID":"KT26_A","MINE_ID":"KT26","MAP_TITLE":"N.W.I. Co. map of Roslyn No. 5 mine","MAP_DETAILS":"RR tracks, buildings, contours, mine workings","MAP_YEAR":1939,"RMS_ERROR":6.22365,"CONTROL_POINTS":4,"URL":"https://fortress.wa.gov/dnr/geologydata/coal_maps/coal_mine_zip_files/KT26_A.zip","TIFsize":238.4,"URL2":"https://fortress.wa.gov/dnr/geologydata/coal_maps/pdfs/KT26_A.pdf"}},{"type":"Feature","geometry":{"type":"Polygon","coordinates":[[[-120.95049772469,47.2122509851245],[-120.959711634225,47.2028380319986],[-120.985945331484,47.2145317133603],[-120.976734911719,47.2239464618256],[-120.95049772469,47.2122509851245]]]},"properties":{"MAP_ID":"KT26_B","MINE_ID":"KT26","MAP_TITLE":"N.W.I. Co. map of Roslyn No. 5 mine","MAP_DETAILS":"RR tracks, buildings, contours, mine workings","MAP_YEAR":1943,"RMS_ERROR":9.85645,"CONTROL_POINTS":4,"URL":"https://fortress.wa.gov/dnr/geologydata/coal_maps/coal_mine_zip_files/KT26_B.zip","TIFsize":233,"URL2":"https://fortress.wa.gov/dnr/geologydata/coal_maps/pdfs/KT26_B.pdf"}},{"type":"Feature","geometry":{"type":"Polygon","coordinates":[[[-120.950680178743,47.2121422383221],[-120.959716209088,47.2028104029999],[-120.985553960846,47.2142035834603],[-120.976521741949,47.2235359708537],[-120.950680178743,47.2121422383221]]]},"properties":{"MAP_ID":"KT26_C","MINE_ID":"KT26","MAP_TITLE":"N.W.I. Co. map of Roslyn No. 5 mine","MAP_DETAILS":"RR tracks, buildings, contours, mine workings","MAP_YEAR":1943,"RMS_ERROR":8.66759,"CONTROL_POINTS":4,"URL":"https://fortress.wa.gov/dnr/geologydata/coal_maps/coal_mine_zip_files/KT26_C.zip","TIFsize":227.6,"URL2":"https://fortress.wa.gov/dnr/geologydata/coal_maps/pdfs/KT26_C.pdf"}},{"type":"Feature","geometry":{"type":"Polygon","coordinates":[[[-120.953670282857,47.2079555446112],[-120.962284043983,47.1989216148108],[-120.986788636798,47.2097351158787],[-120.978176475547,47.2187715166957],[-120.953670282857,47.2079555446112]]]},"properties":{"MAP_ID":"KT26_D","MINE_ID":"KT26","MAP_TITLE":"Map of Roslyn No. 5 mine","MAP_DETAILS":"Roads, RR tracks, buildings, elevations, mine workings","MAP_YEAR":1944,"RMS_ERROR":4.95209,"CONTROL_POINTS":4,"URL":"https://fortress.wa.gov/dnr/geologydata/coal_maps/coal_mine_zip_files/KT26_D.zip","TIFsize":209.4,"URL2":"https://fortress.wa.gov/dnr/geologydata/coal_maps/pdfs/KT26_D.pdf"}},{"type":"Feature","geometry":{"type":"Polygon","coordinates":[[[-120.95101707972,47.2122326205431],[-120.96002465744,47.2029617266482],[-120.98562203941,47.2143773594577],[-120.976617762698,47.2236497143368],[-120.95101707972,47.2122326205431]]]},"properties":{"MAP_ID":"KT26_E","MINE_ID":"KT26","MAP_TITLE":"Map of Roslyn No. 5 mine","MAP_DETAILS":"RR tracks, buildings, elevations, contours, mine workings. Also shows Townsend mine","MAP_YEAR":1947,"RMS_ERROR":8.66132,"CONTROL_POINTS":4,"URL":"https://fortress.wa.gov/dnr/geologydata/coal_maps/coal_mine_zip_files/KT26_E.zip","TIFsize":222.3,"URL2":"https://fortress.wa.gov/dnr/geologydata/coal_maps/pdfs/KT26_E.pdf"}},{"type":"Feature","geometry":{"type":"Polygon","coordinates":[[[-120.952129060711,47.1974484525993],[-120.96493943902,47.1908509236941],[-120.994524879138,47.2173864710154],[-120.981711802562,47.2239864145795],[-120.952129060711,47.1974484525993]]]},"properties":{"MAP_ID":"KT26_H","MINE_ID":"KT26","MAP_TITLE":"N.W.I. Co. map of Roslyn No. 5 mine, New Rock slope","MAP_DETAILS":"Mine workings","MAP_YEAR":1940,"RMS_ERROR":13.3147,"CONTROL_POINTS":5,"URL":"https://fortress.wa.gov/dnr/geologydata/coal_maps/coal_mine_zip_files/KT26_H.zip","TIFsize":254.8,"URL2":"https://fortress.wa.gov/dnr/geologydata/coal_maps/pdfs/KT26_H.pdf"}},{"type":"Feature","geometry":{"type":"Polygon","coordinates":[[[-120.952112912914,47.197559560944],[-120.964949400957,47.1909463809746],[-120.994439653259,47.2172367871353],[-120.981600713641,47.2238526157965],[-120.952112912914,47.197559560944]]]},"properties":{"MAP_ID":"KT26_I","MINE_ID":"KT26","MAP_TITLE":"N.W.I. Co. map of Roslyn No. 5 mine, New Rock slope","MAP_DETAILS":"Mine workings","MAP_YEAR":1940,"RMS_ERROR":14.5061,"CONTROL_POINTS":4,"URL":"https://fortress.wa.gov/dnr/geologydata/coal_maps/coal_mine_zip_files/KT26_I.zip","TIFsize":257.8,"URL2":"https://fortress.wa.gov/dnr/geologydata/coal_maps/pdfs/KT26_I.pdf"}},{"type":"Feature","geometry":{"type":"Polygon","coordinates":[[[-120.946283611858,47.1922032116832],[-120.964255648281,47.1830841577226],[-120.999758818897,47.214797604914],[-120.981781688248,47.2239198114824],[-120.946283611858,47.1922032116832]]]},"properties":{"MAP_ID":"KT26_J","MINE_ID":"KT26","MAP_TITLE":"N.W.I. Co. map of Roslyn No. 5 mine, New Rock slope, and both annexes","MAP_DETAILS":"Mine workings","MAP_YEAR":1941,"RMS_ERROR":18.5208,"CONTROL_POINTS":4,"URL":"https://fortress.wa.gov/dnr/geologydata/coal_maps/coal_mine_zip_files/KT26_J.zip","TIFsize":467.4,"URL2":"https://fortress.wa.gov/dnr/geologydata/coal_maps/pdfs/KT26_J.pdf"}},{"type":"Feature","geometry":{"type":"Polygon","coordinates":[[[-120.951983228127,47.197489272233],[-120.964837605386,47.1908206912796],[-120.994517521501,47.2172759506496],[-120.981660004329,47.2239474021609],[-120.951983228127,47.197489272233]]]},"properties":{"MAP_ID":"KT26_K","MINE_ID":"KT26","MAP_TITLE":"Map of Roslyn No. 5 mine, New Rock slope","MAP_DETAILS":"Elevations, mine workings, columnar sections","MAP_YEAR":1947,"RMS_ERROR":15.1544,"CONTROL_POINTS":4,"URL":"https://fortress.wa.gov/dnr/geologydata/coal_maps/coal_mine_zip_files/KT26_K.zip","TIFsize":260.4,"URL2":"https://fortress.wa.gov/dnr/geologydata/coal_maps/pdfs/KT26_K.pdf"}},{"type":"Feature","geometry":{"type":"Polygon","coordinates":[[[-120.958487238729,47.1644615346295],[-120.989804588544,47.1642117083829],[-120.989283238792,47.179595987758],[-120.957960234662,47.1798493161977],[-120.958487238729,47.1644615346295]]]},"properties":{"MAP_ID":"KT27_A","MINE_ID":"KT27","MAP_TITLE":"Map showing Rothlisberger's coal explorations vicinity of south Cle Elum","MAP_DETAILS":"Mine tunnel. Profile along mine tunnel","MAP_YEAR":1930,"RMS_ERROR":1.72087,"CONTROL_POINTS":5,"URL":"https://fortress.wa.gov/dnr/geologydata/coal_maps/coal_mine_zip_files/KT27_A.zip","TIFsize":85.3,"URL2":"https://fortress.wa.gov/dnr/geologydata/coal_maps/pdfs/KT27_A.pdf"}},{"type":"Feature","geometry":{"type":"Polygon","coordinates":[[[-120.926564065201,47.1937663348052],[-120.935236297642,47.1847524409993],[-120.96713346715,47.1992593344543],[-120.958444640141,47.2082566375426],[-120.926564065201,47.1937663348052]]]},"properties":{"MAP_ID":"KT28_A","MINE_ID":"KT28","MAP_TITLE":"Map of Roslyn No. 7 mine","MAP_DETAILS":"Roads, RR tracks, buildings, streams, elevations, contours, mine workings","MAP_YEAR":1932,"RMS_ERROR":14.948,"CONTROL_POINTS":5,"URL":"https://fortress.wa.gov/dnr/geologydata/coal_maps/coal_mine_zip_files/KT28_A.zip","TIFsize":260,"URL2":"https://fortress.wa.gov/dnr/geologydata/coal_maps/pdfs/KT28_A.pdf"}},{"type":"Feature","geometry":{"type":"Polygon","coordinates":[[[-120.921195097005,47.2124978147986],[-120.926327002864,47.2079152407441],[-120.959582061373,47.225078775397],[-120.954460995736,47.2296618233444],[-120.921195097005,47.2124978147986]]]},"properties":{"MAP_ID":"KT28_C","MINE_ID":"KT28","MAP_TITLE":"Roslyn No. 7 hill workings","MAP_DETAILS":"Streams, elevations, contours, mine workings","MAP_YEAR":1931,"RMS_ERROR":-9999,"CONTROL_POINTS":3,"URL":"https://fortress.wa.gov/dnr/geologydata/coal_maps/coal_mine_zip_files/KT28_C.zip","TIFsize":106.1,"URL2":"https://fortress.wa.gov/dnr/geologydata/coal_maps/pdfs/KT28_C.pdf"}},{"type":"Feature","geometry":{"type":"Polygon","coordinates":[[[-120.926979824023,47.2095470684927],[-120.936752190274,47.2007433804234],[-120.968416325199,47.2170235662781],[-120.958643301351,47.2258283606487],[-120.926979824023,47.2095470684927]]]},"properties":{"MAP_ID":"KT28_D","MINE_ID":"KT28","MAP_TITLE":"Map of Roslyn No. 7 mine, hill workings","MAP_DETAILS":"Elevations, contours, mine workings. Mine finished Aug. 20, 1936","MAP_YEAR":1946,"RMS_ERROR":10.3227,"CONTROL_POINTS":5,"URL":"https://fortress.wa.gov/dnr/geologydata/coal_maps/coal_mine_zip_files/KT28_D.zip","TIFsize":258.1,"URL2":"https://fortress.wa.gov/dnr/geologydata/coal_maps/pdfs/KT28_D.pdf"}},{"type":"Feature","geometry":{"type":"Polygon","coordinates":[[[-120.9304768146,47.2222227935241],[-120.930497317216,47.2166246660522],[-120.942802322811,47.2166629623401],[-120.942778104569,47.2222588086181],[-120.9304768146,47.2222227935241]]]},"properties":{"MAP_ID":"KT29_A","MINE_ID":"KT29","MAP_TITLE":"Summit mine","MAP_DETAILS":"Buildings, elevations, mine workings","MAP_YEAR":1910,"RMS_ERROR":3.34418,"CONTROL_POINTS":4,"URL":"https://fortress.wa.gov/dnr/geologydata/coal_maps/coal_mine_zip_files/KT29_A.zip","TIFsize":190.1,"URL2":"https://fortress.wa.gov/dnr/geologydata/coal_maps/pdfs/KT29_A.pdf"}},{"type":"Feature","geometry":{"type":"Polygon","coordinates":[[[-120.928587661794,47.2226390356336],[-120.93327435112,47.2150493361065],[-120.946173845845,47.2186604686215],[-120.941490941684,47.2262500356728],[-120.928587661794,47.2226390356336]]]},"properties":{"MAP_ID":"KT29_B","MINE_ID":"KT29","MAP_TITLE":"Summit mine","MAP_DETAILS":"Buildings, elevations, contours, mine workings","MAP_YEAR":1918,"RMS_ERROR":1.77853,"CONTROL_POINTS":4,"URL":"https://fortress.wa.gov/dnr/geologydata/coal_maps/coal_mine_zip_files/KT29_B.zip","TIFsize":178,"URL2":"https://fortress.wa.gov/dnr/geologydata/coal_maps/pdfs/KT29_B.pdf"}},{"type":"Feature","geometry":{"type":"Polygon","coordinates":[[[-120.896830132117,47.1977617497328],[-120.904986418756,47.1892973022543],[-120.958016705393,47.2132757605783],[-120.949881308325,47.2217344893848],[-120.896830132117,47.1977617497328]]]},"properties":{"MAP_ID":"KT30_A","MINE_ID":"KT30","MAP_TITLE":"Working map of Cle Elum Nos. 1 and 2 mines","MAP_DETAILS":"RR tracks, buildings, streams, elevations, contours, mine workings. Also shows No. 3 mine","MAP_YEAR":1919,"RMS_ERROR":5.39411,"CONTROL_POINTS":4,"URL":"https://fortress.wa.gov/dnr/geologydata/coal_maps/coal_mine_zip_files/KT30_A.zip","TIFsize":314.4,"URL2":"https://fortress.wa.gov/dnr/geologydata/coal_maps/pdfs/KT30_A.pdf"}},{"type":"Feature","geometry":{"type":"Polygon","coordinates":[[[-120.92004556189,47.1981841254755],[-120.929003088277,47.1888479219766],[-120.947325401253,47.1972843229719],[-120.938367662898,47.2066239284655],[-120.92004556189,47.1981841254755]]]},"properties":{"MAP_ID":"KT30_B","MINE_ID":"KT30","MAP_TITLE":"Working map of Cle Elum Nos. 1 and 3 mines","MAP_DETAILS":"Roads, RR tracks, buildings, streams, elevations, contours, mine workings. Cle Elum plat overlain","MAP_YEAR":1919,"RMS_ERROR":10.5239,"CONTROL_POINTS":5,"URL":"https://fortress.wa.gov/dnr/geologydata/coal_maps/coal_mine_zip_files/KT30_B.zip","TIFsize":173.5,"URL2":"https://fortress.wa.gov/dnr/geologydata/coal_maps/pdfs/KT30_B.pdf"}},{"type":"Feature","geometry":{"type":"Polygon","coordinates":[[[-120.917516279615,47.2116489046842],[-120.920614059844,47.2084098684761],[-120.939679264442,47.2168735606168],[-120.936584574445,47.2201152107603],[-120.917516279615,47.2116489046842]]]},"properties":{"MAP_ID":"KT30_C","MINE_ID":"KT30","MAP_TITLE":"Northern portion of Cle Elum Nos. 2 and 3 extension","MAP_DETAILS":"RR tracks, buildings, streams, elevations, contours, mine workings","MAP_YEAR":1937,"RMS_ERROR":-9999,"CONTROL_POINTS":2,"URL":"https://fortress.wa.gov/dnr/geologydata/coal_maps/coal_mine_zip_files/KT30_C.zip","TIFsize":54.4,"URL2":"https://fortress.wa.gov/dnr/geologydata/coal_maps/pdfs/KT30_C.pdf"}},{"type":"Feature","geometry":{"type":"Polygon","coordinates":[[[-120.914939116662,47.2156186658184],[-120.915211541647,47.1970283645971],[-120.924149468784,47.1970478219839],[-120.923883306384,47.2156335469262],[-120.914939116662,47.2156186658184]]]},"properties":{"MAP_ID":"KT31_A","MINE_ID":"KT31","MAP_TITLE":"American Canadian Fuel Co.'s property ","MAP_DETAILS":"RR tracks, buildings, elevations, contours, mine workings","MAP_YEAR":1912,"RMS_ERROR":3.64904,"CONTROL_POINTS":4,"URL":"https://fortress.wa.gov/dnr/geologydata/coal_maps/coal_mine_zip_files/KT31_A.zip","TIFsize":43.3,"URL2":"https://fortress.wa.gov/dnr/geologydata/coal_maps/pdfs/KT31_A.pdf"}},{"type":"Feature","geometry":{"type":"Polygon","coordinates":[[[-120.909074045819,47.199023181635],[-120.909093685135,47.1878652615713],[-120.93231132349,47.1879443151328],[-120.932296243423,47.1991056792952],[-120.909074045819,47.199023181635]]]},"properties":{"MAP_ID":"KT32_A","MINE_ID":"KT32","MAP_TITLE":"Map of Independent Coal and Coke Co.'s mine No. 1","MAP_DETAILS":"Roads, RR tracks, buildings, elevations, contours, mine workings. City of Cle Elum plat overlain","MAP_YEAR":1923,"RMS_ERROR":0.843724,"CONTROL_POINTS":4,"URL":"https://fortress.wa.gov/dnr/geologydata/coal_maps/coal_mine_zip_files/KT32_A.zip","TIFsize":184.9,"URL2":"https://fortress.wa.gov/dnr/geologydata/coal_maps/pdfs/KT32_A.pdf"}},{"type":"Feature","geometry":{"type":"Polygon","coordinates":[[[-120.909173180478,47.199007836228],[-120.909131640619,47.1878771531468],[-120.932587871697,47.1878995504387],[-120.932634965492,47.1990302400782],[-120.909173180478,47.199007836228]]]},"properties":{"MAP_ID":"KT32_B","MINE_ID":"KT32","MAP_TITLE":"Map of Independent Coal and Coke Co.'s mine No. 1","MAP_DETAILS":"Roads, RR tracks, buildings, elevations, contours, mine workings","MAP_YEAR":1924,"RMS_ERROR":2.82653,"CONTROL_POINTS":4,"URL":"https://fortress.wa.gov/dnr/geologydata/coal_maps/coal_mine_zip_files/KT32_B.zip","TIFsize":187,"URL2":"https://fortress.wa.gov/dnr/geologydata/coal_maps/pdfs/KT32_B.pdf"}},{"type":"Feature","geometry":{"type":"Polygon","coordinates":[[[-120.909131008865,47.1990466835887],[-120.90920857891,47.1878852395207],[-120.932663736903,47.1879908187657],[-120.932590397421,47.1991518691092],[-120.909131008865,47.1990466835887]]]},"properties":{"MAP_ID":"KT32_C","MINE_ID":"KT32","MAP_TITLE":"Map of the Independent Coal and Coke Co.'s mine No. 1","MAP_DETAILS":"Roads, RR tracks, buildings, elevations, contours, mine workings","MAP_YEAR":1925,"RMS_ERROR":4.10362,"CONTROL_POINTS":4,"URL":"https://fortress.wa.gov/dnr/geologydata/coal_maps/coal_mine_zip_files/KT32_C.zip","TIFsize":187,"URL2":"https://fortress.wa.gov/dnr/geologydata/coal_maps/pdfs/KT32_C.pdf"}},{"type":"Feature","geometry":{"type":"Polygon","coordinates":[[[-120.909126686626,47.1989878764859],[-120.909055291454,47.1878628974984],[-120.932594268508,47.18791691346],[-120.932669780843,47.1990409491859],[-120.909126686626,47.1989878764859]]]},"properties":{"MAP_ID":"KT32_D","MINE_ID":"KT32","MAP_TITLE":"Map of the Independent Coal and Coke Co.'s mine No. 1","MAP_DETAILS":"Roads, RR tracks, buildings, elevations, contours, mine workings","MAP_YEAR":1926,"RMS_ERROR":5.97917,"CONTROL_POINTS":4,"URL":"https://fortress.wa.gov/dnr/geologydata/coal_maps/coal_mine_zip_files/KT32_D.zip","TIFsize":187,"URL2":"https://fortress.wa.gov/dnr/geologydata/coal_maps/pdfs/KT32_D.pdf"}},{"type":"Feature","geometry":{"type":"Polygon","coordinates":[[[-120.909038646074,47.1990130971708],[-120.909036144649,47.1878199624933],[-120.932625317084,47.1878937902324],[-120.93263618923,47.199083438635],[-120.909038646074,47.1990130971708]]]},"properties":{"MAP_ID":"KT32_E","MINE_ID":"KT32","MAP_TITLE":"Map of the Independent Coal and Coke Co.'s mine No. 1","MAP_DETAILS":"Roads, RR tracks, buildings, elevations, contours, mine workings","MAP_YEAR":1926,"RMS_ERROR":2.14625,"CONTROL_POINTS":4,"URL":"https://fortress.wa.gov/dnr/geologydata/coal_maps/coal_mine_zip_files/KT32_E.zip","TIFsize":187,"URL2":"https://fortress.wa.gov/dnr/geologydata/coal_maps/pdfs/KT32_E.pdf"}},{"type":"Feature","geometry":{"type":"Polygon","coordinates":[[[-120.909149550441,47.198985402945],[-120.909156107481,47.1878780534302],[-120.93260770555,47.1879392677188],[-120.932605697434,47.1990467909324],[-120.909149550441,47.198985402945]]]},"properties":{"MAP_ID":"KT32_F","MINE_ID":"KT32","MAP_TITLE":"Map of Independent Coal and Coke Co.'s mine No. 1","MAP_DETAILS":"Roads, RR tracks, buildings, elevations, contours, mine workings","MAP_YEAR":1926,"RMS_ERROR":1.48192,"CONTROL_POINTS":4,"URL":"https://fortress.wa.gov/dnr/geologydata/coal_maps/coal_mine_zip_files/KT32_F.zip","TIFsize":187,"URL2":"https://fortress.wa.gov/dnr/geologydata/coal_maps/pdfs/KT32_F.pdf"}},{"type":"Feature","geometry":{"type":"Polygon","coordinates":[[[-121.036386808265,47.2522333843166],[-121.036355011879,47.2465897891597],[-121.051019915262,47.2467880156144],[-121.051061627781,47.2524288534592],[-121.036386808265,47.2522333843166]]]},"properties":{"MAP_ID":"KT7_C","MINE_ID":"KT7","MAP_TITLE":"Mine No. 4, No. 6 seam","MAP_DETAILS":"Buildings, mine workings. Extension of Roslyn Fuel Co. mine No. 3, No. 6 seam","MAP_YEAR":1945,"RMS_ERROR":1.50178,"CONTROL_POINTS":4,"URL":"https://fortress.wa.gov/dnr/geologydata/coal_maps/coal_mine_zip_files/KT7_C.zip","TIFsize":155.3,"URL2":"https://fortress.wa.gov/dnr/geologydata/coal_maps/pdfs/KT7_C.pdf"}}]}