{"type":"FeatureCollection","features":[{"type":"Feature","id":1,"geometry":{"type":"Polygon","coordinates":[[[-121.98912478897282,47.561393745252346],[-121.98950805841768,47.561324044870219],[-121.99024222100286,47.561140500399546],[-121.99069180328311,47.560933458785613],[-121.99119156419353,47.560660575393385],[-121.9919377599427,47.560791047488138],[-121.99226312230628,47.560781647073711],[-121.99266206624534,47.560734097195443],[-121.99283351811054,47.56067986779437],[-121.99324477817797,47.560935329468201],[-121.99361955326627,47.560871100412221],[-121.99417346723881,47.560802299255037],[-121.99443214020171,47.560935760774981],[-121.99478726080221,47.561102810560975],[-121.99535430256621,47.561281961689907],[-121.99591129289453,47.560965242327498],[-121.99605978091203,47.560789704155816],[-121.99623363047974,47.560548190780587],[-121.99594481048817,47.560243804982527],[-121.99629860532949,47.559920596029265],[-121.99657058042237,47.559652072215378],[-121.99676873016043,47.559410693157993],[-121.99662677482318,47.559084971768542],[-121.99607767151822,47.558801285140994],[-121.99579430014543,47.558695196435863],[-121.99544505838648,47.558654898276771],[-121.99520640936669,47.558873984045206],[-121.99489471930886,47.559087259974881],[-121.99515914688961,47.55875262679141],[-121.99527773665801,47.558417216219553],[-121.99554082448455,47.558181643461793],[-121.99589368907318,47.557908011499158],[-121.99569610244706,47.557493875438979],[-121.99571405049875,47.557345250626184],[-121.99641240865942,47.557398298419599],[-121.99690015265018,47.557406245644749],[-121.99764139044947,47.55731631424225],[-121.99687091318178,47.557797208275879],[-121.99688192172064,47.558199370491835],[-121.99688669288116,47.558458293367771],[-121.99753764769098,47.558428493386728],[-121.99816418718802,47.558371052941936],[-121.99902827577975,47.55820458567748],[-121.99949424802507,47.558008606649011],[-121.99965731447173,47.557331851609412],[-121.9997052360231,47.556781284982115],[-121.99948999863028,47.556416647741521],[-121.99899760470356,47.556155271191699],[-121.99864731136174,47.556203115446927],[-121.99819541776729,47.555963984062451],[-121.99753706365,47.555933157596527],[-121.99701627062737,47.555963637987212],[-121.99657473459618,47.556165224360669],[-121.99652400009373,47.556319199596054],[-121.99652265639919,47.556440409346052],[-121.99570733552797,47.556590552626176],[-121.99545013524926,47.556363427326595],[-121.99519185014192,47.556246456312145],[-121.9946098566855,47.555984605849176],[-121.99425320736434,47.55588367362261],[-121.99392947185545,47.55578291970911],[-121.99314652811792,47.555977268382371],[-121.99289870518582,47.556284479486656],[-121.99251733654351,47.556232976436846],[-121.99193120275076,47.556285132122227],[-121.99117998804893,47.556518173257928],[-121.99113450267339,47.556909041724026],[-121.9911765168083,47.55743255570755],[-121.99107354980747,47.557834121354709],[-121.99099353044301,47.558357035667001],[-121.99089970850123,47.55871459529498],[-121.99027658771375,47.559086028663209],[-121.98949208132088,47.559418099057005],[-121.98875591403669,47.55976136916825],[-121.98796251618512,47.560104357508443],[-121.98797464495188,47.560445931173284],[-121.98831054796965,47.560866297204598],[-121.98859202856565,47.561115597821932],[-121.98884897818094,47.561331730040536],[-121.98912478897282,47.561393745252346]]]},"properties":{"OBJECTID":1,"HAZARD":"COL","EDIT_DATE":709948800000,"Shape.STArea()":3188861.6583125,"Shape.STLength()":10917.12813338309}},{"type":"Feature","id":2,"geometry":{"type":"Polygon","coordinates":[[[-122.12597262129374,47.542687932030177],[-122.12605382200994,47.542757740623884],[-122.12692342123117,47.54287996832835],[-122.12776439959651,47.542990950179295],[-122.128862053446,47.542961091714062],[-122.1298913163707,47.542827254846706],[-122.13097634207527,47.54261569758836],[-122.13215402514119,47.542243186286264],[-122.14847998381319,47.546455732199682],[-122.14775483224916,47.54764930388361],[-122.14859598857855,47.548063151151688],[-122.14953551349285,47.548222315878583],[-122.15101822049151,47.548281137984532],[-122.15156968053331,47.548208164499322],[-122.15255097381001,47.54777726875988],[-122.15290077857345,47.547177874003793],[-122.15311438080262,47.546337744847449],[-122.15340642755878,47.545716998899231],[-122.15375146198791,47.544930308428334],[-122.15408219883071,47.544518523304276],[-122.15460648390422,47.544633201390148],[-122.1550828587263,47.544814667549055],[-122.15540879652775,47.544832597640628],[-122.16173623898774,47.54505133854682],[-122.16230820246957,47.544851347561718],[-122.16236215580879,47.544426407497518],[-122.16247582109223,47.543802367854653],[-122.16280119500834,47.543500764096393],[-122.16292646432463,47.543014368691502],[-122.16282725743129,47.542657453524356],[-122.16269572451809,47.542323024382213],[-122.16312093954497,47.54178877757289],[-122.16323936927252,47.541351985994112],[-122.16319838186175,47.541054969374969],[-122.15674938787903,47.53778544011179],[-122.15706522453108,47.536530814442834],[-122.15130352070923,47.53398523635434],[-122.14528589530049,47.531905277053369],[-122.14425081665534,47.533367127294213],[-122.13627261589315,47.532159455799736],[-122.13409298200369,47.531855532702259],[-122.12965777015948,47.531772042694051],[-122.12772471181457,47.531878265134715],[-122.12709736743099,47.532150385523359],[-122.12621238919677,47.531809029752715],[-122.12562854349476,47.531713150271514],[-122.12439041705419,47.5311905471766],[-122.12427776567327,47.531096459206104],[-122.12361353626007,47.530901105426047],[-122.12352541372088,47.530796116139683],[-122.12338029572064,47.530657843220631],[-122.1229195849579,47.530424700072857],[-122.12234870485072,47.529849601655975],[-122.1219863040446,47.529539682851059],[-122.12151922850383,47.529130270876493],[-122.1211716089757,47.528947119867638],[-122.12084541414585,47.529078059123329],[-122.12034043175835,47.52920275061453],[-122.11953369856538,47.529403433710641],[-122.11911453801713,47.529109826562568],[-122.11864476371495,47.5289592418616],[-122.11783562006848,47.528631054633969],[-122.11707367389332,47.528451807174037],[-122.11677186282944,47.528566304015953],[-122.11647671192975,47.528807495315569],[-122.11609938350422,47.529164045737545],[-122.11353646127432,47.528696674995295],[-122.11320540408794,47.528486067364703],[-122.11284196010195,47.528275310817513],[-122.11238844046572,47.528146792432267],[-122.11166028866229,47.527879473650835],[-122.11126990409049,47.527910982590107],[-122.11098404106899,47.528036512516152],[-122.11061673288542,47.528183776400496],[-122.10994314460386,47.528098466417887],[-122.10898629264172,47.527934891642474],[-122.10811133153943,47.527705525675501],[-122.10789406528217,47.527511834770834],[-122.10779751213907,47.527412327027399],[-122.10711604483664,47.527293884820637],[-122.10673487783683,47.527226227641599],[-122.10586694711931,47.527118096175002],[-122.10514497090465,47.52697743444579],[-122.10417039268481,47.526956978824714],[-122.10383580099735,47.527076778764446],[-122.10284691103658,47.526863515827984],[-122.10082805602237,47.526453141781069],[-122.10108443193705,47.526030046681811],[-122.10088194949799,47.525985137734502],[-122.10042845103665,47.525834595893649],[-122.10017625696807,47.525888648357508],[-122.09998770484655,47.526042109835551],[-122.09983763771582,47.526405023354577],[-122.09336910522359,47.525056324515191],[-122.0934928721702,47.524880544774874],[-122.0936195671336,47.524407366787557],[-122.09352477730309,47.524170134287644],[-122.09272340279574,47.523902392145281],[-122.09188075323735,47.523706091172443],[-122.09095524914356,47.523619605137021],[-122.09019826928312,47.523765160550276],[-122.08971559908183,47.524060579902923],[-122.08939238559809,47.524632104977179],[-122.08710552336311,47.524220383227593],[-122.08429230883584,47.52369625564188],[-122.08144696328142,47.523116804534915],[-122.07773280238803,47.522489482254137],[-122.07591620057241,47.522206263987862],[-122.07398003200073,47.521724167873309],[-122.07084841853836,47.521352532872619],[-122.06861269297319,47.520758879347056],[-122.0683476150037,47.520504329766531],[-122.06818183237164,47.520062937521693],[-122.06793926335214,47.51926319802115],[-122.0677789993335,47.519097259527385],[-122.06738101692318,47.519062471413946],[-122.05444014257807,47.513507610971686],[-122.05416608369886,47.513297036523831],[-122.05371369253035,47.513096688209579],[-122.05307314878877,47.513005677074894],[-122.05253673726695,47.512997771056547],[-122.05195115760806,47.513072214643167],[-122.05140961683725,47.513515987910061],[-122.05114566123896,47.513867332976616],[-122.0511155072319,47.514373952541312],[-122.05130405907224,47.514909116612301],[-122.05146230581488,47.515251347174853],[-122.05135818381322,47.515818268852726],[-122.05122155699912,47.516401515608713],[-122.05096064987583,47.517143966586602],[-122.051276316867,47.517944153845484],[-122.05160388086678,47.518430357604323],[-122.05103318815935,47.518559988292182],[-122.0506837011318,47.518607990194873],[-122.04967751887756,47.51850425341825],[-122.04871870901562,47.518566010715176],[-122.04823033914019,47.518646421570367],[-122.04654257692252,47.518451411485145],[-122.04578066016691,47.518321256758469],[-122.04485520673597,47.518250932485337],[-122.04424675259719,47.518193028496064],[-122.04371975776299,47.518113519565127],[-122.04323236823483,47.518083712507753],[-122.04253486196144,47.518003401199358],[-122.04186189000055,47.517890136510871],[-122.04130264175213,47.517793908152157],[-122.04072782060439,47.51761499000208],[-122.0403221507103,47.517574573856066],[-122.0397350043276,47.517759117861559],[-122.03912281845137,47.517998673416471],[-122.03868985931396,47.5181784439295],[-122.03783303281472,47.518493932009463],[-122.03694990828102,47.51898559956777],[-122.03615719954895,47.519361998719347],[-122.03558646406591,47.519557613306851],[-122.03558407989013,47.519739413396195],[-122.0358486187443,47.520043568983084],[-122.03607167484429,47.520391645835538],[-122.03627069735862,47.520728584499466],[-122.03640094430419,47.52139569543111],[-122.03637289539489,47.521693009087087],[-122.03613509011257,47.521868177332422],[-122.03568401581529,47.522207628011415],[-122.0353474180643,47.522509020954679],[-122.03510050533866,47.522772276747865],[-122.034989597605,47.523184896598394],[-122.03478115463243,47.523646612089301],[-122.03461155509756,47.524213180601755],[-122.03417626710903,47.524602235893198],[-122.03355071913123,47.52527686744051],[-122.03311428002726,47.525748530867283],[-122.03304497049496,47.526100772986851],[-122.03337950401117,47.526653144847501],[-122.03361155245459,47.526973713427161],[-122.03389432369171,47.52710173553892],[-122.0342183341474,47.527152804937629],[-122.03393179081635,47.52736630961563],[-122.03354014336185,47.528135630812329],[-122.03364935413552,47.528527243530206],[-122.0337999346321,47.528847474319264],[-122.03424949389637,47.529295725012815],[-122.03478926730924,47.529683856941467],[-122.03557982213775,47.530128194538804],[-122.03600662292679,47.5304662358581],[-122.03641113620399,47.530605811440573],[-122.03669543876843,47.530623665974694],[-122.0370806721,47.5303665666559],[-122.03763357638063,47.530336072129842],[-122.03848747545342,47.530279422554095],[-122.03893510415526,47.530204414276014],[-122.03944041752688,47.530085564213657],[-122.03993663051173,47.53003274128271],[-122.04039185465047,47.530001817424015],[-122.04123802650894,47.52993961665625],[-122.04179988685567,47.529815526620581],[-122.04227453376443,47.529531282035236],[-122.04247286320681,47.529289817965278],[-122.0425244270405,47.529047689269909],[-122.04266493754822,47.528822476840681],[-122.04299294671456,47.52858713030674],[-122.0435808198297,47.528341943750704],[-122.04427247388288,47.52825146352064],[-122.04488463491523,47.52802841748661],[-122.04528427272008,47.527914566817465],[-122.04593580387323,47.52779635672325],[-122.04730203197944,47.527686959400064],[-122.04787845254745,47.527711600502094],[-122.0486086297077,47.527841613348208],[-122.04921081495996,47.527734194090648],[-122.04979779816587,47.527582593443157],[-122.05060426647958,47.527382454831603],[-122.05107723985599,47.527202808114986],[-122.05226640042976,47.526987845405124],[-122.05377934128713,47.526856961189168],[-122.05456777546844,47.526838461856094],[-122.05517609411103,47.526907321709324],[-122.05617496564398,47.526972405748936],[-122.05839037072472,47.527191619131088],[-122.05975438457413,47.52726931107361],[-122.06171853424338,47.52745428587329],[-122.06446898714789,47.52780798823413],[-122.06660408107454,47.527966092118668],[-122.06860806567583,47.528228271932811],[-122.07034575346481,47.528334977490751],[-122.07195350051533,47.528424606912388],[-122.07398253432579,47.528631711235896],[-122.07514357647894,47.528746865514421],[-122.07693243685793,47.528600362299827],[-122.07716485714163,47.528182726614844],[-122.07750206961126,47.527809570002006],[-122.07774116112579,47.527502134467113],[-122.0776060641835,47.527248194343287],[-122.07780103049075,47.527254498299193],[-122.07841727898978,47.5273783269866],[-122.0786182205392,47.527549974433875],[-122.07888057441843,47.527369305902823],[-122.07903525856688,47.527320400758327],[-122.07944904131858,47.527399275609291],[-122.08004859507058,47.527523020887926],[-122.08095513362274,47.52782983823532],[-122.08222735593077,47.528171272912978],[-122.08358851043165,47.528485538432548],[-122.08463500185054,47.528655237595949],[-122.08538955208414,47.528763066928974],[-122.0865332223816,47.528933133681086],[-122.08730410849702,47.52904655551221],[-122.08882814369203,47.529355920296894],[-122.09013279412397,47.529653338234816],[-122.09167460561831,47.529880083966027],[-122.09240452389041,47.529993324732246],[-122.09349989893417,47.530152119201198],[-122.09467657374469,47.530261631491541],[-122.09549778035985,47.530215452707132],[-122.09519591176469,47.530329894975168],[-122.09474676947266,47.530548360885035],[-122.09410218941238,47.530804596886149],[-122.09369429869209,47.530929594166679],[-122.09325209732168,47.531247240576889],[-122.092825260236,47.531614539953765],[-122.09251985570869,47.532064935730375],[-122.09234449314444,47.532493879656421],[-122.09265106482485,47.532698948475399],[-122.09298377261734,47.532749927642023],[-122.09350971294455,47.532922873142873],[-122.09383331313902,47.533078440385871],[-122.09447964110892,47.533395106702791],[-122.09536884498024,47.533855978185812],[-122.09603242227142,47.534090059598022],[-122.0966724786614,47.534230448843765],[-122.09704545157152,47.534292577618821],[-122.0974179755092,47.534398749957035],[-122.09826860215618,47.5346446194702],[-122.09902237247938,47.534840538308764],[-122.09986639097797,47.534959658464125],[-122.10079218563536,47.535007514992117],[-122.10094443101106,47.535211928041925],[-122.10111332016821,47.535372326508664],[-122.10141836793086,47.535720610518574],[-122.10177232185015,47.536019506999878],[-122.10217530418399,47.536357184265086],[-122.10312097559252,47.536845768839385],[-122.1040664991185,47.537306799872454],[-122.10527945608398,47.537879086342777],[-122.10619523567956,47.53813616393726],[-122.10711787010433,47.538486940246806],[-122.10795315696852,47.53863900149971],[-122.10871508653398,47.538812827890943],[-122.10970203409245,47.539246444846604],[-122.11128393531693,47.539544707417242],[-122.11198015461707,47.539762353344756],[-122.11304218987257,47.540036493372014],[-122.11408033826363,47.54024440517469],[-122.11522937714831,47.540700652112868],[-122.11643123971436,47.540793549685596],[-122.11763200737134,47.540985584895658],[-122.11920553771925,47.541289231663718],[-122.12051225899432,47.541487106301275],[-122.12193181793296,47.541724041528646],[-122.12318205952761,47.54188863652908],[-122.12470767267932,47.54211490973654],[-122.12597262129374,47.542687932030177]],[[-122.14825721780338,47.545130633565485],[-122.13688467498716,47.542405629919564],[-122.13788271859593,47.542299711146562],[-122.13888968191112,47.542226712595507],[-122.13955563889604,47.542179988026277],[-122.14062409821167,47.541996076218346],[-122.14139565183028,47.541639449765114],[-122.14212069403685,47.541366038016797],[-122.14307486071807,47.541166926660829],[-122.14298790672737,47.541553720793715],[-122.14251418695514,47.54209950125405],[-122.14216609567691,47.542770475161575],[-122.14245845571681,47.543064388700245],[-122.14286870810574,47.543175035232316],[-122.1440734096202,47.54321529922219],[-122.14485137164991,47.543415093998846],[-122.14531242954482,47.543613272562261],[-122.14641397214071,47.543737428348322],[-122.14759445057304,47.544080957970678],[-122.14829133524317,47.544276224439379],[-122.14844720917297,47.544615874088862],[-122.14825721780338,47.545130633565485]]]},"properties":{"OBJECTID":2,"HAZARD":"COL","EDIT_DATE":709948800000,"Shape.STArea()":112383103.43625,"Shape.STLength()":89629.424406013277}},{"type":"Feature","id":3,"geometry":{"type":"Polygon","coordinates":[[[-122.00113375379578,47.548685525232067],[-122.0013538954131,47.548615019547611],[-122.00186038591633,47.548446760840896],[-122.00262496794684,47.547756486121322],[-122.00303117773775,47.547158063201422],[-122.00341311274619,47.546493440913821],[-122.00391286773571,47.545576001693306],[-122.00421858749817,47.545169847633169],[-122.00462648942538,47.544400723545067],[-122.00496055126553,47.543724851337664],[-122.00528481992463,47.543131547202101],[-122.00559286071953,47.542582193420522],[-122.00587294055893,47.542275091969842],[-122.00602553587352,47.541791128852061],[-122.0061044702686,47.54131778250202],[-122.00617187601082,47.541141824871012],[-122.00668640840776,47.540907528433102],[-122.00702785263047,47.540876156656751],[-122.00744609545856,47.540591743806878],[-122.00782424085561,47.540257618001689],[-122.00815247832666,47.540022328208579],[-122.00809762717778,47.539856801811119],[-122.00791360396083,47.53961905329038],[-122.00761437263178,47.539501889956675],[-122.00761660819144,47.539309125766799],[-122.00753080669591,47.539027778574734],[-122.00746890144795,47.538796134736366],[-122.0076330849252,47.538670286268314],[-122.00787172062493,47.538434552185272],[-122.0081761857746,47.538133103983355],[-122.00841638221554,47.537787249647266],[-122.0090605544565,47.537603098048685],[-122.00941084701151,47.537538725579537],[-122.00977198784624,47.537237541806853],[-122.00989201306854,47.536747872693873],[-122.00992700673004,47.536571776644884],[-122.00994503962987,47.536406609594245],[-122.00964804110917,47.536118709707395],[-122.00921338302169,47.535808113986938],[-122.00879402928825,47.535525119182822],[-122.00843042514845,47.535380136698983],[-122.00800022240934,47.535333949061119],[-122.00822735886412,47.534723604092804],[-122.00832336639807,47.534200808996751],[-122.00859189951628,47.533519049622264],[-122.00876965256268,47.532963578841532],[-122.00892285130062,47.532419027443709],[-122.00872435174664,47.532054492595918],[-122.00821202536478,47.532090551714234],[-122.00774605970406,47.53229757752225],[-122.00762080125622,47.532577895275445],[-122.00760759331958,47.532979920950311],[-122.00725248444526,47.533413325329612],[-122.00689854583641,47.533764122148504],[-122.00656157323689,47.534081967035924],[-122.00594081099551,47.534337835757491],[-122.00495500507091,47.534564308901771],[-122.00400331509582,47.534620213161986],[-122.00304937089506,47.534868876292677],[-122.0026566149852,47.535092776124181],[-122.00196164140424,47.535403323295277],[-122.00092736939335,47.535568955483186],[-122.00030071186346,47.535653962154491],[-121.99915227388705,47.535852064664077],[-121.99850583292132,47.536206904520874],[-121.99780867055009,47.536715672658083],[-121.99736052314083,47.537429492581857],[-121.99688010689971,47.538126674736993],[-121.9964672365023,47.538653431944468],[-121.99614888377955,47.539378982852838],[-121.99609177149257,47.540017637312751],[-121.99661450128271,47.540466440130018],[-121.99705762030372,47.540749622837772],[-121.9974278507237,47.541032393486965],[-121.99764275004088,47.541408045664909],[-121.99782819602365,47.54214159106197],[-121.99802823068968,47.543029386008975],[-121.99810895452656,47.543674297833228],[-121.99817424678713,47.544308098964329],[-121.99830035442838,47.544628198108072],[-121.99838306657024,47.54513539865961],[-121.99871323265836,47.545390428827069],[-121.99908511667884,47.545518992068686],[-121.99940281522511,47.545465481078118],[-121.99962332794358,47.545389447339367],[-121.99987689482261,47.545275028583163],[-122.00004910485166,47.545777155594926],[-122.00010686846944,47.546344843206924],[-121.99980256832393,47.546635258765832],[-121.99942631087175,47.547465174021688],[-121.99944543722985,47.5478673790236],[-121.99976210701098,47.548513425033647],[-122.00020741214054,47.548664366709147],[-122.00063759520064,47.548705101494505],[-122.00113375379578,47.548685525232067]]]},"properties":{"OBJECTID":3,"HAZARD":"COL","EDIT_DATE":709948800000,"Shape.STArea()":10189275.1805625,"Shape.STLength()":16045.236335628666}},{"type":"Feature","id":4,"geometry":{"type":"Polygon","coordinates":[[[-122.03106083808042,47.541553507259266],[-122.03064473982515,47.541661738516616],[-122.03029166142079,47.541957503246138],[-122.0298747981757,47.542164875793269],[-122.02941756053052,47.542355488712595],[-122.02864279797195,47.542561180403325],[-122.02828388873364,47.542647596100139],[-122.02798243617022,47.542701275259837],[-122.02771083906428,47.54297544151369],[-122.02772119146591,47.543471215902308],[-122.02766169862518,47.543702283050024],[-122.02838509535223,47.543661647759869],[-122.02899611084115,47.543554374013716],[-122.02963192842027,47.543425156284691],[-122.03065791239207,47.543270235895903],[-122.03098303231243,47.543255242355009],[-122.03126145072324,47.543102321924614],[-122.03141406430235,47.542563230621965],[-122.03141608526245,47.542408981712057],[-122.03121713837984,47.542077560708172],[-122.03116119995796,47.541978117621483],[-122.03117233284698,47.541735820452374],[-122.03116600202995,47.541570519554313],[-122.03106083808042,47.541553507259266]]]},"properties":{"OBJECTID":4,"HAZARD":"COL","EDIT_DATE":709948800000,"Shape.STArea()":395860.53706250002,"Shape.STLength()":2801.6867933660824}},{"type":"Feature","id":5,"geometry":{"type":"Polygon","coordinates":[[[-122.08085802145347,47.531404396046412],[-122.0807692788588,47.531354473394245],[-122.08059894205249,47.531320699334742],[-122.08044422564383,47.531347545908716],[-122.0801593304749,47.531390429475202],[-122.07989007505051,47.53151595287536],[-122.079431921726,47.531783897353229],[-122.07916956786906,47.531986586742413],[-122.07892986770723,47.532332587733556],[-122.07885428754889,47.53255811917785],[-122.07907053731248,47.53284000162693],[-122.07962054555931,47.533090204336197],[-122.07991974897861,47.533179632321435],[-122.08047475495982,47.532961646074277],[-122.0807633885602,47.532588327597864],[-122.08092856442451,47.532385204525191],[-122.08090786728037,47.532049124431623],[-122.08101675470134,47.531735571496732],[-122.08109353622186,47.531454974397001],[-122.08085802145347,47.531404396046412]]]},"properties":{"OBJECTID":5,"HAZARD":"COL","EDIT_DATE":709948800000,"Shape.STArea()":245406.20093749999,"Shape.STLength()":1898.7320017691468}},{"type":"Feature","id":6,"geometry":{"type":"Polygon","coordinates":[[[-121.94629900835925,47.526801227357275],[-121.94648859172327,47.526603933272419],[-121.94655479099093,47.526505137185907],[-121.94662199073188,47.526334746155577],[-121.94661061110293,47.526015182726049],[-121.94668663673552,47.525784257168233],[-121.94663399710052,47.525475508609681],[-121.94638599030336,47.525187696736424],[-121.94622497598613,47.525087655597119],[-121.94574606294627,47.525051989749791],[-121.94556673653264,47.525089602495285],[-121.94534476812134,47.525286699342068],[-121.94527598472025,47.525572731348831],[-121.94511693568147,47.5258968772862],[-121.94523430583823,47.526228040350972],[-121.94544664631518,47.526741501248019],[-121.94597994278493,47.526953694480397],[-121.94629900835925,47.526801227357275]]]},"properties":{"OBJECTID":6,"HAZARD":"COL","EDIT_DATE":709948800000,"Shape.STArea()":200842.37424999999,"Shape.STLength()":1735.7469552664754}},{"type":"Feature","id":7,"geometry":{"type":"Polygon","coordinates":[[[-122.12625517108212,47.507790969389831],[-122.12744503637261,47.508184202148797],[-122.12790292600907,47.508310807634231],[-122.12850224461573,47.5088159354436],[-122.12915053405305,47.509072487458617],[-122.12992158528628,47.508996938909398],[-122.13050232549297,47.508835563768088],[-122.13040793471532,47.508335349239154],[-122.13024584659824,47.507736769579509],[-122.13015420020135,47.507346714257665],[-122.13039716715507,47.506682545777053],[-122.13058107009509,47.505941979889577],[-122.13063295539943,47.505445493332438],[-122.13046378407915,47.504907574105879],[-122.13024433988744,47.504585211464672],[-122.12989004891664,47.504413217388205],[-122.12913981602696,47.504631751046269],[-122.12917165581283,47.50522093307179],[-122.12893831290165,47.506232050706728],[-122.12852888531167,47.506121304284605],[-122.12799388355309,47.506188499293323],[-122.12758699118926,47.506485446257756],[-122.12721763517814,47.506032660633437],[-122.12651247113578,47.505826354604935],[-122.12617224326993,47.505874570040739],[-122.12625517108212,47.507790969389831]]]},"properties":{"OBJECTID":7,"HAZARD":"COL","EDIT_DATE":709948800000,"Shape.STArea()":1109897.8503749999,"Shape.STLength()":5257.2227869668595}},{"type":"Feature","id":8,"geometry":{"type":"Polygon","coordinates":[[[-121.9851933507252,47.488436510692523],[-121.98547796901849,47.488388426767898],[-121.98608790071239,47.488303408456396],[-121.98661772494803,47.488162864926323],[-121.98709851412514,47.488000068541879],[-121.98757197676417,47.487826207393454],[-121.9880718924036,47.48745419402303],[-121.98846838305253,47.486932903410448],[-121.98868999356645,47.486140796068888],[-121.98900664345719,47.484891981518814],[-121.98909223644547,47.483917428443974],[-121.98910757827385,47.483377650393393],[-121.98903990909152,47.482947621801237],[-121.98901469662515,47.482380109341435],[-121.98918625903937,47.481703452072054],[-121.98922240144128,47.481395188151453],[-121.98931147319433,47.480806208908426],[-121.98942052602683,47.480525821283742],[-121.98957971939082,47.480135549665214],[-121.98965060341199,47.479684229222002],[-121.98948533739005,47.479275755875697],[-121.988959480677,47.479157387175071],[-121.98839106843168,47.479148992225454],[-121.98805892729035,47.479103233114635],[-121.98727779544083,47.47923700089575],[-121.98674007644907,47.479405002762846],[-121.98638879796978,47.47956841034118],[-121.98552486558305,47.479844936192066],[-121.98513987333986,47.480107386761745],[-121.98476353013793,47.48030377512513],[-121.98424804427097,47.480609613624594],[-121.98385073262453,47.48120801086376],[-121.9836825959437,47.481653329420993],[-121.98355666247085,47.481972141285944],[-121.98355770760371,47.482501039749195],[-121.98354337774907,47.482974660358956],[-121.98348726496793,47.483525258031229],[-121.98346456186084,47.484031906155543],[-121.98341720320184,47.484543944937464],[-121.98347865534625,47.484808676178446],[-121.98363796127815,47.48506286345696],[-121.98394193016973,47.485411462266384],[-121.984141712305,47.485643816961222],[-121.98443882750047,47.485887739102388],[-121.98425342994025,47.486399077721913],[-121.98412585517046,47.486850113525605],[-121.98417676205878,47.487324098401949],[-121.98435752711302,47.487771191240796],[-121.98455758461012,47.487992619209223],[-121.98491106962939,47.488269854522606],[-121.98513013371227,47.48829852129608],[-121.9851933507252,47.488436510692523]]]},"properties":{"OBJECTID":8,"HAZARD":"COL","EDIT_DATE":709948800000,"Shape.STArea()":3897741.9745625001,"Shape.STLength()":8392.5437880949266}},{"type":"Feature","id":9,"geometry":{"type":"Polygon","coordinates":[[[-122.19955096595153,47.478476583746613],[-122.1999466958909,47.477815855808643],[-122.20072627895716,47.477778276794126],[-122.2008274993986,47.477049633299181],[-122.20093362709849,47.476469723764872],[-122.20129380470932,47.475688261780576],[-122.20153412925208,47.474963339665621],[-122.20167987928698,47.474371940077106],[-122.20168246668608,47.473583992464768],[-122.20193180217065,47.472914098052762],[-122.2021625170139,47.472729276518699],[-122.20329641247912,47.47288550895307],[-122.20416357549351,47.473105787364752],[-122.20463490577971,47.473094181681084],[-122.20523144993972,47.472634683202436],[-122.20553783674194,47.47196404672659],[-122.20526753156653,47.471603883428791],[-122.20434857081786,47.471566147014713],[-122.20317160027642,47.471327803747492],[-122.2025861544996,47.471285769219378],[-122.20176703419155,47.471064899912264],[-122.20183985566862,47.470160344133589],[-122.20219735833894,47.468701099198618],[-122.20226901281896,47.46775247248798],[-122.20229634255062,47.466694231900455],[-122.20226354891112,47.465791034844536],[-122.20262125640483,47.465207915341011],[-122.20307033732838,47.464717259830095],[-122.20368779598944,47.464114250544419],[-122.20431839140247,47.463742472776261],[-122.20486685719926,47.463592148630717],[-122.20559004874644,47.463301844851259],[-122.20587798973634,47.462835275665611],[-122.20576551742697,47.462594318441106],[-122.20452479795627,47.462384395789314],[-122.20516301281475,47.461957424696564],[-122.20565755344988,47.461928993634302],[-122.20611143070394,47.461603597320746],[-122.20666799279738,47.461166637661904],[-122.20699303016488,47.460881397878815],[-122.20686453523842,47.460646163444949],[-122.20646523635399,47.460298702860328],[-122.20554736113316,47.459698914623978],[-122.20472032675694,47.459478164447418],[-122.20382962988039,47.458988267809488],[-122.20322439616447,47.458841727559744],[-122.20216737523685,47.458502707181474],[-122.2012528317301,47.458316102069602],[-122.20027334250817,47.458157907979434],[-122.19931853117943,47.458285854157374],[-122.19816467818023,47.458262082603959],[-122.19724797228504,47.458301380967967],[-122.19681982796985,47.457794473522796],[-122.19620177112401,47.457774822958513],[-122.19580792970757,47.457923161169482],[-122.19525001041902,47.457709908442148],[-122.19464316199571,47.457519301587588],[-122.19416902781714,47.457398647401313],[-122.19343472653392,47.457281280413703],[-122.19308607759454,47.457302297557696],[-122.192869295674,47.457690776394045],[-122.19268807584149,47.459076031019691],[-122.19239850787692,47.460065989529937],[-122.19209737533065,47.461524481843739],[-122.19170462626407,47.462609414524827],[-122.19162717485227,47.463051189793759],[-122.19109870322799,47.46301934448833],[-122.19077081127681,47.462615791420141],[-122.19036086804442,47.462185802388895],[-122.1899796942314,47.461909612991668],[-122.19007389766972,47.46148965902092],[-122.19004096832344,47.460884004438697],[-122.18982805903248,47.46052855733614],[-122.18956494473994,47.460399706860628],[-122.18661328615791,47.463566900392991],[-122.18639143032409,47.463762549381705],[-122.18608503310975,47.463270601744057],[-122.18641822368247,47.462671291112699],[-122.18632832178029,47.462049822706824],[-122.18637369143798,47.461636023281955],[-122.18604004473376,47.461320653546487],[-122.18552505017477,47.46118395483208],[-122.18495003726777,47.460954316025486],[-122.1843877553396,47.460884368014625],[-122.18351354780846,47.46100565152441],[-122.18262331272061,47.461132684926511],[-122.18182570618188,47.461363192418496],[-122.18152217914563,47.461840848168954],[-122.18157508358736,47.462617038375434],[-122.18131418152524,47.463160379443302],[-122.18132136280354,47.464025325665808],[-122.18224256163569,47.464448883596589],[-122.18278583462607,47.464700978081865],[-122.18442206400098,47.465137523347273],[-122.18517964253942,47.465194004888339],[-122.18583995804249,47.465885368136895],[-122.1858370021753,47.466375819213383],[-122.18573801867787,47.467198031923964],[-122.18534169922562,47.467566699549245],[-122.18489558333309,47.467886434395822],[-122.1851337408641,47.46828010291518],[-122.18609824958376,47.469083300426284],[-122.18638464607457,47.469465382680511],[-122.18700877220601,47.469694344622319],[-122.18776161173884,47.470208168282369],[-122.18813803932605,47.470903162177699],[-122.18826447644099,47.471645397126032],[-122.18834933860899,47.472674658510869],[-122.18844042657339,47.473340157923843],[-122.18836844660875,47.474266756465973],[-122.18837546036914,47.475120691576848],[-122.18870384186083,47.475540783033146],[-122.18924518659215,47.476024220579653],[-122.19027599304496,47.475967043434352],[-122.19157585313995,47.475972490018393],[-122.19332252846205,47.475955686592549],[-122.19511714262687,47.475916216867638],[-122.19566459239351,47.476630985801059],[-122.19664090980065,47.477274154027747],[-122.19757603059692,47.477868282008011],[-122.19851003160188,47.478148337100613],[-122.19955096595153,47.478476583746613]]]},"properties":{"OBJECTID":9,"HAZARD":"COL","EDIT_DATE":709948800000,"Shape.STArea()":27037540.6988125,"Shape.STLength()":29409.411762605374}},{"type":"Feature","id":10,"geometry":{"type":"Polygon","coordinates":[[[-122.21100663045071,47.465871117943458],[-122.21136633843268,47.465673614212498],[-122.21161417464991,47.465527124529338],[-122.21273565839685,47.464664140446011],[-122.21543459012082,47.464739350531481],[-122.21603007874029,47.464533261900478],[-122.21648412634437,47.464196768765511],[-122.21656057198153,47.46374397465874],[-122.21619780810816,47.4632527920146],[-122.21597619026448,47.462881005097323],[-122.21572428358715,47.462586744769759],[-122.21533803147766,47.462448485568316],[-122.21392861725705,47.462587957961674],[-122.21333875049027,47.462700313979276],[-122.2123645283404,47.462420913353029],[-122.21155073546927,47.462359853513242],[-122.21071278684283,47.462034569977199],[-122.20996403041003,47.461967140495737],[-122.20928998968574,47.461992324487106],[-122.20879140322482,47.462461626402416],[-122.2080923137684,47.463032621439368],[-122.20782222442263,47.463543021060836],[-122.20765641980971,47.464002462282266],[-122.20776959505787,47.464557486027132],[-122.20791311347453,47.464748540671586],[-122.21023384984044,47.464971975925096],[-122.21031442692987,47.465516384202239],[-122.21040144375003,47.465730185767121],[-122.21076957801486,47.465813544397768],[-122.21100663045071,47.465871117943458]]]},"properties":{"OBJECTID":10,"HAZARD":"COL","EDIT_DATE":709948800000,"Shape.STArea()":1930129.2295625,"Shape.STLength()":6074.2978447404612}},{"type":"Feature","id":11,"geometry":{"type":"Polygon","coordinates":[[[-122.21547920370503,47.460890034335989],[-122.2156709134249,47.460686509642159],[-122.21574255552808,47.460338480815466],[-122.21564693720704,47.460124790750044],[-122.21555042705852,47.45955303166668],[-122.21539524513173,47.459246498620459],[-122.21532365713159,47.459005008556183],[-122.21528730444129,47.458300174505652],[-122.21512651447232,47.458048846967579],[-122.2146287389367,47.457972609201768],[-122.21369384793296,47.457648657404505],[-122.21313964389154,47.457578665815774],[-122.21224459088859,47.457518643956732],[-122.21182560587792,47.457650807346035],[-122.21174060937796,47.458087206248585],[-122.21135750987423,47.45833460560997],[-122.21071681016278,47.458089442623042],[-122.21028210025169,47.457913239200323],[-122.20958664943208,47.457756947718607],[-122.20891740104594,47.457616783163459],[-122.20806095600226,47.45750664783165],[-122.20731991463479,47.457422527829493],[-122.20675684591073,47.457341688720213],[-122.20614513424384,47.457255866575238],[-122.20543589981443,47.456862797925766],[-122.20501111118196,47.456774580126165],[-122.20394459217394,47.456380636427376],[-122.20336984013578,47.456162099065381],[-122.20289244496117,47.455936770924858],[-122.20242847695418,47.455606699111328],[-122.20182242051817,47.455427129903519],[-122.20101596420612,47.455332790559936],[-122.20010710645293,47.455361009239802],[-122.1998922588437,47.455821070463919],[-122.20020249808664,47.456186250479085],[-122.20119400456615,47.456476597586224],[-122.20225314522884,47.456898245166691],[-122.20347265712864,47.457229651053503],[-122.20512002082052,47.45776498463416],[-122.20617313430493,47.457955278116984],[-122.20747367088579,47.458291098425676],[-122.2086344212447,47.458557141187775],[-122.20996366749175,47.459041378790076],[-122.21029095866527,47.459417334280936],[-122.21038885651407,47.460005575730548],[-122.20984100329542,47.460464512795369],[-122.21021973011908,47.46066346457026],[-122.21077090949355,47.460617787140819],[-122.21100194124494,47.461022501350044],[-122.2112900295964,47.460870039530555],[-122.2118966288302,47.460779513849801],[-122.21216527516637,47.460522577174963],[-122.21288400227154,47.460640013381642],[-122.21343052291854,47.460743129363671],[-122.2142348206596,47.4607327019297],[-122.21513095169459,47.460831252703443],[-122.21547920370503,47.460890034335989]]]},"properties":{"OBJECTID":11,"HAZARD":"COL","EDIT_DATE":709948800000,"Shape.STArea()":2296185.0660624998,"Shape.STLength()":10455.429769473272}},{"type":"Feature","id":12,"geometry":{"type":"Polygon","coordinates":[[[-122.10763924185115,47.454670110315057],[-122.10900663195477,47.454422370273733],[-122.10955205796782,47.45418231925855],[-122.11038991304979,47.453915926080121],[-122.11119561715293,47.453533746022977],[-122.11196902668308,47.452865100100901],[-122.11287196468371,47.452472300355751],[-122.11406824543576,47.451926492436762],[-122.11545090620207,47.451419995017744],[-122.11568035409749,47.450661032292196],[-122.11635666639717,47.449931286516311],[-122.11680528478203,47.449332898520495],[-122.11691954380844,47.448986428973619],[-122.11839224050864,47.448447215354648],[-122.11841719610102,47.4481884674545],[-122.11868664152783,47.447660903026282],[-122.12018210522029,47.447391610821676],[-122.12017290690802,47.447920254830464],[-122.1206037378029,47.44781181709309],[-122.12154641856351,47.447622894009235],[-122.1226277759141,47.447566653718269],[-122.12284555993789,47.447997051485117],[-122.12434890760423,47.447903950014876],[-122.12512091240373,47.447923608229303],[-122.12530642539066,47.448519054246262],[-122.12598045029866,47.448560342785434],[-122.12634695483655,47.448302970066138],[-122.1269725073075,47.44836601359777],[-122.12739424526026,47.448604500984516],[-122.12836118515334,47.448558765208773],[-122.12898710814056,47.448412596464976],[-122.12963031639109,47.447924991824181],[-122.13016793870067,47.447255268598525],[-122.13073770855792,47.446822476316271],[-122.13151897100832,47.446280371458826],[-122.13149475944103,47.446099127964239],[-122.13143899658208,47.445685270873057],[-122.13053866149657,47.445257728393898],[-122.1294181962644,47.44497792617009],[-122.12781734238054,47.445026666102635],[-122.1263057918424,47.445213389541614],[-122.1249566003434,47.445428273093206],[-122.12352707123955,47.445152748903197],[-122.12317104228953,47.444688708023243],[-122.12333439563585,47.444347927401815],[-122.12297034788513,47.443702158085785],[-122.12203705831223,47.443367974946504],[-122.1212668498008,47.442742580130727],[-122.12063345125195,47.442481237072926],[-122.1199600977815,47.442340816125366],[-122.11910651586524,47.442430996766561],[-122.11813972858155,47.442355410362936],[-122.11687244446296,47.442427381383602],[-122.11629446175925,47.442898667272907],[-122.11561783955153,47.44369439190892],[-122.11466593399052,47.444164069238404],[-122.1129596926279,47.444179173995636],[-122.11162730974428,47.44417367702561],[-122.11048029219162,47.444785695258915],[-122.10846302013979,47.445636474623825],[-122.10555828221652,47.447017703260968],[-122.10458904029925,47.447839689282198],[-122.10345847470407,47.448407709453811],[-122.10264498709299,47.448718161859823],[-122.10210101826007,47.448435065860366],[-122.10185923483753,47.447883316209094],[-122.1012580756888,47.447803668533609],[-122.10039726816092,47.447871636318212],[-122.09954326031955,47.44811585886638],[-122.09755878468476,47.448872936703154],[-122.09588238871939,47.449647802972748],[-122.09459578884615,47.45051791701755],[-122.09415590419175,47.450861212240909],[-122.093577638019,47.451312076116487],[-122.0940076265952,47.451688416692527],[-122.09463245995798,47.451784548838056],[-122.09429329906406,47.45205170739537],[-122.09380299025784,47.45235811875483],[-122.09319844218403,47.452746722532616],[-122.09291717416701,47.453235795853644],[-122.09283205964852,47.453582472420216],[-122.09274072155402,47.453796923445175],[-122.09267264573582,47.454054042671721],[-122.09260501344303,47.454308628937341],[-122.09247130009626,47.454693674003195],[-122.09226129523158,47.455309708642524],[-122.09210908690336,47.455870949960378],[-122.09182760550317,47.456415161404315],[-122.09119038429394,47.456792548363872],[-122.09070786007234,47.457110040668425],[-122.09003830274825,47.457509330311247],[-122.08950472985362,47.458057953539651],[-122.08958162751136,47.458460368620763],[-122.08983749731659,47.45880296787724],[-122.09017284592129,47.459256071338444],[-122.09036245247825,47.459763657058922],[-122.09068462955194,47.459963283443514],[-122.09119789956794,47.45976712050394],[-122.09159312616033,47.459978102847074],[-122.09186702931147,47.46016652337962],[-122.09226180911595,47.460421591979475],[-122.092933456742,47.460589616665146],[-122.09334090569774,47.460448087651905],[-122.09378115190863,47.460262663096437],[-122.09389396715954,47.460351249495865],[-122.09423804502138,47.460055201944833],[-122.09463042709328,47.459792420715104],[-122.09512997273907,47.459342814390425],[-122.09540958513662,47.459035531020866],[-122.09594103999601,47.458652141093452],[-122.09632454995737,47.458482933454761],[-122.09695474824592,47.457962245816759],[-122.09753004792039,47.457303617377825],[-122.09814568708032,47.456683692667831],[-122.09882765679788,47.455882278484573],[-122.09947691917417,47.455108254262363],[-122.09984014284392,47.455291545914122],[-122.10027672152908,47.455436533321972],[-122.10089862446766,47.454910303013996],[-122.10177995889512,47.45443467904893],[-122.10141857580355,47.454119207094088],[-122.10106457049224,47.45383685279225],[-122.10128417585328,47.453766109844757],[-122.10151261027953,47.453684426452838],[-122.10184738895383,47.453487511337237],[-122.10178479471428,47.453261407177109],[-122.10225640207226,47.453164154758021],[-122.10250748832847,47.453203757202495],[-122.10318088255605,47.453217515117544],[-122.10407197070903,47.453331307982417],[-122.10485730112853,47.453521762751642],[-122.10552720527188,47.453827469381906],[-122.10592190072572,47.454098983882695],[-122.1064946856889,47.45442076956077],[-122.10693909282325,47.454554758402232],[-122.10722202275572,47.454677107191827],[-122.10763924185115,47.454670110315057]]]},"properties":{"OBJECTID":12,"HAZARD":"COL","EDIT_DATE":709948800000,"Shape.STArea()":22751979.067187499,"Shape.STLength()":30068.434317496267}},{"type":"Feature","id":13,"geometry":{"type":"Polygon","coordinates":[[[-122.08015533216127,47.458205594167197],[-122.08072221104334,47.458285174935874],[-122.08098291022328,47.458198122746104],[-122.08121910822939,47.458122010705075],[-122.08152151500923,47.457919513574858],[-122.08177238694735,47.457992154284817],[-122.08201561479464,47.457998731440767],[-122.08249422396204,47.458000748185299],[-122.08271378534623,47.457968639160221],[-122.08318593190602,47.457827418574389],[-122.08328555710656,47.457640560677227],[-122.0834261825833,47.457393272960488],[-122.08390112799913,47.457031727193829],[-122.08418467317404,47.457054991825991],[-122.08409061960504,47.457495237644139],[-122.08403156199211,47.45768781826397],[-122.08397217483576,47.457929928540935],[-122.08383917632473,47.458221301370315],[-122.08375039970467,47.458881996601647],[-122.0838533546037,47.459108262845533],[-122.0841927281509,47.459225377266428],[-122.08441959253119,47.45928692563762],[-122.08482355205091,47.459420846462336],[-122.08540931374942,47.45929661323818],[-122.0857700650613,47.458956625932181],[-122.08587162630923,47.458577003053279],[-122.08603064394394,47.458170009913239],[-122.0861832502932,47.45755920316882],[-122.08639112955925,47.457124895719708],[-122.08666149093727,47.456872658585446],[-122.08702825677796,47.456742009601292],[-122.08743531923662,47.456606030756227],[-122.08790931634704,47.45633260148513],[-122.08789784353289,47.455897374121733],[-122.08770609919193,47.455593604855935],[-122.08730517037722,47.455206338511431],[-122.08691945623858,47.454863200080631],[-122.08642616186347,47.4546903442115],[-122.08598892818173,47.454600364891732],[-122.08569116726028,47.454384260125586],[-122.08515690892064,47.454293892703923],[-122.08467898744534,47.454192701729774],[-122.08407169642665,47.454090969160049],[-122.0835640245875,47.453802372474996],[-122.08321000873811,47.453536499780171],[-122.08306591415011,47.453343073064978],[-122.08255557596841,47.453280320162108],[-122.08187972361149,47.453459210748775],[-122.08177263145987,47.453629525758892],[-122.08155595875813,47.454140865712674],[-122.08122628043503,47.454596683738359],[-122.08071610729405,47.455238959730252],[-122.08029616834305,47.455788005789522],[-122.07986881995646,47.456259929376124],[-122.07976123091915,47.45645227035245],[-122.07968165950091,47.457013767555694],[-122.07990103106478,47.457714299017418],[-122.0799125262615,47.458110926482874],[-122.08015533216127,47.458205594167197]]]},"properties":{"OBJECTID":13,"HAZARD":"COL","EDIT_DATE":709948800000,"Shape.STArea()":2602071.9071249999,"Shape.STLength()":7694.1283838016188}},{"type":"Feature","id":14,"geometry":{"type":"Polygon","coordinates":[[[-122.07202091282244,47.459211625296078],[-122.07245137143946,47.459185974658453],[-122.0728990541589,47.459055730240628],[-122.07318626275797,47.458765000009272],[-122.07307003348754,47.458318321118874],[-122.07299982790346,47.458064609349663],[-122.07292163249868,47.457772344018316],[-122.07281827529221,47.457612132073827],[-122.07265100268255,47.457313985062314],[-122.07297972200402,47.456962865111194],[-122.07316812174543,47.456831468173228],[-122.07356747274957,47.456645927808331],[-122.07392841318936,47.456311460441334],[-122.07425228604798,47.4563734651245],[-122.0745520131332,47.456418813120393],[-122.07491820749539,47.45632676566948],[-122.07506121364048,47.45660281252934],[-122.07545166608944,47.456510843337441],[-122.07602346745978,47.456182798720121],[-122.07627936391964,47.455809333549333],[-122.07641099886914,47.455650150172673],[-122.07661587317955,47.455447234973185],[-122.07665094157613,47.455243570146166],[-122.07650498225715,47.455204384621311],[-122.07628697916802,47.455131841259686],[-122.07652385968902,47.454978617003434],[-122.07676895637458,47.45483095587791],[-122.07706247446779,47.454722048581061],[-122.07742816695321,47.454652020873574],[-122.07774547465402,47.454587277063546],[-122.07786923907155,47.454395018342133],[-122.0778706349615,47.454262837754889],[-122.07770384835344,47.453964648817575],[-122.07857391303159,47.453644031435275],[-122.07908349827528,47.453188387341086],[-122.07916099112498,47.452836152099216],[-122.07927864815954,47.452473108770086],[-122.07928655652729,47.451746045553854],[-122.07921210914709,47.451167348902715],[-122.0793444087045,47.450931037396067],[-122.07947767654824,47.450650678263798],[-122.07941399225597,47.45050168934187],[-122.07917510797017,47.450104047100389],[-122.07896799263644,47.449767143937933],[-122.0786640820609,47.449396777722164],[-122.07808964340852,47.449229060024479],[-122.07777296504628,47.449255239650782],[-122.0774473824889,47.449353017926342],[-122.0770243119695,47.449494406580065],[-122.07630735502697,47.449728167984794],[-122.07592505900408,47.449842202710499],[-122.07531441526051,47.450021368322219],[-122.07486646077601,47.450179170707926],[-122.07439411651882,47.450331329444694],[-122.07403603037045,47.450401393330417],[-122.0735979345627,47.450421521715171],[-122.07311151715064,47.450364332796035],[-122.0727312173255,47.450307567274173],[-122.07293657243531,47.450082633668174],[-122.07315106153467,47.44975306702672],[-122.07327790665565,47.449307416844412],[-122.07307034521114,47.448992530743993],[-122.07269110793715,47.448831135782655],[-122.07203443627414,47.448795253002281],[-122.071693014506,47.448843321721782],[-122.07115656209839,47.448912625594971],[-122.07074237433523,47.448960369482251],[-122.07020876523855,47.448787283613321],[-122.06995987354794,47.448582390261606],[-122.06982464337945,47.448333926220457],[-122.06962579395093,47.447980512213377],[-122.06927226290881,47.447709067183403],[-122.06876092005618,47.447728859211765],[-122.06835338881127,47.447886796085058],[-122.06773452642919,47.448060356655404],[-122.06681505261369,47.448298701598915],[-122.0663333086144,47.448566513931517],[-122.06560896730927,47.448767127785999],[-122.06466508691976,47.448999852651752],[-122.06395691717564,47.44922255499349],[-122.06297840763412,47.449658880103442],[-122.06199975268613,47.450089714500187],[-122.06128696000181,47.450653937632175],[-122.06060846212009,47.451130134066283],[-122.06056985913753,47.45165878584158],[-122.06067925092253,47.452722375815448],[-122.06110895053077,47.453418353584944],[-122.06125263578342,47.453640814891763],[-122.06157936365457,47.454147602740967],[-122.06198603221678,47.454744303551536],[-122.06250618700791,47.455374605870546],[-122.06307727125383,47.455806768785678],[-122.06365088144507,47.45602413874029],[-122.06389447272871,47.456025223125337],[-122.06419574860757,47.455943897594423],[-122.06440791991297,47.455812644107866],[-122.06464449192885,47.455709015394767],[-122.06485380435001,47.455842163046455],[-122.06521848329933,47.455920886923792],[-122.06558456021523,47.455823346204902],[-122.06580530311741,47.455670062239349],[-122.06606672021152,47.45550596899502],[-122.06629246767309,47.455650204414162],[-122.06615068514591,47.455980080578051],[-122.06633158422363,47.456493150408718],[-122.06648430057717,47.456626013600278],[-122.06695325810099,47.456754794213332],[-122.06728424721936,47.456882932148652],[-122.0680022931962,47.457266131833968],[-122.0685837985291,47.457516595051061],[-122.06892263822976,47.457655780199126],[-122.06934989225722,47.457922053498244],[-122.06975928407526,47.458287398979081],[-122.07014539941204,47.458608570694153],[-122.07060501284923,47.458874961020527],[-122.07112157758203,47.459092057784957],[-122.07155918026709,47.459154543200349],[-122.0718593917011,47.45915585092898],[-122.07202091282244,47.459211625296078]]]},"properties":{"OBJECTID":14,"HAZARD":"COL","EDIT_DATE":709948800000,"Shape.STArea()":11903141.340062501,"Shape.STLength()":15816.528840907918}},{"type":"Feature","id":15,"geometry":{"type":"Polygon","coordinates":[[[-122.11993712454662,47.454650583699355],[-122.12051439271492,47.4545151676922],[-122.12066050055755,47.454436137006596],[-122.12266644633412,47.454450502043649],[-122.12422211824561,47.453278268619279],[-122.12453145831071,47.452894011602545],[-122.12443368816288,47.452638887905586],[-122.12471350404326,47.452531983440849],[-122.12465094862466,47.452311417974492],[-122.12444896471916,47.452255537057844],[-122.12449090224983,47.452112482281038],[-122.12450910536317,47.451908734778392],[-122.12420325151591,47.451698220342635],[-122.12398492468176,47.451614763116915],[-122.12394676540103,47.451399790112262],[-122.12399205578726,47.450942752774985],[-122.12404372625139,47.450662022117882],[-122.12369539910739,47.450572547125859],[-122.12333443408468,47.450196560099599],[-122.12283363881994,47.449968764036711],[-122.12237642279507,47.450236925172888],[-122.12212986275976,47.450544417222986],[-122.12192390142515,47.450879636755538],[-122.12186471810732,47.451061187619466],[-122.12174030575147,47.451363647353219],[-122.12124815605095,47.451097321443001],[-122.1209404903145,47.450996965491854],[-122.12063333089922,47.450896602974595],[-122.12009937908799,47.450778846015567],[-122.11964386017236,47.450870682528517],[-122.11929133570284,47.451205329687703],[-122.11910062572146,47.451606691368028],[-122.11877148731178,47.452029543729218],[-122.11838607750954,47.452424626714318],[-122.1183658914116,47.452815613125729],[-122.11868588193921,47.45325205846062],[-122.11892531459465,47.453638562364119],[-122.1192288112689,47.454102483038945],[-122.11963139475613,47.45436298152368],[-122.11969915674187,47.454426518348775],[-122.11993712454662,47.454650583699355]]]},"properties":{"OBJECTID":15,"HAZARD":"COL","EDIT_DATE":709948800000,"Shape.STArea()":1736793.7181875,"Shape.STLength()":5541.704480875127}},{"type":"Feature","id":16,"geometry":{"type":"Polygon","coordinates":[[[-122.18551408778922,47.447712514193078],[-122.18622572895447,47.449086380521074],[-122.18678560303094,47.449068265444616],[-122.18711267537286,47.448860260116078],[-122.1881632557145,47.448962579033108],[-122.18893711965028,47.449051870047597],[-122.19015191424799,47.448920686345041],[-122.19116671149523,47.448637738678293],[-122.19230354280853,47.448617698193807],[-122.19347726235331,47.44848148689907],[-122.19425925053662,47.448262137397663],[-122.19567856731075,47.4482053866965],[-122.19705848201592,47.448187733762829],[-122.19848854009074,47.448213419052202],[-122.20022569985115,47.448196697713726],[-122.20180144369249,47.448209489120067],[-122.20305638831576,47.448358641597245],[-122.20466209757009,47.44856939324815],[-122.20594822588792,47.448674011167526],[-122.20712375705672,47.448895759236471],[-122.2083600030011,47.449254494499549],[-122.20967671556343,47.449579084856175],[-122.21112574571475,47.449709128335954],[-122.21143321543833,47.449374519544186],[-122.21157170474316,47.449108284823801],[-122.21076260267159,47.448336320120099],[-122.21065676623112,47.448040149934357],[-122.21013130943811,47.447523547241609],[-122.20947146615586,47.447179430344768],[-122.20873836058821,47.447084216270092],[-122.20830401283467,47.447244099192019],[-122.20813050691069,47.447428197515059],[-122.20816823690498,47.447901536823885],[-122.20837161628049,47.448218464964427],[-122.2063529601207,47.448040699529741],[-122.2054989653365,47.447710047285049],[-122.20439021475208,47.447548014585557],[-122.20418737056818,47.447269676710114],[-122.20374274013137,47.447038470582257],[-122.20304558479091,47.447080479420372],[-122.20213080482026,47.446877352881394],[-122.2009829755614,47.446803969134024],[-122.20043056422735,47.446778026690303],[-122.1988361062773,47.44666622018827],[-122.19803952693917,47.446654383960045],[-122.19707252329661,47.446617215863391],[-122.19569433218429,47.446408939395781],[-122.19493389388074,47.446523419903869],[-122.1941073639718,47.446583550936772],[-122.19289421212962,47.446775379094248],[-122.19231578933118,47.446992151896261],[-122.19155033747818,47.447205806295095],[-122.19059835049354,47.447454848247915],[-122.18976200414249,47.447449042285079],[-122.18797737917063,47.447504815023116],[-122.18729543523733,47.447530049842982],[-122.1863729030388,47.447629914583217],[-122.18551408778922,47.447712514193078]]]},"properties":{"OBJECTID":16,"HAZARD":"COL","EDIT_DATE":709948800000,"Shape.STArea()":3374208.1253749998,"Shape.STLength()":14560.548151786365}},{"type":"Feature","id":17,"geometry":{"type":"Polygon","coordinates":[[[-122.12213011655622,47.438522201729043],[-122.12230978049324,47.43812644357903],[-122.12257237269742,47.437345496460885],[-122.12293922255176,47.436818313486491],[-122.12323286953628,47.43625224582572],[-122.12313680109362,47.435635090014948],[-122.1225696565123,47.435230770552423],[-122.11811934776149,47.434794337305476],[-122.11713393207079,47.435660400403272],[-122.11750608391779,47.436168532754742],[-122.11814703138671,47.436617238135057],[-122.11887609184615,47.437258969744072],[-122.11992269585342,47.437830434734352],[-122.12045829709497,47.438102443640972],[-122.12069242427734,47.438521905681149],[-122.12147248585001,47.438607643335715],[-122.1221140475501,47.438505631486528],[-122.12213011655622,47.438522201729043]]]},"properties":{"OBJECTID":17,"HAZARD":"COL","EDIT_DATE":709948800000,"Shape.STArea()":1327672.4427499999,"Shape.STLength()":4574.7349859299411}},{"type":"Feature","id":18,"geometry":{"type":"Polygon","coordinates":[[[-121.95963309855735,47.437542480788082],[-121.95925874890553,47.437634060804363],[-121.95907060357801,47.43788084897956],[-121.95883345266047,47.438127391085736],[-121.95897038455961,47.438386929085468],[-121.95961062223395,47.438654839056269],[-121.96019668773687,47.438448738872225],[-121.96010940693502,47.43807929275409],[-121.95985143013614,47.437758454030998],[-121.95963309855735,47.437542480788082]]]},"properties":{"OBJECTID":18,"HAZARD":"COL","EDIT_DATE":709948800000,"Shape.STArea()":87120.377875000006,"Shape.STLength()":1122.6237320543107}},{"type":"Feature","id":19,"geometry":{"type":"Polygon","coordinates":[[[-121.98836699013512,47.435751802046383],[-121.98856004988008,47.436121779582514],[-121.98898920900373,47.436272702738641],[-121.98946143193706,47.436109937754914],[-121.98970672047334,47.43575875721988],[-121.98988767417102,47.435308156621488],[-121.9898087069294,47.435026858386571],[-121.98928855643769,47.434963616345129],[-121.98884872485293,47.435220127206264],[-121.9882939330526,47.435668836277003],[-121.98836699013512,47.435751802046383]]]},"properties":{"OBJECTID":19,"HAZARD":"COL","EDIT_DATE":709948800000,"Shape.STArea()":120709.11056250001,"Shape.STLength()":1333.671610290829}},{"type":"Feature","id":20,"geometry":{"type":"Polygon","coordinates":[[[-121.9879976393463,47.434901795139609],[-121.98824109527591,47.434947124895842],[-121.9886398685872,47.434706884991044],[-121.98891118248457,47.434185148074953],[-121.98909995703234,47.433745524002397],[-121.98869459677805,47.433550701410319],[-121.98814038059302,47.433933343174914],[-121.98774829433201,47.434338794226619],[-121.98774701260639,47.434669193682225],[-121.9879976393463,47.434901795139609]]]},"properties":{"OBJECTID":20,"HAZARD":"COL","EDIT_DATE":709948800000,"Shape.STArea()":99109.755000000005,"Shape.STLength()":1284.4589327246247}},{"type":"Feature","id":21,"geometry":{"type":"Polygon","coordinates":[[[-121.90446746589483,47.420491670741285],[-121.90516268712989,47.422208505802843],[-121.90496592970342,47.422488225719839],[-121.90447861429368,47.422463271585514],[-121.9039604144432,47.42226193399415],[-121.9035724001814,47.42200628775543],[-121.90230481421465,47.422075866107178],[-121.90194924097187,47.421776380517052],[-121.90148990168748,47.421316497514631],[-121.9012405039816,47.420973600096389],[-121.90107541378457,47.420135493944784],[-121.90045281238011,47.419740761187676],[-121.8992127582887,47.41937539135283],[-121.89879067896112,47.419378374274366],[-121.89872245633923,47.419846053084719],[-121.89859694211029,47.420401496143384],[-121.89805516029708,47.420007274131073],[-121.89736698675347,47.419738789251817],[-121.89668628247526,47.419514397028067],[-121.89584206575387,47.419492793932434],[-121.89353064660941,47.419032783346509],[-121.89215199805992,47.418727026528643],[-121.89165651594863,47.418845177406624],[-121.8920018362704,47.419315376159297],[-121.8922343737038,47.419801405319795],[-121.89199749961826,47.419998240149056],[-121.8915916343951,47.41997928084951],[-121.88945321645835,47.420307707456473],[-121.88907760249285,47.420586282057009],[-121.88933418948771,47.421089015095518],[-121.89036242226246,47.421568879191142],[-121.89184584213645,47.421908294881618],[-121.89349314898595,47.4221109608471],[-121.89427925914428,47.422352591412796],[-121.89518652441527,47.422716032968225],[-121.894981915188,47.424053009905521],[-121.89493885385441,47.424443769362682],[-121.89540883486994,47.424633818438529],[-121.89594589404675,47.424422297503298],[-121.89660460956517,47.424332628080919],[-121.8970591090446,47.424406976662624],[-121.89824467549198,47.425587094582269],[-121.89904629337957,47.42591679862128],[-121.89971900866789,47.42609160238797],[-121.90057103090132,47.426267412629151],[-121.90130005128724,47.426552630333482],[-121.9033416435646,47.428464775298586],[-121.90441121688997,47.42882909986605],[-121.90570855768775,47.429216835889783],[-121.90757437672055,47.429519744888715],[-121.90969178882796,47.429923268074333],[-121.91055207835377,47.430005451111583],[-121.911957969607,47.428725053477827],[-121.91187190205036,47.428201382370972],[-121.91162391476786,47.427638209695161],[-121.91135996983091,47.426986766621823],[-121.91113733520213,47.426330091165646],[-121.91161743809177,47.426101645960543],[-121.91215173188907,47.426418676434778],[-121.91236464065254,47.427361701125776],[-121.91256236060526,47.428155913186806],[-121.9128355212612,47.428592509639742],[-121.91332203139827,47.42872205059323],[-121.91381101056469,47.428482629630757],[-121.91426303558036,47.427653697109172],[-121.9145690273407,47.426845945222055],[-121.91460655202283,47.426097216514684],[-121.91416420669377,47.425367670956945],[-121.91333183004835,47.424751509655792],[-121.9124998495069,47.424080245827874],[-121.91143688497324,47.423936303759568],[-121.91015592163686,47.423603873060379],[-121.90906205779284,47.423233878735886],[-121.90810653289964,47.422837248183598],[-121.90747685083758,47.422249754365204],[-121.90697736984447,47.421657553318894],[-121.90666546735606,47.420928801029959],[-121.90611663557522,47.420391298208393],[-121.90532974046371,47.420309548966905],[-121.90446746589483,47.420491670741285]]]},"properties":{"OBJECTID":21,"HAZARD":"COL","EDIT_DATE":709948800000,"Shape.STArea()":11554243.290312501,"Shape.STLength()":20856.794392863849}},{"type":"Feature","id":22,"geometry":{"type":"Polygon","coordinates":[[[-121.89135183362473,47.426388078864065],[-121.89108442950334,47.426325928675212],[-121.89058125686903,47.426317340200669],[-121.89024676109086,47.426458488866814],[-121.89034189171552,47.426817025766915],[-121.89089040487566,47.427343555159375],[-121.89142635215205,47.427423848498933],[-121.89150944533174,47.427138016541093],[-121.8914873144157,47.426818466936304],[-121.89135183362473,47.426388078864065]]]},"properties":{"OBJECTID":22,"HAZARD":"COL","EDIT_DATE":709948800000,"Shape.STArea()":91269.189687499995,"Shape.STLength()":1179.5089648801916}},{"type":"Feature","id":23,"geometry":{"type":"Polygon","coordinates":[[[-121.88887836085979,47.425893925103466],[-121.88926140337804,47.425731038765058],[-121.88942582981386,47.425396127762326],[-121.88936428056365,47.4249496677377],[-121.88871649216235,47.424681395566189],[-121.88844629117715,47.424955128975469],[-121.88845110166237,47.425368188311403],[-121.88887836085979,47.425893925103466]]]},"properties":{"OBJECTID":23,"HAZARD":"COL","EDIT_DATE":709948800000,"Shape.STArea()":75148.076625000002,"Shape.STLength()":1081.9432577474797}},{"type":"Feature","id":24,"geometry":{"type":"Polygon","coordinates":[[[-121.90247362791226,47.418728480345514],[-121.90295215009135,47.41763544797206],[-121.90342008594219,47.416889262585869],[-121.90348161019125,47.416146180086187],[-121.90385459584571,47.414980926772472],[-121.90331954503279,47.414939154272254],[-121.90288742763796,47.415189904356637],[-121.90220985674465,47.415709086963233],[-121.90152877728164,47.416773350116834],[-121.90123641221612,47.41788407292065],[-121.90134521524239,47.418710754936896],[-121.90192862452959,47.418868435734893],[-121.90224570354576,47.41874369661366],[-121.90247362791226,47.418728480345514]]]},"properties":{"OBJECTID":24,"HAZARD":"COL","EDIT_DATE":709948800000,"Shape.STArea()":512563.27081249998,"Shape.STLength()":3385.7516096966569}},{"type":"Feature","id":25,"geometry":{"type":"Polygon","coordinates":[[[-121.98403344651342,47.378494303687383],[-121.98452986566306,47.378216065848484],[-121.98518087103105,47.377878035005637],[-121.98596996583511,47.377441648524751],[-121.98691323213403,47.376972967603393],[-121.9878654785346,47.376454752679166],[-121.98842728408307,47.376077726995454],[-121.98915958118108,47.375767588802596],[-121.99013550059539,47.375249540556126],[-121.99080164726566,47.375142874577683],[-121.99140305812193,47.374892664689064],[-121.99196611430339,47.374300808088094],[-121.99232605691483,47.373718906795332],[-121.99252247309542,47.373362004974872],[-121.99230541374317,47.372969879565616],[-121.99192690358016,47.372395148622267],[-121.99121672432285,47.371559951060327],[-121.99108162502856,47.371063611953105],[-121.99169408190672,47.370312312618516],[-121.99239647308235,47.369363193328688],[-121.99293724226135,47.368270110441706],[-121.99327486687864,47.367253089888052],[-121.99356343049152,47.366389938408311],[-121.99365542653793,47.365784647594161],[-121.99340794453956,47.364929772508361],[-121.99289447391968,47.363908315002668],[-121.99242745467069,47.363206527921449],[-121.99122806329082,47.363029569154421],[-121.99031257370194,47.362688875489809],[-121.98918563565701,47.362616886693488],[-121.9886407527614,47.362839861924066],[-121.98810216849746,47.363530930567407],[-121.98762516948933,47.364773024840986],[-121.98667600313969,47.36638171311079],[-121.98580056769552,47.367836445415477],[-121.98505582995534,47.369066131060798],[-121.98384893320649,47.37024930932094],[-121.98270809976374,47.371273166910086],[-121.98122778034936,47.371887600762712],[-121.97968242953245,47.372666925173874],[-121.97833070271848,47.37353543269527],[-121.97754072360223,47.374092928713615],[-121.97709916476917,47.3747569568933],[-121.97686136733275,47.375256821357219],[-121.97694911434955,47.375554702248884],[-121.97703610071099,47.375979187152268],[-121.97723779083674,47.376250087093773],[-121.9777639341865,47.376407051043365],[-121.97900363938018,47.37677712828804],[-121.98019419345675,47.377113845145097],[-121.98120634707867,47.377620335706112],[-121.98238030212691,47.378072610909037],[-121.98403344651342,47.378494303687383]]]},"properties":{"OBJECTID":25,"HAZARD":"COL","EDIT_DATE":709948800000,"Shape.STArea()":11885162.359375,"Shape.STLength()":15655.636191518321}},{"type":"Feature","id":26,"geometry":{"type":"Polygon","coordinates":[[[-121.91756944344189,47.365966042942581],[-121.91796062910119,47.365759065177812],[-121.91859558434406,47.365388285992161],[-121.91906976536632,47.36487887514005],[-121.91929863276877,47.364604860855138],[-121.91903285472462,47.364267390478084],[-121.91856439207916,47.363934173099487],[-121.91801441256833,47.363683172822668],[-121.91762465145376,47.36376350124344],[-121.9170713134058,47.363958537504594],[-121.91652670904772,47.364137075375808],[-121.91589488394305,47.364001230710002],[-121.91537647178136,47.363910053419048],[-121.91483842140886,47.364259367186349],[-121.91451887041748,47.364808199107259],[-121.91452181370045,47.365584727881306],[-121.91530736343233,47.365738005370631],[-121.91648356188752,47.365877044123586],[-121.91756944344189,47.365966042942581]]]},"properties":{"OBJECTID":26,"HAZARD":"COL","EDIT_DATE":709948800000,"Shape.STArea()":706953.80524999998,"Shape.STLength()":3291.7635025299992}},{"type":"Feature","id":27,"geometry":{"type":"Polygon","coordinates":[[[-121.87483044169645,47.360895084060253],[-121.87508450314986,47.360533194128706],[-121.87532165320007,47.360259326169441],[-121.87477148064377,47.359986057349111],[-121.87393143841368,47.359567739082117],[-121.87331220474151,47.358864520287113],[-121.87356419643886,47.357637980023057],[-121.87357305372326,47.356409946837879],[-121.87349960328621,47.355379646546105],[-121.87324569085391,47.354607097567623],[-121.87231460261282,47.354347983064997],[-121.87151840831754,47.354557764806366],[-121.87088524335455,47.354647426429025],[-121.87049806924885,47.354375152768199],[-121.8696316689756,47.354121935466701],[-121.8681301480155,47.354266691043833],[-121.86725468737352,47.354294244549443],[-121.86606684275357,47.354694301937585],[-121.86534888057105,47.355317562745135],[-121.86475128229782,47.356035214166369],[-121.86471342103678,47.356800500152445],[-121.86507231554602,47.357557245258718],[-121.86582323636259,47.35809060626309],[-121.86727743577566,47.358760672803307],[-121.86828678820085,47.359378280252649],[-121.86911147010605,47.359812970325173],[-121.86964246237859,47.360367082343842],[-121.8691209252799,47.360672201477186],[-121.86806395706648,47.361040045364618],[-121.86719907765263,47.361761522185319],[-121.86728391843559,47.362378878155297],[-121.86808334836689,47.362835485504569],[-121.86792464946174,47.363456779490114],[-121.86844596962587,47.364209031740259],[-121.8696764284518,47.36457468215314],[-121.87097470819926,47.364544288663502],[-121.87231453465913,47.364370929235541],[-121.87308571357906,47.364265577700138],[-121.87371397422922,47.363746334436939],[-121.87382980931446,47.363433140823233],[-121.87340351702898,47.362973405184739],[-121.8734465559421,47.362626693838401],[-121.8739365273842,47.362205751669293],[-121.87429572499617,47.361905058039241],[-121.87464480918422,47.361780571257086],[-121.8749658788349,47.361237369028444],[-121.87483044169645,47.360895084060253]]]},"properties":{"OBJECTID":27,"HAZARD":"COL","EDIT_DATE":709948800000,"Shape.STArea()":6244615.6924374998,"Shape.STLength()":11644.060367906026}},{"type":"Feature","id":28,"geometry":{"type":"Polygon","coordinates":[[[-121.92395211467375,47.363717657250341],[-121.92451251325517,47.3635722161318],[-121.92533414860861,47.363279626130407],[-121.92594564670917,47.362804030151544],[-121.9261358951135,47.362204834598991],[-121.92592746876625,47.361741048695556],[-121.92536901579258,47.361495520435945],[-121.92455835369616,47.361490823669875],[-121.92387605902483,47.361619061067287],[-121.92314501217174,47.361780022941858],[-121.922827984875,47.361888331845584],[-121.92250585879083,47.361534015206523],[-121.92227227030654,47.361240837478604],[-121.92199805071373,47.361079440186991],[-121.92117863794263,47.361041691263246],[-121.92044844188416,47.361098010500172],[-121.91992797814306,47.361271195321976],[-121.9197463094248,47.361776776291968],[-121.91971859302444,47.362239241289465],[-121.91973952789382,47.362834088482785],[-121.92007711849362,47.363326248711111],[-121.92113724294819,47.363706856290179],[-121.92216692858399,47.363811945491662],[-121.92333518796826,47.363813259873311],[-121.92395211467375,47.363717657250341]]]},"properties":{"OBJECTID":28,"HAZARD":"COL","EDIT_DATE":709948800000,"Shape.STArea()":1216847.3188125,"Shape.STLength()":4497.1827859999767}},{"type":"Feature","id":29,"geometry":{"type":"Polygon","coordinates":[[[-121.91223887477545,47.362437765198273],[-121.91422222568735,47.361805085727305],[-121.91456402173149,47.361625366857922],[-121.91476847223301,47.361389721742036],[-121.9154327752553,47.360220660604384],[-121.91474385102771,47.360150516010101],[-121.91213569756528,47.360884132793231],[-121.91197989213828,47.361131088308277],[-121.91185189152441,47.362016948896787],[-121.91210107851785,47.362359865947738],[-121.91223887477545,47.362437765198273]]]},"properties":{"OBJECTID":29,"HAZARD":"COL","EDIT_DATE":709948800000,"Shape.STArea()":422846.99281249999,"Shape.STLength()":2685.9622294239048}},{"type":"Feature","id":30,"geometry":{"type":"Polygon","coordinates":[[[-121.9219201013869,47.357989548306314],[-121.9216579852156,47.358384565985226],[-121.92135381185319,47.358988576903066],[-121.9216516320292,47.359436346985369],[-121.92212085082849,47.359516189602189],[-121.92273087054245,47.359260864715765],[-121.92324954870512,47.359390562725771],[-121.92410840556344,47.359555281971147],[-121.92448925524693,47.359557439341316],[-121.92532651646988,47.359364001908816],[-121.92595296960964,47.358954578912886],[-121.92625604836934,47.35849378127245],[-121.92659906917349,47.358110265631801],[-121.92627615514265,47.35795967154624],[-121.92526171779174,47.357975884114715],[-121.92465466028895,47.357840192760278],[-121.92402975149732,47.357864078428832],[-121.923444056693,47.358075478290125],[-121.92311850161204,47.358233306853521],[-121.92257567108986,47.358202628784376],[-121.92221200205597,47.35800777672641],[-121.9219201013869,47.357989548306314]]]},"properties":{"OBJECTID":30,"HAZARD":"COL","EDIT_DATE":709948800000,"Shape.STArea()":582385.24043749995,"Shape.STLength()":3350.7263807306899}},{"type":"Feature","id":31,"geometry":{"type":"Polygon","coordinates":[[[-122.03015632286943,47.324631503845183],[-122.03020623323137,47.324543772918567],[-122.03038061996696,47.324234695579051],[-122.03094209602627,47.323220308417845],[-122.03155772507229,47.321798376074284],[-122.03189309876757,47.319738662726088],[-122.03139251121877,47.317510465130873],[-122.03066507089645,47.315409481916795],[-122.02951742448266,47.31337563488804],[-122.02848373724947,47.311561719208179],[-122.02685063206955,47.309754802643454],[-122.02515053343072,47.30765629116749],[-122.02229295574175,47.304349634929793],[-122.02110284592085,47.302084625439477],[-122.01958962632085,47.301141604937591],[-122.01741373818864,47.300657125965685],[-122.01595294102012,47.300424061239021],[-122.01552105720349,47.300039797663835],[-122.01552370630615,47.299175526964113],[-122.01407622796391,47.29841392605158],[-122.01373855028113,47.298877171911471],[-122.01381842015567,47.299961465300129],[-122.01365774964849,47.300231601643944],[-122.0123028995099,47.300003726314692],[-122.00944161762237,47.300109809948019],[-122.00740952144405,47.300571683811548],[-122.00574422775381,47.301395962233556],[-122.00414020289519,47.301515392122091],[-122.0025026986432,47.301579857119563],[-122.00033016730353,47.301623519885439],[-121.99826386593521,47.301777020666613],[-121.99608507168178,47.302128900155637],[-121.99556884764681,47.302614532280714],[-121.99629477993058,47.303267926312408],[-121.99622495177775,47.303912192548239],[-121.99615807603975,47.304848192450706],[-121.99665562148188,47.30540302059687],[-121.9970889315131,47.305969049629425],[-121.99707842849976,47.307015019157994],[-121.99760303990851,47.308037705528747],[-121.99869268856554,47.308569143639943],[-121.99949700180952,47.308958094118658],[-121.99980336452788,47.309997820588691],[-122.00002950346392,47.311235911142589],[-122.00082591608928,47.312962605245652],[-122.00246322847757,47.314136769946678],[-122.00367988027236,47.314254983768876],[-122.00534218192897,47.31426750979648],[-122.00706774931939,47.313955072666069],[-122.00822620117064,47.313792637834261],[-122.00913114215247,47.314616185649491],[-122.00873265925526,47.315811741003728],[-122.00792185088486,47.31718443737207],[-122.00721435928099,47.318177044398233],[-122.00612651779903,47.319335700475932],[-122.00486475087062,47.319999344994187],[-122.00218532213643,47.320759924368296],[-122.00096974658904,47.320922416219098],[-121.9993124323732,47.320441911093553],[-121.99765645269864,47.320087942853839],[-121.99711015293286,47.319681844848553],[-121.99675907868006,47.31919274772401],[-121.99611928698256,47.319386878287162],[-121.99548962078534,47.319878277936496],[-121.99484868612237,47.319885266934364],[-121.99383232064113,47.320735365904689],[-121.99244001765958,47.321316606095237],[-121.99049065113554,47.322212832334841],[-121.98913193355943,47.322926044472254],[-121.98800895332754,47.323611193832768],[-121.98823381898093,47.324710259362888],[-121.98765515855402,47.325257944514938],[-121.98676117084111,47.325792965797454],[-121.98597188157613,47.326345036774775],[-121.98537732793163,47.326859583812841],[-121.98460454269332,47.327384207235866],[-121.98252563019631,47.326552707627833],[-121.98194023731808,47.326935110123586],[-121.98163850151872,47.327219867790731],[-121.98248541598983,47.328072445545409],[-121.98271467830874,47.329169551995484],[-121.98127496803063,47.330087129821216],[-121.97911066294922,47.331573619156423],[-121.97771088071148,47.332640022378563],[-121.97647286507119,47.333729343269582],[-121.97550214498864,47.334825571549111],[-121.97502651857249,47.335808819394998],[-121.9760969812158,47.337246339764988],[-121.97678996472004,47.338180714953694],[-121.97683575872307,47.338638044339476],[-121.97652448131817,47.339159576218684],[-121.97545199832634,47.339710060210514],[-121.97436287446249,47.340122779201948],[-121.97382515119047,47.3406430732987],[-121.97321247266439,47.34144934926401],[-121.97258158988915,47.342624466975977],[-121.9721500147204,47.34299663759316],[-121.97187195080434,47.343402667374448],[-121.97263093547407,47.344056548757486],[-121.97285288307138,47.345032509817216],[-121.97283925410741,47.345957610209233],[-121.97274517361738,47.346893289259484],[-121.97271566893842,47.347807327379137],[-121.97280852449273,47.348666902567224],[-121.97269675849468,47.349855817511823],[-121.9724160820447,47.350768505933139],[-121.97216305522053,47.351075536474504],[-121.97202159942142,47.351735630068902],[-121.9721738347976,47.352149478386906],[-121.97247846160369,47.352729340870631],[-121.97280125622319,47.353078005781107],[-121.97282886673482,47.353882226048199],[-121.97283016820047,47.355214887341951],[-121.97272559348352,47.356502990866836],[-121.97294410523894,47.358128767269676],[-121.97381928596243,47.358364701706812],[-121.9748553192693,47.358667640425033],[-121.97566646856301,47.35864990876788],[-121.97721180308963,47.357909150095935],[-121.97891940829507,47.357026171016742],[-121.98037612086803,47.356158259162385],[-121.98223100001665,47.355028048726204],[-121.9843546334548,47.353761583635894],[-121.98625119634855,47.35249389969642],[-121.98827668014408,47.351199333972886],[-121.99049130844652,47.349591800042042],[-121.9929260371437,47.347500737118501],[-121.993667648628,47.3467886723422],[-121.99430143919089,47.346626729467857],[-121.99467582427232,47.34636434739015],[-121.99462031632869,47.346044618222919],[-121.99335232849592,47.345008263300564],[-121.99183671246621,47.343216152123645],[-121.99171130298004,47.342494053297848],[-121.99089177041205,47.34093681007824],[-121.98937830309514,47.338753665240574],[-121.98723589724122,47.335867818199461],[-121.98736951857974,47.335251718035423],[-121.98752482491233,47.334933115872651],[-121.98736511312916,47.334480702226841],[-121.98738291140293,47.334144866195878],[-121.98874566882714,47.332367739497066],[-121.989276325837,47.331720659023041],[-121.98974900976694,47.331210977804275],[-121.99360432090124,47.330250732463234],[-121.99492621091196,47.330279586559001],[-121.99562204790601,47.330514446992623],[-121.99656107861047,47.330667980488016],[-121.99825569481277,47.33068223327944],[-121.99892300917385,47.330178992531238],[-121.99973583678219,47.329759114843419],[-122.00072548198783,47.329560391847409],[-122.00128113382196,47.328753714057889],[-122.00237670793145,47.328401349204057],[-122.00363386963798,47.328242507408042],[-122.00455844155908,47.328291291470364],[-122.00525987465785,47.328977703962508],[-122.00544439567155,47.329496284034164],[-122.00597056620109,47.329581570710324],[-122.00771909908126,47.328428424065073],[-122.00880530560042,47.328356806734263],[-122.01080926077294,47.328052973668292],[-122.01260305188144,47.327505772576899],[-122.01439610838732,47.327173290594239],[-122.01561245677858,47.327151808903999],[-122.0174127283537,47.327072647036168],[-122.01827745097361,47.327550521118567],[-122.01844612454498,47.327920334574713],[-122.0197993372542,47.328020648900051],[-122.02094222001217,47.328026289257146],[-122.02204527969911,47.328009697292146],[-122.02280092675885,47.327545292244025],[-122.02375895382346,47.327203075036046],[-122.02470852365772,47.326866318037304],[-122.02638022916317,47.326654188237441],[-122.02730506536773,47.326383344330644],[-122.02861843734206,47.326285126662341],[-122.03015632286943,47.324631503845183]]]},"properties":{"OBJECTID":31,"HAZARD":"COL","EDIT_DATE":709948800000,"Shape.STArea()":114213864.0199375,"Shape.STLength()":71161.320824644892}},{"type":"Feature","id":32,"geometry":{"type":"Polygon","coordinates":[[[-121.87652951616063,47.353553649662885],[-121.87661285716105,47.353256775030232],[-121.87615357918885,47.352884960921365],[-121.87550705597529,47.35255599171564],[-121.87485067619838,47.352491346415157],[-121.87427392176905,47.352575883088832],[-121.87383217759265,47.353134863430803],[-121.87344774917089,47.353584032983179],[-121.87360670898302,47.354020070379327],[-121.87434143917045,47.35449826157862],[-121.87478604630185,47.354715803824028],[-121.87550756315463,47.354681792351094],[-121.87606246292093,47.354233637002714],[-121.87638207246145,47.353822562336688],[-121.87652951616063,47.353553649662885]]]},"properties":{"OBJECTID":32,"HAZARD":"COL","EDIT_DATE":709948800000,"Shape.STArea()":444962.27606250002,"Shape.STLength()":2438.2086754297206}},{"type":"Feature","id":33,"geometry":{"type":"Polygon","coordinates":[[[-121.91413479194016,47.354061573373485],[-121.91442040583071,47.353776915692052],[-121.91456083638327,47.353397750981365],[-121.91478181834641,47.353085137701555],[-121.9151404423399,47.352795347418436],[-121.91397521847769,47.352392020016467],[-121.91346535580539,47.352196287500171],[-121.91311816402421,47.351940912211823],[-121.91298248092733,47.351719822868368],[-121.91199340068354,47.35161488825824],[-121.91139353883777,47.351578298615031],[-121.91103641372423,47.351647757816615],[-121.91123760590949,47.351891292136749],[-121.91103999797562,47.352286635630477],[-121.9109003516367,47.352533627866428],[-121.91054237376596,47.352806860149862],[-121.91056370713294,47.353181484095693],[-121.91117111437794,47.353289681230088],[-121.91220794195726,47.353483058595636],[-121.91292106310701,47.35363042221033],[-121.9136251891952,47.353854828056612],[-121.91403782142879,47.35400596950884],[-121.91413479194016,47.354061573373485]]]},"properties":{"OBJECTID":33,"HAZARD":"COL","EDIT_DATE":709948800000,"Shape.STArea()":581241.64981249999,"Shape.STLength()":3274.2312879351712}},{"type":"Feature","id":34,"geometry":{"type":"Polygon","coordinates":[[[-121.88069834553855,47.349155213907181],[-121.88151108615651,47.348820785413047],[-121.88283491660543,47.348575604109655],[-121.88467671622948,47.348410699487872],[-121.88707184067414,47.348078423820553],[-121.88879166547862,47.347967752077224],[-121.88909426478767,47.347595139382051],[-121.88891883445599,47.347147985963169],[-121.88789955493199,47.346838864537936],[-121.88652098487373,47.346841458725834],[-121.88161937004671,47.347279464520369],[-121.88031189042769,47.346450857326452],[-121.879387335223,47.346412089061396],[-121.87881326522059,47.346248838139331],[-121.87824487276843,47.345132868713819],[-121.87766270623318,47.344942033778246],[-121.87711960062522,47.344889101162714],[-121.87661450894223,47.345199867862632],[-121.87606016934105,47.345620494503372],[-121.87619668303816,47.346954031234418],[-121.87582146029095,47.347254599587352],[-121.87400605472791,47.347072612666913],[-121.87225589346639,47.346874444282122],[-121.87123430772385,47.346901100290289],[-121.87034264583889,47.347936345772574],[-121.86914342826311,47.348848536288457],[-121.8684152221465,47.349763649876131],[-121.86924407926068,47.350594930973543],[-121.87041730007543,47.350938238793162],[-121.87160998193616,47.350940159194323],[-121.87301440919971,47.350761677649537],[-121.87362890281555,47.350952774627494],[-121.87444799205669,47.351034950250927],[-121.87506687238842,47.3506863501973],[-121.87540544888051,47.349785296647006],[-121.87609133153444,47.349156225887242],[-121.8779495774707,47.349030091530025],[-121.88049265998673,47.35177733405127],[-121.88175331901576,47.352401901278185],[-121.88227928193112,47.352526297427339],[-121.88273559790403,47.352220714622732],[-121.88282105114513,47.351654012586842],[-121.88272802306439,47.351064160290136],[-121.88161496590013,47.350154169663057],[-121.88069834553855,47.349155213907181]]]},"properties":{"OBJECTID":34,"HAZARD":"COL","EDIT_DATE":709948800000,"Shape.STArea()":5359761.993125,"Shape.STLength()":15356.02085645767}},{"type":"Feature","id":35,"geometry":{"type":"Polygon","coordinates":[[[-121.91260568642571,47.347317427644477],[-121.91202678592347,47.346510016670827],[-121.91175583209181,47.345792505658828],[-121.91153808251951,47.345576416078124],[-121.91092910003809,47.34575456001712],[-121.9087202931949,47.346209612445193],[-121.90877941682828,47.347025021455465],[-121.90825918802354,47.347302787183729],[-121.9085958490689,47.347833479410191],[-121.90923959492287,47.348608267874845],[-121.91001330335288,47.349350780591038],[-121.9104585454307,47.349447028133227],[-121.91088092976277,47.349339379447834],[-121.91092321801339,47.349042246049613],[-121.91111144779632,47.348828591541647],[-121.91143811303898,47.34850557465311],[-121.91181248619029,47.348270995273694],[-121.91193612860079,47.347957836921111],[-121.91260568642571,47.347317427644477]]]},"properties":{"OBJECTID":35,"HAZARD":"COL","EDIT_DATE":709948800000,"Shape.STArea()":921780.006375,"Shape.STLength()":3860.4381294788268}},{"type":"Feature","id":36,"geometry":{"type":"Polygon","coordinates":[[[-121.90404869268613,47.348660046315963],[-121.90434132206271,47.347411669407656],[-121.90464144917851,47.34618537129213],[-121.90510521097885,47.345956844693397],[-121.90538303144119,47.34561155964083],[-121.90532039355428,47.345286271941838],[-121.90483660923243,47.344930934790035],[-121.9050257638329,47.343285426087434],[-121.90490582344322,47.343042417482955],[-121.90445229890771,47.342957109089987],[-121.90330860980821,47.343049383710607],[-121.90239310769324,47.34288423342543],[-121.90169558577806,47.342924124564455],[-121.90121090049755,47.342645848484452],[-121.90050636460529,47.342465411948545],[-121.89954230591482,47.342366023918984],[-121.8985047406841,47.342370778849507],[-121.89794354473963,47.342543624379459],[-121.89721991247299,47.342836661574772],[-121.8961491665106,47.342896283660522],[-121.8953763788269,47.343227573458392],[-121.89449654693634,47.343800495306226],[-121.89440417880921,47.344268032091293],[-121.89454082697438,47.344516679865471],[-121.89426903485668,47.345087794837468],[-121.89408468374752,47.345967777355142],[-121.8943481217991,47.346525607613749],[-121.89448353452666,47.346911910567584],[-121.89426149344681,47.347400690908472],[-121.89420872909534,47.347956601011084],[-121.89414862851591,47.34842435345589],[-121.89477975396927,47.348686978156422],[-121.89582455722405,47.348808954896747],[-121.89731749453368,47.348724335830127],[-121.89874559243839,47.348650309035776],[-121.89978155743131,47.348931910027027],[-121.90086878223528,47.348833756079316],[-121.90219130229349,47.348726047506254],[-121.90314901875006,47.348632650117111],[-121.90404869268613,47.348660046315963]]]},"properties":{"OBJECTID":36,"HAZARD":"COL","EDIT_DATE":709948800000,"Shape.STArea()":5565879.3875000002,"Shape.STLength()":9248.364805547275}},{"type":"Feature","id":37,"geometry":{"type":"Polygon","coordinates":[[[-121.88946165522584,47.339094370477262],[-121.88814405863774,47.338585232297142],[-121.88808949270596,47.33825446259938],[-121.88881190041111,47.338176252374133],[-121.88925902906652,47.337898145008865],[-121.88921336965034,47.33753436999357],[-121.88874597807516,47.337057919064151],[-121.88823829998626,47.336658308661889],[-121.8872736957737,47.336575316760516],[-121.8873658725888,47.336195885597732],[-121.88733637269388,47.335782674151858],[-121.88720875633288,47.335479014621235],[-121.88728417210679,47.335143522302566],[-121.88770833010248,47.33477714815433],[-121.88790542373215,47.334425892059244],[-121.88769127200699,47.333730694664709],[-121.8875578358609,47.333113076504603],[-121.88708023515544,47.332977996942574],[-121.8860487295845,47.333274574657288],[-121.88485010262168,47.333107503304639],[-121.88377994863174,47.33311195613993],[-121.88285988779383,47.333662541659919],[-121.88239999939327,47.334485767633261],[-121.88272845475828,47.335077034174731],[-121.8835180315123,47.335709713708468],[-121.88407446198241,47.336104135410338],[-121.8835665730725,47.336871992866399],[-121.88307054191398,47.337050693656217],[-121.88247688027671,47.337338894307663],[-121.88232754952924,47.337811600789678],[-121.88254205451858,47.33845173432529],[-121.88194336163153,47.339395296030517],[-121.88180144355445,47.339961661904212],[-121.88146269391149,47.340895744967533],[-121.88163585230782,47.341535665447886],[-121.88283558485128,47.342804165093384],[-121.88438832901784,47.34336991625991],[-121.88554441798362,47.343867146538074],[-121.88679106917171,47.3441281009287],[-121.88774753095525,47.344150491307921],[-121.88820373266445,47.343894429833512],[-121.88866938259963,47.343407139257302],[-121.88932292711175,47.342711712971514],[-121.88913046188348,47.342369118787026],[-121.88846813290802,47.342029130524686],[-121.88839765622738,47.341659738287731],[-121.88831940305558,47.341229713768762],[-121.88849306455714,47.340740626033963],[-121.88816437934722,47.34024297999909],[-121.88774599572749,47.339772321966478],[-121.88755410626322,47.33945724425277],[-121.88792732384283,47.339338379501072],[-121.88873870689352,47.339321287699107],[-121.88908759759028,47.339246299767531],[-121.88946165522584,47.339094370477262]]]},"properties":{"OBJECTID":37,"HAZARD":"COL","EDIT_DATE":709948800000,"Shape.STArea()":5429292.3721874999,"Shape.STLength()":11866.580707224546}},{"type":"Feature","id":38,"geometry":{"type":"Polygon","coordinates":[[[-121.96322522116529,47.338418409258558],[-121.96372867394093,47.338244914968861],[-121.96402986315005,47.338020763950389],[-121.96415334354718,47.337668992303186],[-121.96414843324685,47.337068700361201],[-121.96384627385783,47.336081275539705],[-121.96338177298418,47.335093006029872],[-121.963183423629,47.334265836259938],[-121.96296035315636,47.333554237292589],[-121.96276275450892,47.332644507548096],[-121.96252485687901,47.331712494215729],[-121.96260885121129,47.331189798790284],[-121.96267655823782,47.330589895823024],[-121.96246823739742,47.33028037761445],[-121.96199135164392,47.329952845329288],[-121.96128488739519,47.330152752108546],[-121.96100606869101,47.330734964746924],[-121.96068466129604,47.331680457467272],[-121.96056784658916,47.332318610486567],[-121.96053054338958,47.333067377893194],[-121.96076149893779,47.333889171204909],[-121.96091973621319,47.334517859190733],[-121.96120732366259,47.335323454075876],[-121.96146232306093,47.336090322109079],[-121.96156434004429,47.336729700538989],[-121.96181450030208,47.3369678822827],[-121.96226358721162,47.337779851580997],[-121.96255324585556,47.338282564204519],[-121.96322522116529,47.338418409258558]]]},"properties":{"OBJECTID":38,"HAZARD":"COL","EDIT_DATE":709948800000,"Shape.STArea()":1553212.2637499999,"Shape.STLength()":6733.5324970880756}},{"type":"Feature","id":39,"geometry":{"type":"Polygon","coordinates":[[[-121.94600370553094,47.323207774091692],[-121.94664430053793,47.32320657372378],[-121.94708975036146,47.323106612978201],[-121.94740510741546,47.3228858406247],[-121.94712802301545,47.32265515372881],[-121.94652844718146,47.322617741515593],[-121.94606616957408,47.322684684766614],[-121.94588910425408,47.322938239768789],[-121.94600370553094,47.323207774091692]]]},"properties":{"OBJECTID":39,"HAZARD":"COL","EDIT_DATE":709948800000,"Shape.STArea()":62049.456624999999,"Shape.STLength()":967.43839526832699}},{"type":"Feature","id":40,"geometry":{"type":"Polygon","coordinates":[[[-121.9494528245904,47.322524849155783],[-121.94948651945028,47.32223781087324],[-121.94970225005014,47.321576824039198],[-121.95012091094605,47.321025519944719],[-121.95096927569318,47.320346783845473],[-121.95133244330779,47.31998276178777],[-121.95197784117028,47.319194296118624],[-121.95192656504686,47.318776040001538],[-121.95128563689651,47.318617591168262],[-121.95077119616039,47.317891949159097],[-121.95020102807982,47.317364541456676],[-121.94949584712754,47.317382403397694],[-121.94927293293919,47.31829666494955],[-121.94902608911079,47.319199937205532],[-121.9490382826861,47.320102758207049],[-121.94868527133175,47.320967685492576],[-121.94799040777691,47.321519497866902],[-121.94851269702517,47.322140567629617],[-121.94917987541238,47.322535681062547],[-121.9494528245904,47.322524849155783]]]},"properties":{"OBJECTID":40,"HAZARD":"COL","EDIT_DATE":709948800000,"Shape.STArea()":845254.10675000004,"Shape.STLength()":4565.9442274402154}},{"type":"Feature","id":41,"geometry":{"type":"Polygon","coordinates":[[[-121.99400646981485,47.30288787290101],[-121.99382664320048,47.302662577688743],[-121.99263378299226,47.302445121188015],[-121.99132754300142,47.302271949297811],[-121.9898362763582,47.302275319162952],[-121.98910960783131,47.302816449370603],[-121.98792836507235,47.304723806792119],[-121.98715850946299,47.306233919740464],[-121.98629938796527,47.30778822956696],[-121.98597343236939,47.308911972889867],[-121.98379739009103,47.309841627325838],[-121.98105775077713,47.31002928926069],[-121.9791572952832,47.309466418311182],[-121.97703914722578,47.309085642831981],[-121.97422504521617,47.308954048062446],[-121.97228801724945,47.309090262415758],[-121.97066223603514,47.308361519347031],[-121.96945443971362,47.306784113897749],[-121.96854354954101,47.304721657179648],[-121.9675008822234,47.302224555263528],[-121.96695205175786,47.299495210372093],[-121.96624046467356,47.296645118222706],[-121.96734238217427,47.293466481954169],[-121.9686037150713,47.291234369551042],[-121.96921513746469,47.288838439464342],[-121.96897455544284,47.286246096040664],[-121.96818011757713,47.284612804496483],[-121.9680243736338,47.284189221234534],[-121.96704842438905,47.282055315793492],[-121.96665141993419,47.280443177353646],[-121.9658765282739,47.27951996221303],[-121.96495255504708,47.279433744645608],[-121.96423195710453,47.279506799949388],[-121.96338762935807,47.27916720759324],[-121.96241428701117,47.279103117185286],[-121.96107970475866,47.279546184198807],[-121.9605143526731,47.279976708833296],[-121.95939973951563,47.280650527211826],[-121.95873790319459,47.2811858256633],[-121.95802741357244,47.281660662993779],[-121.95728909897335,47.281590593054801],[-121.95622965778722,47.281928478624693],[-121.95568045034706,47.282292865247406],[-121.95452410801127,47.282928214500522],[-121.95419072431217,47.282576549762076],[-121.95313536485193,47.282259299841634],[-121.9522101192246,47.281996854661756],[-121.9519721688491,47.28132569953145],[-121.95134366638047,47.280501163737952],[-121.95013049218325,47.279204329444489],[-121.9503764265345,47.278102884906147],[-121.95075990668828,47.277028677087365],[-121.95083657159256,47.276043117421111],[-121.94991955418874,47.275830223893934],[-121.94909911338743,47.275446400600231],[-121.94790797382782,47.275366108094914],[-121.94733609393485,47.276060822805697],[-121.94708198877034,47.277277877894548],[-121.94650485501843,47.278556120201394],[-121.94611445380261,47.279878037753747],[-121.94580533007165,47.281375956157262],[-121.9450157486791,47.28232979532369],[-121.94430441855839,47.282771526228537],[-121.94394224754207,47.28326763378508],[-121.94389643586085,47.28386225125292],[-121.94480529522528,47.284207394596208],[-121.94576343138991,47.284453299101344],[-121.9464378263901,47.284903463701262],[-121.94702491173311,47.285628983072186],[-121.94755701127528,47.286657423842037],[-121.94791714454016,47.287438447065888],[-121.94875352924835,47.287805692472269],[-121.94965101096359,47.287352566068222],[-121.95005283136508,47.286685714065229],[-121.95105831481662,47.286810384688799],[-121.95208111505352,47.287061659387533],[-121.95273309279064,47.287825578334143],[-121.95306849411857,47.288529565413413],[-121.95391680759678,47.289639907070452],[-121.95459456547999,47.290640508773635],[-121.954834221794,47.2915758768847],[-121.95516388239976,47.292714763760507],[-121.9547441066598,47.293012851262837],[-121.95330873942794,47.292861498762967],[-121.95192168646133,47.292660509813324],[-121.95097426582501,47.292783422825451],[-121.95070905422405,47.293361940875819],[-121.95061734915643,47.29444661099722],[-121.95166609144074,47.295127213291586],[-121.95315430249968,47.296027145267992],[-121.95398502543829,47.296851274721945],[-121.9534113733696,47.298977301145044],[-121.9530782952844,47.300387227938913],[-121.95244170988103,47.301175658020483],[-121.95221119327879,47.302200035755078],[-121.95197277233395,47.303114305359507],[-121.95234171992307,47.304016424022059],[-121.9524785431406,47.305419920682532],[-121.95246996733468,47.307021878642018],[-121.95228172358917,47.308398478214173],[-121.95170474349159,47.309764800670941],[-121.9516780669898,47.310992473588662],[-121.95153742161503,47.312027680023135],[-121.9513968041264,47.313040864204673],[-121.95123021215699,47.313899951957943],[-121.95156584338456,47.314466324029681],[-121.95223725100209,47.314261336789748],[-121.95338620565677,47.313741649515862],[-121.95426771046861,47.313205967230388],[-121.95492039979636,47.312340428434567],[-121.95556848323818,47.312295104941718],[-121.95632320500526,47.312381714071108],[-121.95665124627652,47.313179288384298],[-121.95710183681771,47.314004131760193],[-121.95798328177855,47.315202479653493],[-121.95882330409263,47.316136652879422],[-121.95915243988709,47.317099357353364],[-121.95883925931972,47.31772204592987],[-121.95874432359984,47.318135113097114],[-121.95930480797487,47.318442268728042],[-121.95999334141725,47.318259237873434],[-121.96081888732066,47.31802638247467],[-121.96170452542172,47.318266819710765],[-121.96256679116671,47.318755012830614],[-121.96340455938417,47.319298301491791],[-121.96442751460793,47.319477885663986],[-121.96533829944407,47.319993506328736],[-121.96663544485726,47.319963321265526],[-121.96798965747539,47.319938507001581],[-121.96918202539089,47.319864490621406],[-121.97044014729218,47.320126095681943],[-121.97188527928829,47.320480892924287],[-121.9735330821057,47.320675588768928],[-121.9739554204003,47.320905905106279],[-121.97452314820465,47.320915688852992],[-121.97577038225197,47.320560747298799],[-121.97692147110821,47.32044264114451],[-121.97826836043139,47.320566387702755],[-121.97898132002831,47.320487759790481],[-121.98024797198413,47.319295943392511],[-121.98181817762841,47.31866496063703],[-121.98396366219532,47.317977598538967],[-121.98579478737591,47.317687292286315],[-121.98681532291567,47.317503347527769],[-121.98740237850608,47.31665426439163],[-121.98848440222524,47.315809571596276],[-121.98930573962272,47.31480030495937],[-121.98954241592568,47.31358319292206],[-121.99022754544421,47.311407183516764],[-121.991548876973,47.309906827457134],[-121.9920956559197,47.309134900932143],[-121.99217288845612,47.308435556151537],[-121.99285430465045,47.306964183643032],[-121.99383728345495,47.304528744069124],[-121.99400646981485,47.30288787290101]],[[-121.9853279103845,47.315480823486979],[-121.98397152008339,47.316524269192428],[-121.98235101593524,47.316742533522294],[-121.9806152067585,47.316713300157737],[-121.97891201346317,47.316700481432441],[-121.97816597807403,47.316647049214318],[-121.97761918031472,47.316048191421125],[-121.97738213346213,47.315624820906059],[-121.97656975575202,47.315417371896928],[-121.97511050940105,47.315403983563222],[-121.97426589258048,47.315196588466222],[-121.97423918141573,47.314734202836064],[-121.97418833172675,47.314343478293999],[-121.97452833441091,47.314243659899752],[-121.97572124154519,47.314362243193969],[-121.97680685081373,47.314205768801067],[-121.97775315951478,47.31376334400138],[-121.97773408916505,47.313190848769096],[-121.97683933494497,47.312763396333565],[-121.97583234902768,47.312457280603653],[-121.97441316147535,47.312405262048131],[-121.97326188427256,47.312391162690425],[-121.97163237879091,47.312400115776931],[-121.96998660251315,47.312425590923056],[-121.96882532342394,47.312136234877677],[-121.96784164269467,47.311670364451032],[-121.96726391677879,47.311264183212458],[-121.96741607050146,47.310867522782225],[-121.9684120714752,47.310601201595389],[-121.96948977600334,47.310477865149025],[-121.97207733987628,47.310709169598056],[-121.9740098455803,47.311195025340453],[-121.97599788098672,47.311499072918906],[-121.97821373272799,47.311896164418997],[-121.97884588511545,47.311883789038092],[-121.97845495045949,47.311543332816363],[-121.97931310474674,47.311266227277493],[-121.98011490510295,47.311154365582311],[-121.98241879771102,47.311314497819382],[-121.98421122806565,47.311360091892169],[-121.98586502609596,47.31133438805324],[-121.98657992940441,47.311624564539748],[-121.98629131363252,47.312225235607983],[-121.98525542384466,47.312508316600095],[-121.98347998585176,47.31257279359626],[-121.98185111514853,47.312840620558461],[-121.98054754803552,47.313190269204135],[-121.97995064229528,47.31373105090799],[-121.98033625849072,47.314517437489094],[-121.98138428645461,47.314922511512989],[-121.98295019267221,47.315111774521988],[-121.98436239001792,47.315323312993847],[-121.9853279103845,47.315480823486979]]]},"properties":{"OBJECTID":41,"HAZARD":"COL","EDIT_DATE":709948800000,"Shape.STArea()":75083011.789124995,"Shape.STLength()":77548.031430661169}},{"type":"Feature","id":42,"geometry":{"type":"Polygon","coordinates":[[[-121.94419981734524,47.315564702910088],[-121.94450737181043,47.31554765355687],[-121.94500211902863,47.315541231231364],[-121.94517883171929,47.315106017623165],[-121.9451526290522,47.314797783493205],[-121.94482804649131,47.314677250539098],[-121.94424403220002,47.314656319501303],[-121.94405888572251,47.314931904274289],[-121.94402814524005,47.315311832445516],[-121.94419981734524,47.315564702910088]]]},"properties":{"OBJECTID":42,"HAZARD":"COL","EDIT_DATE":709948800000,"Shape.STArea()":80376.995750000002,"Shape.STLength()":1064.338710579922}},{"type":"Feature","id":43,"geometry":{"type":"Polygon","coordinates":[[[-121.87717307268586,47.311414127418495],[-121.87768389395204,47.311457500701515],[-121.87815415772424,47.311412847564497],[-121.8783157628781,47.311203455725753],[-121.87790887816448,47.310813131289507],[-121.87726003602964,47.310670830868041],[-121.876481750746,47.310809419823656],[-121.87612678189758,47.31122825481475],[-121.87621723319931,47.311696085711979],[-121.8764458400168,47.312092128617252],[-121.87668010539556,47.311937696115805],[-121.87702774180423,47.311656525859995],[-121.87717307268586,47.311414127418495]]]},"properties":{"OBJECTID":43,"HAZARD":"COL","EDIT_DATE":709948800000,"Shape.STArea()":151625.20806249999,"Shape.STLength()":1689.1034005755437}},{"type":"Feature","id":44,"geometry":{"type":"Polygon","coordinates":[[[-121.90969443891348,47.311316294503008],[-121.9100520160615,47.311257607838179],[-121.91042324040973,47.310882675809474],[-121.91054282033144,47.310376029215732],[-121.91112528797576,47.310055845631204],[-121.91197486483362,47.309542561887127],[-121.91210232473095,47.309052395760041],[-121.91211468036661,47.308160592930783],[-121.91264048973166,47.307757896942789],[-121.91375720526457,47.307178091293054],[-121.91467051973105,47.306631641778353],[-121.91506589601876,47.306014463421057],[-121.91569470220254,47.305380395977963],[-121.91629290785463,47.304850957550499],[-121.91702904218164,47.304486431957876],[-121.91763755335651,47.304479937773941],[-121.91810665596532,47.304286515447188],[-121.91836419359115,47.303779630978404],[-121.91833797370265,47.303438362867361],[-121.91881585751909,47.30325592991661],[-121.91909821749988,47.302974719580227],[-121.91931484313274,47.302390834346156],[-121.91909378604862,47.301983814307746],[-121.91874371263377,47.301599047301679],[-121.9184673046426,47.301340783979363],[-121.91862614452373,47.300569837070476],[-121.91877793075854,47.300090654221364],[-121.91847614883329,47.299628717498713],[-121.91819959057534,47.299386946684066],[-121.91715278902893,47.299074870532415],[-121.91656095182815,47.299202418108202],[-121.91488543340594,47.299695085411756],[-121.91396286691349,47.300153459857285],[-121.91200501246885,47.301103418506507],[-121.90994171753532,47.301976417783386],[-121.90856772348856,47.303051993699768],[-121.90900933715065,47.304069734107237],[-121.90918389554776,47.305159480368566],[-121.9090651890377,47.305831262849779],[-121.90802673212535,47.305634665785163],[-121.90627539229745,47.305686912279484],[-121.90512567525487,47.306035449507846],[-121.90462671786808,47.307038104044771],[-121.90437887254151,47.307902767611147],[-121.90479699547227,47.308981108853558],[-121.90589170701566,47.30911707656324],[-121.90731141434406,47.309202975019936],[-121.90853015915698,47.309955275239908],[-121.90920657969941,47.310675383920874],[-121.90954095415273,47.311252895942104],[-121.90969443891348,47.311316294503008]]]},"properties":{"OBJECTID":44,"HAZARD":"COL","EDIT_DATE":709948800000,"Shape.STArea()":7510894.0331250001,"Shape.STLength()":13221.618088773188}},{"type":"Feature","id":45,"geometry":{"type":"Polygon","coordinates":[[[-121.88547563020522,47.311271167216866],[-121.88618077273958,47.311154617992244],[-121.88651996877221,47.310807352433386],[-121.88648551907848,47.310372489678933],[-121.88575590419784,47.310323950624948],[-121.88518082378839,47.310467840573729],[-121.88516601592549,47.310809172419489],[-121.88547563020522,47.311271167216866]]]},"properties":{"OBJECTID":45,"HAZARD":"COL","EDIT_DATE":709948800000,"Shape.STArea()":90362.266749999995,"Shape.STLength()":1134.6089168621163}},{"type":"Feature","id":46,"geometry":{"type":"Polygon","coordinates":[[[-121.89395325014146,47.29303810412636],[-121.89213787093416,47.290800149653485],[-121.89133297203152,47.290278293037176],[-121.89022241110317,47.290109181118545],[-121.88908017744866,47.290292427112576],[-121.88904904362997,47.29072186070912],[-121.89000755475173,47.29124347734539],[-121.89092593321979,47.291946864885801],[-121.89152947735285,47.29294792406975],[-121.8920182282025,47.293651872856096],[-121.89118540222262,47.294093436333597],[-121.89024720091689,47.294705795292209],[-121.89049330357123,47.2954926629452],[-121.89170288844056,47.296068980331142],[-121.89273456933249,47.29659053213809],[-121.89236439605629,47.297367250697157],[-121.89137709229975,47.297720919419795],[-121.89021023443033,47.297915224588664],[-121.88876920608162,47.298429170457126],[-121.88809868606657,47.299030124252276],[-121.88823912941626,47.299624454605684],[-121.88909242786195,47.300267352400979],[-121.88857502639345,47.300642420108574],[-121.88835952185981,47.301523496252813],[-121.8882549310617,47.301958544536227],[-121.88846160244319,47.302888590336131],[-121.88894153294375,47.303427443855973],[-121.88998971137192,47.304086554957493],[-121.89110075807075,47.30409054421758],[-121.89325004625063,47.304434351320182],[-121.89438599686193,47.304647408897239],[-121.89673709522249,47.304655086805333],[-121.897871442408,47.304367182818034],[-121.8994663800725,47.303885940056972],[-121.90077797719768,47.303471115654538],[-121.90209692152929,47.302775562600225],[-121.90249082977027,47.301932721911093],[-121.90246390604766,47.301305204385109],[-121.90279331622826,47.300511977876489],[-121.90256300984815,47.299670087707909],[-121.90241462177707,47.299064752899625],[-121.90303828323924,47.298915195634258],[-121.90412383650681,47.298687856331668],[-121.90480229451673,47.298163863808],[-121.90506080664733,47.297921258107557],[-121.90561242976948,47.297920397952922],[-121.90592614039787,47.297396965744724],[-121.90547907450089,47.296968245874808],[-121.90520085885753,47.296346625415175],[-121.90580441397687,47.29526674241626],[-121.90603693719555,47.294666348700467],[-121.90572687895916,47.294039246620905],[-121.90524730189334,47.293841803568419],[-121.90494584100981,47.293363313197013],[-121.90396452034291,47.293238198380585],[-121.9023763054405,47.293438759302546],[-121.9004971519052,47.293700261105187],[-121.89986695690894,47.29426821889944],[-121.89927033707568,47.295100345943354],[-121.8984351917955,47.294930878055844],[-121.89723512166294,47.294949133429554],[-121.89650710143891,47.295241954853651],[-121.89550362543794,47.295788374772975],[-121.89478022555035,47.295216896578559],[-121.89480209094017,47.294605820586803],[-121.89454907918469,47.294127235239515],[-121.89390928155925,47.294199723107305],[-121.89335736702117,47.29413444817277],[-121.89294240373218,47.293568015947109],[-121.89277115692904,47.293370071707223],[-121.89395325014146,47.29303810412636]]]},"properties":{"OBJECTID":46,"HAZARD":"COL","EDIT_DATE":709948800000,"Shape.STArea()":13442887.998125,"Shape.STLength()":20292.109325792782}},{"type":"Feature","id":47,"geometry":{"type":"Polygon","coordinates":[[[-121.9910563738639,47.301606459963793],[-121.99163096014389,47.301434508487887],[-121.99170130216618,47.301015965698234],[-121.99188481798886,47.300498075222634],[-121.99163207516962,47.300118785712684],[-121.9909101507542,47.300120434328782],[-121.99032807336167,47.300386002871093],[-121.99059924393016,47.301029474493525],[-121.9909667813891,47.301496548639996],[-121.9910563738639,47.301606459963793]]]},"properties":{"OBJECTID":47,"HAZARD":"COL","EDIT_DATE":709948800000,"Shape.STArea()":143206.14425000001,"Shape.STLength()":1491.9592568167004}},{"type":"Feature","id":48,"geometry":{"type":"Polygon","coordinates":[[[-121.87972286614162,47.296217173909547],[-121.87973775706058,47.295727211197345],[-121.87966282568536,47.29520434255533],[-121.8789888653903,47.294929976342509],[-121.87856039506602,47.295117675701484],[-121.87852258601103,47.295948958344255],[-121.8782257180457,47.296824662205076],[-121.87833336319395,47.297397030150265],[-121.87890082762004,47.2975339034085],[-121.87961331570386,47.297213711803465],[-121.88020343241492,47.296745029753957],[-121.88072869596068,47.296359024011707],[-121.88007135115548,47.296211229804669],[-121.87972286614162,47.296217173909547]]]},"properties":{"OBJECTID":48,"HAZARD":"COL","EDIT_DATE":709948800000,"Shape.STArea()":319099.34043749998,"Shape.STLength()":2570.019990991701}},{"type":"Feature","id":49,"geometry":{"type":"Polygon","coordinates":[[[-121.87483563852153,47.296383021834963],[-121.87510396335465,47.296525798943179],[-121.87546169844639,47.296883187803957],[-121.8757460852123,47.297174597607906],[-121.87627416186339,47.297383112451293],[-121.87660549361259,47.297046894189648],[-121.87635133765835,47.296326087490833],[-121.87574837541101,47.295468048081666],[-121.87513073961308,47.294934839863842],[-121.87492162403129,47.295336971672278],[-121.87490738928153,47.296014093464535],[-121.87483563852153,47.296383021834963]]]},"properties":{"OBJECTID":49,"HAZARD":"COL","EDIT_DATE":709948800000,"Shape.STArea()":207861.77050000001,"Shape.STLength()":2072.3021150033292}},{"type":"Feature","id":50,"geometry":{"type":"Polygon","coordinates":[[[-121.9205208045224,47.296316894536062],[-121.92091511874855,47.295655642458506],[-121.92149726858148,47.295258339066564],[-121.92254064780951,47.294827203318462],[-121.92321999583847,47.294429703335624],[-121.9234282970457,47.293812819114777],[-121.92336052998348,47.29314682030126],[-121.92298479113187,47.292519905896555],[-121.92235219376464,47.292306228809231],[-121.92177677175462,47.292395283968908],[-121.92154475821059,47.29308376610647],[-121.92143473188946,47.293849170043998],[-121.92072291002827,47.29423568368076],[-121.9202533823442,47.294379575758498],[-121.91991172808027,47.294082895493283],[-121.92014473947233,47.293708163902693],[-121.92025674496335,47.293207043450082],[-121.92031159524022,47.292816095198951],[-121.92032437345564,47.292072875692355],[-121.92055660574189,47.291345858954664],[-121.92063554355465,47.290756697928572],[-121.92010706105012,47.290509857995822],[-121.91924861825477,47.290698438665942],[-121.9189340141382,47.291073285347814],[-121.91876035642917,47.292075473185591],[-121.91897522006043,47.293060478500834],[-121.91871934284285,47.293936200377452],[-121.91856867879882,47.294663094041724],[-121.91876537935109,47.295136191186465],[-121.91938156023124,47.295261816975582],[-121.92007253683303,47.295690045146031],[-121.92026078479542,47.296119139385013],[-121.9205208045224,47.296316894536062]]]},"properties":{"OBJECTID":50,"HAZARD":"COL","EDIT_DATE":709948800000,"Shape.STArea()":1223289.4326249999,"Shape.STLength()":6993.9246299576898}},{"type":"Feature","id":51,"geometry":{"type":"Polygon","coordinates":[[[-121.91736420191589,47.295441237246592],[-121.91725586967419,47.294758811837418],[-121.91709767609515,47.293784696187586],[-121.91711067411119,47.292903875664372],[-121.91704931517876,47.291935130002173],[-121.91733897311101,47.291400670723718],[-121.91738548262758,47.29080055456717],[-121.91680066658463,47.290581291997555],[-121.9160067977233,47.290775247438816],[-121.9156363264679,47.291348367357855],[-121.9154269996685,47.29165149260902],[-121.914941329345,47.291696277192351],[-121.91433589875945,47.292308310119289],[-121.91454059413829,47.292902511511279],[-121.91494980550068,47.293837729293394],[-121.9151319919045,47.294707196248844],[-121.91545891999654,47.295389267855903],[-121.91617221810661,47.295388138840224],[-121.91687830745302,47.295574176169879],[-121.91736420191589,47.295441237246592]]]},"properties":{"OBJECTID":51,"HAZARD":"COL","EDIT_DATE":709948800000,"Shape.STArea()":928537.49281249999,"Shape.STLength()":4481.6927050518243}},{"type":"Feature","id":52,"geometry":{"type":"Polygon","coordinates":[[[-121.90122639341396,47.289493389316505],[-121.90210282517417,47.28973983374776],[-121.9037480392609,47.289770415293489],[-121.90461416540479,47.289389273205053],[-121.9051217832898,47.288694874278079],[-121.9054838798593,47.287978679510111],[-121.90590893164436,47.286943094293044],[-121.90663401307089,47.285802464986858],[-121.90626704439005,47.285247039580177],[-121.90598952839566,47.28482909598214],[-121.90537233305959,47.284351076733877],[-121.90452137438521,47.284484508820917],[-121.9038278427365,47.285272726991153],[-121.90365357760895,47.286258378190652],[-121.90325301010554,47.287409519889245],[-121.90222677685422,47.288236794261273],[-121.90122473889964,47.28899243869315],[-121.90115352605565,47.289476985372183],[-121.90122639341396,47.289493389316505]]]},"properties":{"OBJECTID":52,"HAZARD":"COL","EDIT_DATE":709948800000,"Shape.STArea()":1304153.6570625,"Shape.STLength()":5234.3706331745789}},{"type":"Feature","id":53,"geometry":{"type":"Polygon","coordinates":[[[-121.99514927777506,47.287207123663542],[-121.99526498600999,47.287586680222226],[-121.99567875745042,47.287756380475308],[-121.99630955186063,47.287446630092219],[-121.99721329144093,47.286794942211529],[-121.99766085922506,47.285698421412761],[-121.99823774773567,47.284552048145521],[-121.99860172801729,47.282960273116778],[-121.99826900880802,47.281474701214819],[-121.99821424666797,47.28046192033927],[-121.99787772001177,47.279664488438641],[-121.99671804214,47.279535073440563],[-121.99573846056983,47.279691468124923],[-121.99533201519145,47.279395144103603],[-121.99593679455327,47.278870772789581],[-121.99643591833465,47.278374157004102],[-121.99608304463646,47.277609808976827],[-121.99638182102942,47.277366893724164],[-121.99672687976147,47.276804580679098],[-121.99665739113564,47.276034083104996],[-121.99625095333971,47.275759737971512],[-121.99516705531508,47.276136587196589],[-121.99440309632483,47.277134772372101],[-121.99358262832818,47.278243139995269],[-121.99303114088089,47.279560095584465],[-121.99251447659323,47.279880546682726],[-121.99233158325438,47.280514036040046],[-121.99235314859084,47.281488387406284],[-121.9931084881715,47.281756386140124],[-121.99324967933339,47.282378113585736],[-121.99263600275262,47.28275388014886],[-121.99216107970344,47.283277908765548],[-121.99230657664823,47.284708888882811],[-121.99236128580743,47.285815257425959],[-121.99259232449366,47.286513841036786],[-121.99304150348389,47.287145906581912],[-121.99359287362682,47.287161135290738],[-121.99449215247604,47.287170091822766],[-121.99514927777506,47.287207123663542]]]},"properties":{"OBJECTID":53,"HAZARD":"COL","EDIT_DATE":709948800000,"Shape.STArea()":4602382.8751875004,"Shape.STLength()":10920.116466587875}},{"type":"Feature","id":54,"geometry":{"type":"Polygon","coordinates":[[[-121.92070306006481,47.285785616991738],[-121.92053863544353,47.285240906271305],[-121.9157742329852,47.285446828474932],[-121.91559180500273,47.282468973105267],[-121.91492477396685,47.281897512199244],[-121.91445573086354,47.282035870944505],[-121.9140771944576,47.282801691767332],[-121.91377915601593,47.28314897024859],[-121.91191514427396,47.283195939078553],[-121.9107906998085,47.283572057377839],[-121.91060680459566,47.284205392454318],[-121.91008920046713,47.284530997945872],[-121.90941104479117,47.285132088349556],[-121.90950320017055,47.285842071706725],[-121.90959508154421,47.286563106846458],[-121.90975987142573,47.287228936890941],[-121.91057848745344,47.287211140447859],[-121.91197990134236,47.286999777494209],[-121.9132111098546,47.286937261875636],[-121.9141912510118,47.286814610075709],[-121.91538180129628,47.286515427952537],[-121.91567141456193,47.286052538282085],[-121.92070306006481,47.285785616991738]]]},"properties":{"OBJECTID":54,"HAZARD":"COL","EDIT_DATE":709948800000,"Shape.STArea()":2326442.8353125001,"Shape.STLength()":8405.1486784522967}},{"type":"Feature","id":55,"geometry":{"type":"Polygon","coordinates":[[[-121.87955766485132,47.28353951112333],[-121.88010015212174,47.283467233832326],[-121.88073159252336,47.283284760154444],[-121.88118397494844,47.282887817966518],[-121.88114025673713,47.282062129348503],[-121.88075704658191,47.281258906767334],[-121.88048818946464,47.280884903971192],[-121.87964492769848,47.28074838290717],[-121.87870599631923,47.281041350048923],[-121.87888633579199,47.281674176589682],[-121.87927770616237,47.282433374593893],[-121.8793123541966,47.283033364323707],[-121.87955766485132,47.28353951112333]]]},"properties":{"OBJECTID":55,"HAZARD":"COL","EDIT_DATE":709948800000,"Shape.STArea()":436097.44312499999,"Shape.STLength()":2665.6336915135403}},{"type":"Feature","id":56,"geometry":{"type":"Polygon","coordinates":[[[-121.92332746348042,47.277936690752924],[-121.9233572267276,47.277237518099113],[-121.92373545648456,47.276658876493443],[-121.9245990100013,47.276002337924041],[-121.92438731675382,47.275606335151416],[-121.9228637768216,47.275570348055709],[-121.92121977047253,47.275892394313267],[-121.91999715771283,47.276065058099661],[-121.91869407426761,47.276364472078932],[-121.91713193496415,47.276702786482531],[-121.91639593348498,47.277127868442101],[-121.91552264065483,47.277635719271785],[-121.91502261065654,47.278198038378477],[-121.91482194103858,47.278649753182414],[-121.9150355235175,47.279188904043842],[-121.91581426523231,47.27944088852022],[-121.91683420482374,47.279301614115738],[-121.91748809414392,47.278728042968169],[-121.91828917576946,47.278429458391905],[-121.91942324061337,47.278306521933203],[-121.91965184684865,47.278669448559548],[-121.92003400799467,47.278933054749849],[-121.92038357585309,47.279251783113111],[-121.92009544495738,47.280122035803238],[-121.92004244492961,47.280892800815614],[-121.92061976230065,47.281458859837123],[-121.92147124644339,47.281573063453102],[-121.92239332806925,47.2811586451772],[-121.9231204543493,47.280645468216477],[-121.92369224393966,47.27980777236607],[-121.92400501781398,47.279108118274337],[-121.92471448227067,47.278281193787244],[-121.92414622950704,47.277957369504378],[-121.92332746348042,47.277936690752924]]]},"properties":{"OBJECTID":56,"HAZARD":"COL","EDIT_DATE":709948800000,"Shape.STArea()":2805493.3393124999,"Shape.STLength()":8584.5580616969164}},{"type":"Feature","id":57,"geometry":{"type":"Polygon","coordinates":[[[-122.02052469969399,47.277793203056873],[-122.02121169502158,47.277730403539628],[-122.02185832790686,47.277442489855616],[-122.02232656723476,47.27714952817432],[-122.02254167796626,47.27659847998882],[-122.02231040846725,47.275905459603933],[-122.02216071461359,47.275234203666479],[-122.02172277105882,47.275152761957791],[-122.02075933102968,47.27532586990872],[-122.01986291989445,47.275790546443901],[-122.01975460204771,47.276633113629622],[-122.0200423644592,47.277331476553918],[-122.02043392059666,47.277787411351277],[-122.02052469969399,47.277793203056873]]]},"properties":{"OBJECTID":57,"HAZARD":"COL","EDIT_DATE":709948800000,"Shape.STArea()":502765.27762499999,"Shape.STLength()":2664.8282306282367}},{"type":"Feature","id":58,"geometry":{"type":"Polygon","coordinates":[[[-122.00021283186328,47.277307246154926],[-122.00073948166953,47.277053914695031],[-122.00113549305722,47.276904341018877],[-122.00149753199668,47.276496122926915],[-122.00184506045048,47.276363174745548],[-122.00241982536993,47.27621316376721],[-122.00304867918896,47.275666677196],[-122.00269757494431,47.275210633055643],[-122.00239646365141,47.274963603298843],[-122.00177947653529,47.274777927650966],[-122.00092862650925,47.274763412251481],[-122.00015101014129,47.27480378459537],[-121.9996844840193,47.275426932215261],[-121.99960802601342,47.276131757529555],[-121.99961107181657,47.276720780805476],[-121.99981567469732,47.277089109199501],[-122.0001252364833,47.27730857781652],[-122.00021283186328,47.277307246154926]]]},"properties":{"OBJECTID":58,"HAZARD":"COL","EDIT_DATE":709948800000,"Shape.STArea()":525438.52418750001,"Shape.STLength()":2832.8302293659285}},{"type":"Feature","id":59,"geometry":{"type":"Polygon","coordinates":[[[-121.94491374224567,47.274202901541138],[-121.94458763339163,47.27411721417689],[-121.94432664123474,47.273896499225394],[-121.94427854205969,47.273765474828807],[-121.94405760917226,47.2733915543024],[-121.94317464589663,47.273332624495431],[-121.94169246416241,47.273583083244034],[-121.94053500679483,47.273783368614012],[-121.93897308653456,47.274122028523088],[-121.93801802677187,47.274465042552713],[-121.93763997111945,47.275043753751731],[-121.93778777416378,47.275390317146069],[-121.93850045052908,47.275372515270355],[-121.93955383420777,47.275321046814597],[-121.94033991492455,47.27544073758127],[-121.941168696582,47.275841074812803],[-121.94176108190472,47.276087701852092],[-121.94256402962493,47.276218351700543],[-121.94346314801915,47.276205672684533],[-121.94416042012581,47.276220884716054],[-121.94445074515382,47.275901083110938],[-121.94482087191813,47.275355371231186],[-121.94497567870518,47.275199261255239],[-121.94543369096434,47.274737699362092],[-121.94525301969112,47.274292121449506],[-121.94502615910122,47.274232449031615],[-121.94491374224567,47.274202901541138]]]},"properties":{"OBJECTID":59,"HAZARD":"COL","EDIT_DATE":709948800000,"Shape.STArea()":1304686.5061875,"Shape.STLength()":4872.427828644355}},{"type":"Feature","id":60,"geometry":{"type":"Polygon","coordinates":[[[-121.92012340131768,47.271010245742438],[-121.9201287425372,47.270758061614977],[-121.92034401766516,47.269970506594156],[-121.92104675116251,47.269380314524376],[-121.92078547302275,47.268945841913357],[-121.91904532638765,47.269405614754163],[-121.91798484085695,47.269644087345249],[-121.91613975623588,47.270120477050668],[-121.914651183535,47.270623824701659],[-121.91310596191043,47.271116211169009],[-121.91251721421972,47.27179426429376],[-121.91250364928257,47.272504436676442],[-121.91184823037926,47.272709145546749],[-121.9105263352258,47.272336855080582],[-121.90943267172831,47.272509204557522],[-121.90850231754715,47.272714347133274],[-121.90768312788532,47.272644058045664],[-121.9064744957624,47.272244041181338],[-121.90525012134106,47.271959634229525],[-121.90477420433103,47.272521873280667],[-121.9049716450168,47.273385853726346],[-121.90534656641758,47.273891726518485],[-121.90626343805694,47.274182113877266],[-121.9069759175717,47.274032372082281],[-121.90745335591266,47.273888524605582],[-121.90824084908741,47.274278161131036],[-121.90894627620533,47.274398194467068],[-121.91032230462348,47.274021687359571],[-121.91156865533944,47.273755512797855],[-121.9126615797145,47.273473052857177],[-121.91326728060736,47.272932590012609],[-121.91416436001744,47.272457728507334],[-121.91579993903453,47.272218415857999],[-121.91701469485446,47.272034779028488],[-121.9179940733314,47.271840534194176],[-121.91938812430661,47.271805217632107],[-121.92076535102014,47.271808473863757],[-121.92151703239371,47.271537475488685],[-121.92157995404267,47.271003388191232],[-121.92107729622475,47.270899627992563],[-121.92012340131768,47.271010245742438]]]},"properties":{"OBJECTID":60,"HAZARD":"COL","EDIT_DATE":709948800000,"Shape.STArea()":2672018.8811875,"Shape.STLength()":11067.692738021682}},{"type":"Feature","id":61,"geometry":{"type":"Polygon","coordinates":[[[-121.92129331813406,47.274075628293758],[-121.92206995428404,47.273744029739163],[-121.92269275291683,47.273473239293551],[-121.92344336344824,47.272811414724572],[-121.92347392981523,47.272392961087021],[-121.92272775746649,47.272251093208212],[-121.9217892883911,47.272571960645635],[-121.92099717020167,47.273030193620549],[-121.92041567406341,47.273471527598652],[-121.92041667345201,47.273713755913441],[-121.92070919749547,47.273905927089181],[-121.92129331813406,47.274075628293758]]]},"properties":{"OBJECTID":61,"HAZARD":"COL","EDIT_DATE":709948800000,"Shape.STArea()":277691.30456249998,"Shape.STLength()":2143.257427862748}},{"type":"Feature","id":62,"geometry":{"type":"Polygon","coordinates":[[[-121.92339857415861,47.270223944943375],[-121.92352883572113,47.270361917090476],[-121.92423298208257,47.269986062277802],[-121.92497760241088,47.269885696853578],[-121.92560788508939,47.269493797245254],[-121.92590525483821,47.26902536291211],[-121.92696466311463,47.268544631741818],[-121.92786947112592,47.267943061939846],[-121.92853054859498,47.267292328894897],[-121.92852010319338,47.266648272129679],[-121.92805685988837,47.266357314650499],[-121.92730302276719,47.266182456443183],[-121.92652490261879,47.266194781727513],[-121.92585992870855,47.265959188766196],[-121.92472647181306,47.266170305950034],[-121.92409913153338,47.267233813072323],[-121.92357542460105,47.267834743012813],[-121.92292295323129,47.268611996109158],[-121.92204256549604,47.269301607352624],[-121.92215747554079,47.269670229394407],[-121.92319623594831,47.270009791923727],[-121.92339857415861,47.270223944943375]]]},"properties":{"OBJECTID":62,"HAZARD":"COL","EDIT_DATE":709948800000,"Shape.STArea()":1356789.2251875,"Shape.STLength()":4896.8145848364002}},{"type":"Feature","id":63,"geometry":{"type":"Polygon","coordinates":[[[-121.97459786095882,47.266108179374811],[-121.97547482244107,47.266403570619453],[-121.9760814665176,47.26630871920387],[-121.97649348050936,47.266131671638689],[-121.9764345311773,47.265691400314815],[-121.97635846002512,47.265135550327692],[-121.97621831524053,47.264711971985577],[-121.97575501392647,47.264360653548913],[-121.97500287387041,47.264477859685776],[-121.97468935485834,47.264946439835597],[-121.97463635820702,47.265656704902298],[-121.97459786095882,47.266108179374811]]]},"properties":{"OBJECTID":63,"HAZARD":"COL","EDIT_DATE":709948800000,"Shape.STArea()":275721.8295625,"Shape.STLength()":2017.754471550694}},{"type":"Feature","id":64,"geometry":{"type":"Polygon","coordinates":[[[-121.92454505911115,47.262779050990048],[-121.92462252780636,47.262751913922123],[-121.92527013909422,47.262712287618115],[-121.925731499183,47.262601393095188],[-121.92619970114731,47.262215253332528],[-121.92625283814418,47.261383908265067],[-121.92612125127349,47.260916214593749],[-121.9259492353637,47.260465104306583],[-121.9253249096485,47.260268013128844],[-121.92475090751827,47.260577248035609],[-121.92447905569418,47.261326373258228],[-121.92428714550172,47.261998303146136],[-121.92379555223016,47.262615673705817],[-121.92405564822661,47.26282442882075],[-121.92454505911115,47.262779050990048]]]},"properties":{"OBJECTID":64,"HAZARD":"COL","EDIT_DATE":709948800000,"Shape.STArea()":367549.4634375,"Shape.STLength()":2496.9471893697178}},{"type":"Feature","id":65,"geometry":{"type":"Polygon","coordinates":[[[-121.99295117680472,47.261052613238355],[-121.99395366811235,47.260764056425515],[-121.99487506992763,47.260338078264525],[-121.99576440844201,47.260033230196633],[-121.99667650521152,47.259552176533361],[-121.99709549293276,47.259105302854486],[-121.99688224867067,47.258615865345995],[-121.99614990027634,47.258122148216131],[-121.9954212476004,47.258134826748261],[-121.99475794306079,47.258279481532007],[-121.99345861508191,47.259119233456211],[-121.99239287858725,47.259710673813949],[-121.99183598044223,47.260069791753729],[-121.99295117680472,47.261052613238355]]]},"properties":{"OBJECTID":65,"HAZARD":"COL","EDIT_DATE":709948800000,"Shape.STArea()":734075.0305625,"Shape.STLength()":3500.012715291628}},{"type":"Feature","id":66,"geometry":{"type":"Polygon","coordinates":[[[-121.92605702005841,47.25848855629561],[-121.92625563757454,47.25828462486475],[-121.9264721948939,47.257854885644527],[-121.92674527434772,47.257287402739564],[-121.92595024274964,47.257013528330887],[-121.92521379752729,47.257207444908872],[-121.92466456360555,47.257544156549905],[-121.92529910360847,47.258088069615063],[-121.92563185568335,47.258329724385099],[-121.92605702005841,47.25848855629561]]]},"properties":{"OBJECTID":66,"HAZARD":"COL","EDIT_DATE":709948800000,"Shape.STArea()":160778.96031250001,"Shape.STLength()":1568.3436714295074}},{"type":"Feature","id":67,"geometry":{"type":"Polygon","coordinates":[[[-121.97510867504005,47.256974386853592],[-121.97564169083668,47.256786073604424],[-121.97645267585462,47.256971533320034],[-121.97707666746859,47.257030743386771],[-121.97752981392854,47.256919658725892],[-121.97772845301144,47.256242124007635],[-121.97783881204309,47.255625330092251],[-121.97803823950785,47.255030363227796],[-121.97779439083789,47.254882271552873],[-121.97736428137817,47.254756584230186],[-121.97738686431555,47.254453755604651],[-121.97663291386779,47.254273722288929],[-121.97601759067976,47.254379635523293],[-121.97545050931301,47.254320272587805],[-121.97521004117647,47.254788713925393],[-121.97517466093073,47.255752158746787],[-121.97496024488906,47.256561836368249],[-121.97510867504005,47.256974386853592]]]},"properties":{"OBJECTID":67,"HAZARD":"COL","EDIT_DATE":709948800000,"Shape.STArea()":598439.64225000003,"Shape.STLength()":3133.075698904076}}]}